#
# A fatal error has been detected by the Java Runtime Environment:
#
#  SIGSEGV (0xb) at pc=0x00007c5e0064da5c, pid=5007, tid=5267
#
# JRE version: OpenJDK Runtime Environment (21.0.12.1+1) (build 21.0.12.1+1-1-24.04.4-Ubuntu)
# Java VM: OpenJDK 64-Bit Server VM (21.0.12.1+1-1-24.04.4-Ubuntu, mixed mode, sharing, tiered, compressed oops, compressed class ptrs, g1 gc, linux-amd64)
# Problematic frame:
# J 8405 c2 org.eclipse.jdt.internal.core.index.DiskIndex.addQueryResults([[C[CILorg/eclipse/jdt/internal/core/index/MemoryIndex;)Lorg/eclipse/jdt/internal/compiler/util/HashtableOfObject; (727 bytes) @ 0x00007c5e0064da5c [0x00007c5e0064d8a0+0x00000000000001bc]
#
# Core dump will be written. Default location: Determined by the following: "/usr/lib/systemd/systemd-coredump %P %u %g %s %t 9223372036854775808 %h %d" (alternatively, falling back to /home/dan/Documentos/Estudos-Java/core.5007)
#
# If you would like to submit a bug report, please visit:
#   https://bugs.launchpad.net/ubuntu/+source/openjdk-21
#

---------------  S U M M A R Y ------------

Command Line: --add-modules=ALL-SYSTEM --add-opens=java.base/java.util=ALL-UNNAMED --add-opens=java.base/java.lang=ALL-UNNAMED --add-opens=java.base/sun.nio.fs=ALL-UNNAMED -Declipse.application=org.eclipse.jdt.ls.core.id1 -Dosgi.bundles.defaultStartLevel=4 -Declipse.product=org.eclipse.jdt.ls.core.product -Djava.import.generatesMetadataFilesAtProjectRoot=false -Dm2e.project.cache.size=50 -DDetectVMInstallationsJob.disabled=true -Dfile.encoding=utf8 -Xlog:disable -Xmx1G -javaagent:/home/dan/.vscode/extensions/redhat.java-1.56.0-linux-x64/lombok/lombok-1.18.39-4050.jar -XX:+HeapDumpOnOutOfMemoryError -XX:HeapDumpPath=/home/dan/.config/Code/User/workspaceStorage/bf427f17b0473f652d9fdfa36f8c12e8/redhat.java -Daether.dependencyCollector.impl=bf /home/dan/.vscode/extensions/redhat.java-1.56.0-linux-x64/server/plugins/org.eclipse.equinox.launcher_1.8.0.v20260804-1928.jar -configuration /home/dan/.config/Code/User/globalStorage/redhat.java/1.56.0/config_linux -data /home/dan/.config/Code/User/workspaceStorage/bf427f17b0473f652d9fdfa36f8c12e8/redhat.java/jdt_ws --stdio

Host: Intel(R) Core(TM) i5-3230M CPU @ 2.60GHz, 4 cores, 7G, Linux Mint 22.3 Zena
Time: Tue Sep 29 15:44:14 2026 -03 elapsed time: 124.114179 seconds (0d 0h 2m 4s)

---------------  T H R E A D  ---------------

Current thread (0x00007c5d30041730):  JavaThread "PatternSearchJob-worker-1" daemon [_thread_in_Java, id=5267, stack(0x00007c5de9900000,0x00007c5de9a00000) (1024K)]

Stack: [0x00007c5de9900000,0x00007c5de9a00000],  sp=0x00007c5de99fe180,  free space=1016k
Native frames: (J=compiled Java code, j=interpreted, Vv=VM code, C=native code)
J 8405 c2 org.eclipse.jdt.internal.core.index.DiskIndex.addQueryResults([[C[CILorg/eclipse/jdt/internal/core/index/MemoryIndex;)Lorg/eclipse/jdt/internal/compiler/util/HashtableOfObject; (727 bytes) @ 0x00007c5e0064da5c [0x00007c5e0064d8a0+0x00000000000001bc]
J 11374 c1 org.eclipse.jdt.internal.core.index.Index.query([[C[CI)[Lorg/eclipse/jdt/internal/core/index/EntryResult; (203 bytes) @ 0x00007c5df9d7b98c [0x00007c5df9d7b080+0x000000000000090c]
J 13538 c1 org.eclipse.jdt.internal.core.search.matching.TypeDeclarationPattern.queryIn(Lorg/eclipse/jdt/internal/core/index/Index;)[Lorg/eclipse/jdt/internal/core/index/EntryResult; (305 bytes) @ 0x00007c5dfa2da5e4 [0x00007c5dfa2d9fa0+0x0000000000000644]
J 13536 c1 org.eclipse.jdt.core.search.SearchPattern.findIndexMatches(Lorg/eclipse/jdt/internal/core/index/Index;Lorg/eclipse/jdt/internal/core/search/IndexQueryRequestor;Lorg/eclipse/jdt/core/search/SearchParticipant;Lorg/eclipse/jdt/core/search/IJavaSearchScope;ZLorg/eclipse/core/runtime/IProgressMonitor;)V (245 bytes) @ 0x00007c5dfa2d6d84 [0x00007c5dfa2d6940+0x0000000000000444]
J 13535 c1 org.eclipse.jdt.core.search.SearchPattern.findIndexMatches(Lorg/eclipse/jdt/internal/core/index/Index;Lorg/eclipse/jdt/internal/core/search/IndexQueryRequestor;Lorg/eclipse/jdt/core/search/SearchParticipant;Lorg/eclipse/jdt/core/search/IJavaSearchScope;Lorg/eclipse/core/runtime/IProgressMonitor;)V (13 bytes) @ 0x00007c5dfa2dabcc [0x00007c5dfa2daac0+0x000000000000010c]
J 13564 c1 org.eclipse.jdt.internal.core.search.matching.MatchLocator.findIndexMatches(Lorg/eclipse/jdt/core/search/SearchPattern;Lorg/eclipse/jdt/internal/core/index/Index;Lorg/eclipse/jdt/internal/core/search/IndexQueryRequestor;Lorg/eclipse/jdt/core/search/SearchParticipant;Lorg/eclipse/jdt/core/search/IJavaSearchScope;Lorg/eclipse/core/runtime/IProgressMonitor;)V (12 bytes) @ 0x00007c5dfa2e681c [0x00007c5dfa2e6740+0x00000000000000dc]
J 13094 c1 org.eclipse.jdt.internal.core.search.PatternSearchJob.search(Lorg/eclipse/jdt/internal/core/index/Index;Lorg/eclipse/jdt/internal/core/search/IndexQueryRequestor;Lorg/eclipse/core/runtime/IProgressMonitor;Z)Z (246 bytes) @ 0x00007c5dfa145454 [0x00007c5dfa144da0+0x00000000000006b4]
J 13091 c1 org.eclipse.jdt.internal.core.search.PatternSearchJob.search(Lorg/eclipse/jdt/internal/core/index/Index;Lorg/eclipse/core/runtime/IProgressMonitor;Z)Lorg/eclipse/jdt/internal/core/search/PatternSearchJob$IndexResult; (36 bytes) @ 0x00007c5dfa1437cc [0x00007c5dfa143420+0x00000000000003ac]
J 13089 c1 org.eclipse.jdt.internal.core.search.PatternSearchJob$$Lambda+0x00007c5d9c535328.call()Ljava/lang/Object; (16 bytes) @ 0x00007c5dfa142c94 [0x00007c5dfa142bc0+0x00000000000000d4]
J 13088 c1 java.util.concurrent.ForkJoinTask$AdaptedCallable.exec()Z java.base@21.0.12.1 (28 bytes) @ 0x00007c5dfa142674 [0x00007c5dfa142560+0x0000000000000114]
J 14556 c1 java.util.concurrent.ForkJoinTask.doExec()I java.base@21.0.12.1 (37 bytes) @ 0x00007c5dfa65d944 [0x00007c5dfa65d800+0x0000000000000144]
J 12431 c1 java.util.concurrent.ForkJoinPool$WorkQueue.topLevelExec(Ljava/util/concurrent/ForkJoinTask;Ljava/util/concurrent/ForkJoinPool$WorkQueue;)V java.base@21.0.12.1 (83 bytes) @ 0x00007c5df9f6d784 [0x00007c5df9f6d6a0+0x00000000000000e4]
J 14972 c1 java.util.concurrent.ForkJoinPool.scan(Ljava/util/concurrent/ForkJoinPool$WorkQueue;II)I java.base@21.0.12.1 (263 bytes) @ 0x00007c5dfa7919fc [0x00007c5dfa791420+0x00000000000005dc]
j  java.util.concurrent.ForkJoinPool.runWorker(Ljava/util/concurrent/ForkJoinPool$WorkQueue;)V+35 java.base@21.0.12.1
j  java.util.concurrent.ForkJoinWorkerThread.run()V+31 java.base@21.0.12.1
v  ~StubRoutines::call_stub 0x00007c5dffd37cc6
V  [libjvm.so+0x9199ea]  JavaCalls::call_helper(JavaValue*, methodHandle const&, JavaCallArguments*, JavaThread*)+0x2da
V  [libjvm.so+0x91b1d2]  JavaCalls::call_virtual(JavaValue*, Handle, Klass*, Symbol*, Symbol*, JavaThread*)+0x1a2
V  [libjvm.so+0x9f6513]  thread_entry(JavaThread*, JavaThread*)+0x93
V  [libjvm.so+0x931996]  JavaThread::thread_main_inner()+0x1e6
V  [libjvm.so+0xf96697]  Thread::call_run()+0xa7
V  [libjvm.so+0xd0c7c5]  thread_native_entry(Thread*)+0xd5
C  [libc.so.6+0x9cb84]

siginfo: si_signo: 11 (SIGSEGV), si_code: 1 (SEGV_MAPERR), si_addr: 0x000000000000010c

Registers:
RAX=0x00000000c8d49260, RBX=0x00000000c81452c8, RCX=0x000000000000aa23, RDX=0x0000000000003b54
RSP=0x00007c5de99fe180, RBP=0x0000000000000010, RSI=0x0000000000000000, RDI=0x00000000c816fb68
R8 =0x00000000c81452c8, R9 =0x0000000000000010, R10=0x0000000000000100, R11=0x0000000000000011
R12=0x0000000000000000, R13=0x00000000c8d49228, R14=0x00000000c17577d8, R15=0x00007c5d30041730
RIP=0x00007c5e0064da5c, EFLAGS=0x0000000000010206, CSGSFS=0x002b000000000033, ERR=0x0000000000000004
  TRAPNO=0x000000000000000e

XMM[0]=0x0000000000000000 0x0000000000000000
XMM[1]=0x006c006300650044 0x0065007000790074
XMM[2]=0x0000000000000000 0x00000000c8d489c0
XMM[3]=0x0000000000000000 0x00000000ffffffd8
XMM[4]=0x0000000000000000 0x0000000000000032
XMM[5]=0x0000000000000000 0x00000000c8d489c0
XMM[6]=0x34a534a4345434d8 0x33af3396334e3348
XMM[7]=0x332433233320331f 0x331c331b33143366
XMM[8]=0x32c7309930903077 0x304330413036301b
XMM[9]=0x0000000000000000 0x6569482f68637261
XMM[10]=0x0000000000000000 0x63652f67726f4c28
XMM[11]=0x0000000000000000 0x696e6f4d73736572
XMM[12]=0x0000000000000000 0x0000000000000000
XMM[13]=0x0000000000000000 0x0000000000000000
XMM[14]=0x0000000000000000 0x0000000000000000
XMM[15]=0x0000000000000000 0xcafebabecafebabe
  MXCSR=0x00001fa2


Register to memory mapping:

RAX=0x00000000c8d49260 is an oop: org.eclipse.jdt.internal.compiler.util.HashtableOfObject 
{0x00000000c8d49260} - klass: 'org/eclipse/jdt/internal/compiler/util/HashtableOfObject'
 - ---- fields (total size 4 words):
 - public 'elementSize' 'I' @12  24889 (0x00006139)
 - private 'threshold' 'I' @16  24889 (0x00006139)
 - public 'keyTable' '[[C' @20  a {type array char}[43555] {0x00000000c81452c8} (0xc81452c8)
 - public 'valueTable' '[Ljava/lang/Object;' @24  a 'java/lang/Object'[43555] {0x00000000c816fb68} (0xc816fb68)
RBX=0x00000000c81452c8 is an oop: [[C 
{0x00000000c81452c8} - klass: {type array char}[]
 - length: 43555
RCX=0x000000000000aa23 is an unknown value
RDX=0x0000000000003b54 is an unknown value
RSP=0x00007c5de99fe180 is pointing into the stack for thread: 0x00007c5d30041730
RBP=0x0000000000000010 is an unknown value
RSI=0x0 is null
RDI=0x00000000c816fb68 is an oop: [Ljava.lang.Object; 
{0x00000000c816fb68} - klass: 'java/lang/Object'[]
 - length: 43555
R8 =0x00000000c81452c8 is an oop: [[C 
{0x00000000c81452c8} - klass: {type array char}[]
 - length: 43555
R9 =0x0000000000000010 is an unknown value
R10=0x0000000000000100 is an unknown value
R11=0x0000000000000011 is an unknown value
R12=0x0 is null
R13=0x00000000c8d49228 is an oop: java.io.FileCleanable 
{0x00000000c8d49228} - klass: 'java/io/FileCleanable'
 - ---- fields (total size 7 words):
 - private 'referent' 'Ljava/lang/Object;' @12  null (0x00000000)
 - volatile 'queue' 'Ljava/lang/ref/ReferenceQueue;' @16  a 'java/lang/ref/ReferenceQueue'{0x00000000c03e9278} (0xc03e9278)
 - volatile 'next' 'Ljava/lang/ref/Reference;' @20  null (0x00000000)
 - private transient 'discovered' 'Ljava/lang/ref/Reference;' @24  null (0x00000000)
 - 'prev' 'Ljdk/internal/ref/PhantomCleanable;' @28  a 'java/io/FileCleanable'{0x00000000c8d49228} (0xc8d49228)
 - 'next' 'Ljdk/internal/ref/PhantomCleanable;' @32  a 'java/io/FileCleanable'{0x00000000c8d49228} (0xc8d49228)
 - private final 'list' 'Ljdk/internal/ref/PhantomCleanable;' @36  a 'jdk/internal/ref/CleanerImpl$PhantomCleanableRef'{0x00000000c0419aa0} (0xc0419aa0)
 - private final 'handle' 'J' @40  -1 (0xffffffffffffffff)
 - private final 'fd' 'I' @48  19 (0x00000013)
R14=0x00000000c17577d8 is an oop: org.eclipse.jdt.internal.core.index.DiskIndex 
{0x00000000c17577d8} - klass: 'org/eclipse/jdt/internal/core/index/DiskIndex'
 - ---- fields (total size 11 words):
 - private 'headerInfoOffset' 'I' @12  42794911 (0x028cff9f)
 - private 'numberOfChunks' 'I' @16  279 (0x00000117)
 - private 'sizeOfLastChunk' 'I' @20  45 (0x0000002d)
 - private 'documentReferenceSize' 'I' @24  2 (0x00000002)
 - private 'startOfCategoryTables' 'I' @28  368669 (0x0005a01d)
 - private 'cacheUserCount' 'I' @32  1 (0x00000001)
 - private 'bufferIndex' 'I' @36  1687 (0x00000697)
 - private 'bufferEnd' 'I' @40  2048 (0x00000800)
 - private 'streamEnd' 'I' @44  0 (0x00000000)
 - 'separator' 'C' @48  | 124 (0x007c)
 - 'indexLocation' 'Lorg/eclipse/jdt/internal/core/index/IndexLocation;' @52  a 'org/eclipse/jdt/internal/core/index/FileIndexLocation'{0x00000000c1757830} (0xc1757830)
 - private 'chunkOffsets' '[I' @56  [I{0x00000000c1757f58} (0xc1757f58)
 - private 'categoryOffsets' 'Lorg/eclipse/jdt/internal/compiler/util/HashtableOfIntValues;' @60  a 'org/eclipse/jdt/internal/compiler/util/HashtableOfIntValues'{0x00000000c17583c8} (0xc17583c8)
 - private 'categoryEnds' 'Lorg/eclipse/jdt/internal/compiler/util/HashtableOfIntValues;' @64  a 'org/eclipse/jdt/internal/compiler/util/HashtableOfIntValues'{0x00000000c17584d8} (0xc17584d8)
 - private 'cachedChunks' '[[Ljava/lang/String;' @68  null (0x00000000)
 - private 'categoryTables' 'Lorg/eclipse/jdt/internal/compiler/util/HashtableOfObject;' @72  a 'org/eclipse/jdt/internal/compiler/util/HashtableOfObject'{0x00000000c8d48950} (0xc8d48950)
 - private 'cachedCategoryName' '[C' @76  null (0x00000000)
 - private 'streamBuffer' '[B' @80  null (0x00000000)
R15=0x00007c5d30041730 is a thread

Top of Stack: (sp=0x00007c5de99fe180)
0x00007c5de99fe180:   00000000c8d48918 00000000c81452c8   .........R......
0x00007c5de99fe190:   0000000000000064 0000000000000000   d...............
0x00007c5de99fe1a0:   0000000000000000 00000000c17f6570   ........pe......
0x00007c5de99fe1b0:   00000000c17577d8 0000000000000000   .wu.............
0x00007c5de99fe1c0:   0000001100000001 c81452c800000010   .............R..
0x00007c5de99fe1d0:   c816fb680000aa23 0000000000003b54   #...h...T;......
0x00007c5de99fe1e0:   00007c5de99fe978 00007c5dfa753474   x...]|..t4u.]|..
0x00007c5de99fe1f0:   00007c5de99fe978 00007c5df9d7b98c   x...]|......]|..
0x00007c5de99fe200:   0000000000000020 00007c5e003320b6    ........ 3.^|..
0x00007c5de99fe210:   00000000c8d485e0 00007c5e003b4e0f   .........N;.^|..
0x00007c5de99fe220:   00000000c8d485c8 00000000c8d48548   ........H.......
0x00007c5de99fe230:   00000000c8d48560 0000000000000548   `.......H.......
0x00007c5de99fe240:   00007c5d0000029d 00000000ca1e2a70   ....]|..p*......
0x00007c5de99fe250:   00000000c8efb940 00007c5d00000009   @...........]|..
0x00007c5de99fe260:   00007c5de99fe978 00007c5df9fe3019   x...]|...0..]|..
0x00007c5de99fe270:   00007c5de99fe350 00007c5d30041ed8   P...]|.....0]|..
0x00007c5de99fe280:   00000000c17577c8 00007c5e00000049   .wu.....I...^|..
0x00007c5de99fe290:   00000000c1757748 00000000c17f6570   Hwu.....pe......
0x00007c5de99fe2a0:   00000000c8d48918 00000000c97b5df8   .........]{.....
0x00007c5de99fe2b0:   0000000600000000 00000000c8d48918   ................
0x00007c5de99fe2c0:   0000002f00000009 00000000c0c253b8   ..../....S......
0x00007c5de99fe2d0:   00007c5d30041730 00007c5d9c146a38   0..0]|..8j..]|..
0x00007c5de99fe2e0:   00007c5de99fe978 00007c5dfa2da5e4   x...]|....-.]|..
0x00007c5de99fe2f0:   0000000000000000 00007c5d9c4682d8   ..........F.]|..
0x00007c5de99fe300:   00000000c8d48908 00000000014682d8   ..........F.....
0x00007c5de99fe310:   00000000c17577d8 0000000000000003   .wu.............
0x00007c5de99fe320:   00007c5de99fe350 00007c5dfa2e36fc   P...]|...6..]|..
0x00007c5de99fe330:   00000000c8d488b0 0000000000000049   ........I.......
0x00007c5de99fe340:   00000000c1757748 00007c5de99fe460   Hwu.....`...]|..
0x00007c5de99fe350:   00007c5de99fe978 00007c5dfa2d6d84   x...]|...m-.]|..
0x00007c5de99fe360:   00007c5de99fe460 00000000c17577d8   `...]|...wu.....
0x00007c5de99fe370:   00000000c97cf728 0000000000000002   (.|.............

Instructions: (pc=0x00007c5e0064da5c)
0x00007c5e0064d95c:   24 08 44 8b cd 48 8b 4c 24 38 48 85 c9 0f 84 1b
0x00007c5e0064d96c:   02 00 00 48 8b 6c 24 38 44 8b 44 24 20 41 ff c0
0x00007c5e0064d97c:   44 3b 44 24 40 7d 85 45 33 d2 48 85 c9 41 0f 95
0x00007c5e0064d98c:   c2 44 89 54 24 24 48 89 6c 24 38 48 8b 54 24 28
0x00007c5e0064d99c:   44 89 5c 24 08 41 8b e9 46 8b 5c 82 10 44 89 44
0x00007c5e0064d9ac:   24 20 48 89 54 24 28 49 8b d3 48 8b 74 24 30 33
0x00007c5e0064d9bc:   c9 66 90 e8 9c 6b ff ff 0f 1f 84 00 34 03 00 00
0x00007c5e0064d9cc:   48 85 c0 74 88 44 8b 40 14 41 8b 48 0c 85 c9 0f
0x00007c5e0064d9dc:   86 a7 05 00 00 8b 78 18 44 8b d9 41 ff cb 44 3b
0x00007c5e0064d9ec:   d9 0f 83 ce 05 00 00 44 8b 5c 24 08 45 85 db 0f
0x00007c5e0064d9fc:   86 1f 06 00 00 44 8b cd 3b 6c 24 08 0f 83 12 06
0x00007c5e0064da0c:   00 00 49 8b d8 33 d2 eb 1d 44 8b 5c 24 44 44 8b
0x00007c5e0064da1c:   4c 24 48 44 8b 44 24 4c 8b 4c 24 50 ff c2 3b d1
0x00007c5e0064da2c:   0f 8d 2f ff ff ff 45 8b 54 90 10 45 85 d2 74 ec
0x00007c5e0064da3c:   89 54 24 58 48 89 5c 24 08 89 7c 24 54 89 4c 24
0x00007c5e0064da4c:   50 44 89 44 24 4c 44 89 4c 24 48 44 89 5c 24 44
0x00007c5e0064da5c:   45 8b 42 0c 4c 8b 1c 24 45 0f b7 4b 10 45 85 c0
0x00007c5e0064da6c:   0f 86 9e 03 00 00 41 0f b7 4a 10 44 3b c9 75 99
0x00007c5e0064da7c:   44 3b 44 24 44 0f 8c 81 04 00 00 49 8b ca 44 8b
0x00007c5e0064da8c:   5c 24 48 45 85 db 0f 8c 80 00 00 00 45 8b cb 45
0x00007c5e0064da9c:   3b c8 0f 83 d8 03 00 00 41 8b d3 45 0f b7 4c 52
0x00007c5e0064daac:   10 4c 8b 04 24 45 0f b7 44 50 10 45 3b c1 74 25
0x00007c5e0064dabc:   44 8b 5c 24 44 44 8b 4c 24 48 44 8b 44 24 4c 8b
0x00007c5e0064dacc:   4c 24 50 8b 7c 24 54 48 8b 5c 24 08 8b 54 24 58
0x00007c5e0064dadc:   e9 47 ff ff ff 45 8b c3 41 ff c0 41 81 f8 e8 03
0x00007c5e0064daec:   00 00 41 b9 e8 03 00 00 45 0f 47 c1 41 8b db 41
0x00007c5e0064dafc:   2b d8 ff ca 3b d3 7f a3 4d 8b 9f 58 04 00 00 41
0x00007c5e0064db0c:   85 03 83 fa ff 7e 05 44 8b da eb 8c 44 8b 44 24
0x00007c5e0064db1c:   54 45 8b 58 0c 44 8b 44 24 58 45 3b c3 0f 83 e9
0x00007c5e0064db2c:   05 00 00 44 8b 5c 24 54 47 8b 54 83 10 49 8b eb
0x00007c5e0064db3c:   4d 8b c2 48 8b 74 24 30 48 8b 54 24 38 4c 8b 4c
0x00007c5e0064db4c:   24 18 8b 7c 24 24 90 e8 a8 5e d1 f9 0f 1f 84 00


Stack slot to memory mapping:

stack at sp + 0 slots: 0x00000000c8d48918 is an oop: [C 
{0x00000000c8d48918} - klass: {type array char}
 - length: 17
stack at sp + 1 slots: 0x00000000c81452c8 is an oop: [[C 
{0x00000000c81452c8} - klass: {type array char}[]
 - length: 43555
stack at sp + 2 slots: 0x0000000000000064 is an unknown value
stack at sp + 3 slots: 0x0 is null
stack at sp + 4 slots: 0x0 is null
stack at sp + 5 slots: 0x00000000c17f6570 is an oop: [[C 
{0x00000000c17f6570} - klass: {type array char}[]
 - length: 1
stack at sp + 6 slots: 0x00000000c17577d8 is an oop: org.eclipse.jdt.internal.core.index.DiskIndex 
{0x00000000c17577d8} - klass: 'org/eclipse/jdt/internal/core/index/DiskIndex'
 - ---- fields (total size 11 words):
 - private 'headerInfoOffset' 'I' @12  42794911 (0x028cff9f)
 - private 'numberOfChunks' 'I' @16  279 (0x00000117)
 - private 'sizeOfLastChunk' 'I' @20  45 (0x0000002d)
 - private 'documentReferenceSize' 'I' @24  2 (0x00000002)
 - private 'startOfCategoryTables' 'I' @28  368669 (0x0005a01d)
 - private 'cacheUserCount' 'I' @32  1 (0x00000001)
 - private 'bufferIndex' 'I' @36  1687 (0x00000697)
 - private 'bufferEnd' 'I' @40  2048 (0x00000800)
 - private 'streamEnd' 'I' @44  0 (0x00000000)
 - 'separator' 'C' @48  | 124 (0x007c)
 - 'indexLocation' 'Lorg/eclipse/jdt/internal/core/index/IndexLocation;' @52  a 'org/eclipse/jdt/internal/core/index/FileIndexLocation'{0x00000000c1757830} (0xc1757830)
 - private 'chunkOffsets' '[I' @56  [I{0x00000000c1757f58} (0xc1757f58)
 - private 'categoryOffsets' 'Lorg/eclipse/jdt/internal/compiler/util/HashtableOfIntValues;' @60  a 'org/eclipse/jdt/internal/compiler/util/HashtableOfIntValues'{0x00000000c17583c8} (0xc17583c8)
 - private 'categoryEnds' 'Lorg/eclipse/jdt/internal/compiler/util/HashtableOfIntValues;' @64  a 'org/eclipse/jdt/internal/compiler/util/HashtableOfIntValues'{0x00000000c17584d8} (0xc17584d8)
 - private 'cachedChunks' '[[Ljava/lang/String;' @68  null (0x00000000)
 - private 'categoryTables' 'Lorg/eclipse/jdt/internal/compiler/util/HashtableOfObject;' @72  a 'org/eclipse/jdt/internal/compiler/util/HashtableOfObject'{0x00000000c8d48950} (0xc8d48950)
 - private 'cachedCategoryName' '[C' @76  null (0x00000000)
 - private 'streamBuffer' '[B' @80  null (0x00000000)
stack at sp + 7 slots: 0x0 is null


Compiled method (c2) 124379 8405       4       org.eclipse.jdt.internal.core.index.DiskIndex::addQueryResults (727 bytes)
 total in heap  [0x00007c5e0064d690,0x00007c5e0064ea28] = 5016
 relocation     [0x00007c5e0064d7e8,0x00007c5e0064d8a0] = 184
 main code      [0x00007c5e0064d8a0,0x00007c5e0064e270] = 2512
 stub code      [0x00007c5e0064e270,0x00007c5e0064e2c0] = 80
 oops           [0x00007c5e0064e2c0,0x00007c5e0064e2d0] = 16
 metadata       [0x00007c5e0064e2d0,0x00007c5e0064e2f8] = 40
 scopes data    [0x00007c5e0064e2f8,0x00007c5e0064e788] = 1168
 scopes pcs     [0x00007c5e0064e788,0x00007c5e0064e938] = 432
 dependencies   [0x00007c5e0064e938,0x00007c5e0064e948] = 16
 handler table  [0x00007c5e0064e948,0x00007c5e0064e9f0] = 168
 nul chk table  [0x00007c5e0064e9f0,0x00007c5e0064ea28] = 56

[Constant Pool (empty)]

[MachCode]
[Entry Point]
  # {method} {0x00007c5d997a1f68} 'addQueryResults' '([[C[CILorg/eclipse/jdt/internal/core/index/MemoryIndex;)Lorg/eclipse/jdt/internal/compiler/util/HashtableOfObject;' in 'org/eclipse/jdt/internal/core/index/DiskIndex'
  # this:     rsi:rsi   = 'org/eclipse/jdt/internal/core/index/DiskIndex'
  # parm0:    rdx:rdx   = '[[C'
  # parm1:    rcx:rcx   = '[C'
  # parm2:    r8        = int
  # parm3:    r9:r9     = 'org/eclipse/jdt/internal/core/index/MemoryIndex'
  #           [sp+0x80]  (sp of caller)
  0x00007c5e0064d8a0: 448b 5608 | 49bb 0000 | 009b 5d7c | 0000 4d03 | d349 3bc2 

  0x00007c5e0064d8b4: ;   {runtime_call ic_miss_stub}
  0x00007c5e0064d8b4: 0f85 c677 | 73ff 6690 | 0f1f 4000 
[Verified Entry Point]
  0x00007c5e0064d8c0: 8984 2400 | c0fe ff55 | 4883 ec70 | 4181 7f20 | 0700 0000 | 0f85 8b09 | 0000 4c89 | 4c24 1833 
  0x00007c5e0064d8e0: c04c 8bce | 443b 663c | 7421 4885 | c90f 849e | 0200 0041 | 83f8 090f | 857f 0700 | 0044 8b52 
  0x00007c5e0064d900: 0c45 85d2 | 7718 33ed | 488b c548 | 83c4 705d 

  0x00007c5e0064d910: ;   {poll_return}
  0x00007c5e0064d910: 493b a750 | 0400 000f | 8732 0900 | 00c3 458b | c241 ffc8 | 453b c20f | 83bb 0700 | 008b 590c 
  0x00007c5e0064d930: 8beb ffcd | 4533 db33 | ff45 33c0 | 4889 7424 | 3048 890c | 2444 8954 | 2440 895c | 2408 4c89 
  0x00007c5e0064d950: 5c24 3889 | 7c24 24eb | 4b44 8b5c | 2408 448b | cd48 8b4c | 2438 4885 | c90f 841b | 0200 0048 
  0x00007c5e0064d970: 8b6c 2438 | 448b 4424 | 2041 ffc0 | 443b 4424 | 407d 8545 | 33d2 4885 | c941 0f95 | c244 8954 
  0x00007c5e0064d990: 2424 4889 | 6c24 3848 | 8b54 2428 | 4489 5c24 | 0841 8be9 | 468b 5c82 | 1044 8944 | 2420 4889 
  0x00007c5e0064d9b0: 5424 2849 | 8bd3 488b | 7424 3033 

  0x00007c5e0064d9bc: ;   {optimized virtual_call}
  0x00007c5e0064d9bc: c966 90e8 

  0x00007c5e0064d9c0: ; ImmutableOopMap {[0]=Oop [24]=Oop [40]=Oop [48]=Oop [56]=Oop }
                      ;*invokevirtual readCategoryTable {reexecute=0 rethrow=0 return_oop=1}
                      ; - org.eclipse.jdt.internal.core.index.DiskIndex::addQueryResults@326 (line 216)
  0x00007c5e0064d9c0: 9c6b ffff 

  0x00007c5e0064d9c4: ;   {other}
  0x00007c5e0064d9c4: 0f1f 8400 | 3403 0000 | 4885 c074 | 8844 8b40 | 1441 8b48 | 0c85 c90f | 86a7 0500 | 008b 7818 
  0x00007c5e0064d9e4: 448b d941 | ffcb 443b | d90f 83ce | 0500 0044 | 8b5c 2408 | 4585 db0f | 861f 0600 | 0044 8bcd 
  0x00007c5e0064da04: 3b6c 2408 | 0f83 1206 | 0000 498b | d833 d2eb | 1d44 8b5c | 2444 448b | 4c24 4844 | 8b44 244c 
  0x00007c5e0064da24: 8b4c 2450 | ffc2 3bd1 | 0f8d 2fff | ffff 458b | 5490 1045 | 85d2 74ec | 8954 2458 | 4889 5c24 
  0x00007c5e0064da44: 0889 7c24 | 5489 4c24 | 5044 8944 | 244c 4489 | 4c24 4844 | 895c 2444 | 458b 420c | 4c8b 1c24 
  0x00007c5e0064da64: 450f b74b | 1045 85c0 | 0f86 9e03 | 0000 410f | b74a 1044 | 3bc9 7599 | 443b 4424 | 440f 8c81 
  0x00007c5e0064da84: 0400 0049 | 8bca 448b | 5c24 4845 | 85db 0f8c | 8000 0000 | 458b cb45 | 3bc8 0f83 | d803 0000 
  0x00007c5e0064daa4: 418b d345 | 0fb7 4c52 | 104c 8b04 | 2445 0fb7 | 4450 1045 | 3bc1 7425 | 448b 5c24 

  0x00007c5e0064dac0: ;   {no_reloc}
  0x00007c5e0064dac0: 4444 8b4c | 2448 448b | 4424 4c8b | 4c24 508b | 7c24 5448 | 8b5c 2408 | 8b54 2458 | e947 ffff 
  0x00007c5e0064dae0: ff45 8bc3 | 41ff c041 | 81f8 e803 | 0000 41b9 | e803 0000 | 450f 47c1 | 418b db41 | 2bd8 ffca 
  0x00007c5e0064db00: 3bd3 7fa3 | 4d8b 9f58 

  0x00007c5e0064db08: ; ImmutableOopMap {r10=NarrowOop rcx=Oop [0]=Oop [8]=Oop [24]=Oop [40]=Oop [48]=Oop [56]=Oop [76]=NarrowOop [84]=NarrowOop }
                      ;*ifge {reexecute=1 rethrow=0 return_oop=0}
                      ; - (reexecute) org.eclipse.jdt.core.compiler.CharOperation::prefixEquals@31 (line 3457)
                      ; - org.eclipse.jdt.internal.core.index.DiskIndex::addQueryResults@386 (line 222)
                      ;   {poll}
  0x00007c5e0064db08: 0400 0041 | 8503 83fa | ff7e 0544 | 8bda eb8c | 448b 4424 | 5445 8b58 | 0c44 8b44 | 2458 453b 
  0x00007c5e0064db28: c30f 83e9 | 0500 0044 | 8b5c 2454 | 478b 5483 | 1049 8beb | 4d8b c248 | 8b74 2430 | 488b 5424 
  0x00007c5e0064db48: 384c 8b4c | 2418 8b7c 

  0x00007c5e0064db50: ;   {optimized virtual_call}
  0x00007c5e0064db50: 2424 90e8 

  0x00007c5e0064db54: ; ImmutableOopMap {rbp=Oop [0]=Oop [8]=Oop [24]=Oop [40]=Oop [48]=Oop [76]=NarrowOop [84]=NarrowOop }
                      ;*invokevirtual addQueryResult {reexecute=0 rethrow=0 return_oop=1}
                      ; - org.eclipse.jdt.internal.core.index.DiskIndex::addQueryResults@406 (line 223)
  0x00007c5e0064db54: a85e d1f9 

  0x00007c5e0064db58: ;   {other}
  0x00007c5e0064db58: 0f1f 8400 | c804 0002 | 4889 4424 | 3844 8b5c | 2444 448b | 4c24 4844 | 8b44 244c | 8b4c 2450 
  0x00007c5e0064db78: 8b7c 2454 | 488b 5c24 | 088b 5424 | 58e9 9efe | ffff 33ed | e9e3 fdff | ff44 8b42 | 0c45 85c0 
  0x00007c5e0064db98: 0f86 6b02 | 0000 458b | d041 ffca | 453b d00f | 83df 0500 | 0045 33db | 33db 4533 | d248 8934 
  0x00007c5e0064dbb8: 2449 8beb | 4489 4424 | 2889 5c24 | 10eb 3348 | 85c0 0f84 | 3202 0000 | 488b e844 | 8b54 2414 
  0x00007c5e0064dbd8: 41ff c244 | 3b54 2428 | 0f8d 5c01 | 0000 4533 | c048 85c0 | 410f 95c0 | 4489 4424 | 1048 8b54 
  0x00007c5e0064dbf8: 2420 468b | 4492 1044 | 8954 2414 | 4889 5424 | 2049 8bd0 | 488b 3424 | b901 0000 

  0x00007c5e0064dc14: ;   {optimized virtual_call}
  0x00007c5e0064dc14: 0066 90e8 

  0x00007c5e0064dc18: ; ImmutableOopMap {rbp=Oop [0]=Oop [24]=Oop [32]=Oop }
                      ;*invokevirtual readCategoryTable {reexecute=0 rethrow=0 return_oop=1}
                      ; - org.eclipse.jdt.internal.core.index.DiskIndex::addQueryResults@43 (line 189)
  0x00007c5e0064dc18: 6477 73ff 

  0x00007c5e0064dc1c: ;   {other}
  0x00007c5e0064dc1c: 0f1f 8400 | 8c05 0003 | 4c8b d848 | 85c0 0f84 | 0101 0000 | 448b 4018 | 448b 4814 | 488b dd48 
  0x00007c5e0064dc3c: 85ed 0f84 | 2d01 0000 

  0x00007c5e0064dc44: ; implicit exception: dispatches to 0x00007c5e0064e1e8
  0x00007c5e0064dc44: 458b 510c | 4585 d20f | 86a6 0100 | 0041 8bca | ffc9 413b | ca0f 8341 | 0400 004d | 8bd8 498b 
  0x00007c5e0064dc64: f948 8bd3 | 33ed eb67 | 0f1f 4000 | 4889 7c24 | 384c 895c | 2430 4489 | 5424 2c44 | 894c 240c 
  0x00007c5e0064dc84: 458b 5ca8 | 1044 8944 | 2408 4d8b | c348 8b34 | 244c 8b4c | 2418 8b7c 

  0x00007c5e0064dc9c: ;   {optimized virtual_call}
  0x00007c5e0064dc9c: 2410 90e8 

  0x00007c5e0064dca0: ; ImmutableOopMap {[0]=Oop [8]=NarrowOop [12]=NarrowOop [24]=Oop [32]=Oop [48]=Oop [56]=Oop }
                      ;*invokevirtual addQueryResult {reexecute=0 rethrow=0 return_oop=1}
                      ; - org.eclipse.jdt.internal.core.index.DiskIndex::addQueryResults@122 (line 197)
  0x00007c5e0064dca0: dc76 73ff 

  0x00007c5e0064dca4: ;   {other}
  0x00007c5e0064dca4: 0f1f 8400 | 1406 0004 | 448b 4424 | 0844 8b4c | 240c 448b | 5424 2c4c | 8b5c 2430 | 488b 7c24 
  0x00007c5e0064dcc4: 38ff c541 | 3bea 0f8d | f7fe ffff | 488b d041 | 8b4c a910 | 85c9 7450 

  0x00007c5e0064dcdc: ; implicit exception: dispatches to 0x00007c5e0064e1ac
  0x00007c5e0064dcdc: 418b 580c | 3beb 728c | bee4 ffff | ff48 ff74 | 2418 488f | 4424 0848 | 8944 24f8 | 8b44 2428 
  0x00007c5e0064dcfc: 8944 2418 | 488b 4424 | f844 894c | 241c 4489 | 5424 2c48 | 8954 2438 | 894c 2440 | 4489 4424 
  0x00007c5e0064dd1c: ;   {runtime_call UncommonTrapBlob}
  0x00007c5e0064dd1c: 4466 90e8 

  0x00007c5e0064dd20: ; ImmutableOopMap {[0]=Oop [8]=Oop [28]=NarrowOop [32]=Oop [56]=Oop [64]=NarrowOop [68]=NarrowOop }
                      ;*aaload {reexecute=0 rethrow=0 return_oop=0}
                      ; - org.eclipse.jdt.internal.core.index.DiskIndex::addQueryResults@117 (line 197)
  0x00007c5e0064dd20: dcd1 73ff 

  0x00007c5e0064dd24: ;   {other}
  0x00007c5e0064dd24: 0f1f 8400 | 9406 0005 | 488b c2eb | 9448 85ed | 0f84 c500 | 0000 488b | c5e9 8efe | ffff 4885 
  0x00007c5e0064dd44: ed0f 84be | 0000 004c | 8b14 2445 | 3b62 440f | 85af fbff | ff48 8b34 

  0x00007c5e0064dd5c: ;   {optimized virtual_call}
  0x00007c5e0064dd5c: 2466 90e8 

  0x00007c5e0064dd60: ; ImmutableOopMap {rbp=Oop }
                      ;*invokevirtual cacheDocumentNames {reexecute=0 rethrow=0 return_oop=0}
                      ; - org.eclipse.jdt.internal.core.index.DiskIndex::addQueryResults@172 (line 202)
  0x00007c5e0064dd60: 1c76 73ff 

  0x00007c5e0064dd64: ;   {other}
  0x00007c5e0064dd64: 0f1f 8400 | d406 0006 | e997 fbff | ff49 8b87 | b801 0000 | 4c8b d049 | 83c2 204d | 3b97 c801 
  0x00007c5e0064dd84: 0000 0f83 | 0902 0000 | 4d89 97b8 | 0100 0041 | 0f18 82c0 | 0000 0048 | c700 0100 

  0x00007c5e0064dda0: ;   {metadata('org/eclipse/jdt/internal/compiler/util/HashtableOfObject')}
  0x00007c5e0064dda0: 0000 c740 | 0860 792f | 0144 8960 | 0c4c 8960 | 104c 8960 | 1849 8beb | 4489 4424 | 0844 894c 
  0x00007c5e0064ddc0: 240c 4c8b | d04c 8954 | 2430 8b55 | 0c48 8b74 

  0x00007c5e0064ddd0: ;   {optimized virtual_call}
  0x00007c5e0064ddd0: 2430 90e8 

  0x00007c5e0064ddd4: ; ImmutableOopMap {[0]=Oop [8]=NarrowOop [12]=NarrowOop [24]=Oop [32]=Oop [48]=Oop }
                      ;*invokespecial <init> {reexecute=0 rethrow=0 return_oop=0}
                      ; - org.eclipse.jdt.internal.core.index.DiskIndex::addQueryResults@81 (line 194)
  0x00007c5e0064ddd4: a875 73ff 

  0x00007c5e0064ddd8: ;   {other}
  0x00007c5e0064ddd8: 0f1f 8400 | 4807 0007 | 4c8b 5424 | 3049 8bda | 448b 4424 | 0844 8b4c | 240c e94d | feff ff48 
  0x00007c5e0064ddf8: 8bc3 e9d1 | fdff ff48 | 8bc5 33ed | e9ca fdff | ff33 ede9 | f8fa ffff | bee4 ffff | ff48 8b6c 
  0x00007c5e0064de18: 2430 48ff | 7424 1848 | 8f44 2408 | 48ff 7424 | 3848 8f44 | 2410 4889 | 4424 f88b | 4424 2489 
  0x00007c5e0064de38: 4424 1848 | 8b44 24f8 | 4889 4424 | f88b 4424 | 2089 4424 | 1c48 8b44 | 24f8 4889 | 4424 f88b 
  0x00007c5e0064de58: 4424 4089 | 4424 2048 | 8b44 24f8 | 4489 4c24 | 3c44 8954 

  0x00007c5e0064de6c: ;   {runtime_call UncommonTrapBlob}
  0x00007c5e0064de6c: 2440 90e8 

  0x00007c5e0064de70: ; ImmutableOopMap {rbp=Oop [0]=Oop [8]=Oop [16]=Oop [40]=Oop [64]=NarrowOop [76]=NarrowOop [84]=NarrowOop }
                      ;*caload {reexecute=0 rethrow=0 return_oop=0}
                      ; - org.eclipse.jdt.internal.core.index.DiskIndex::addQueryResults@379 (line 222)
  0x00007c5e0064de70: 8cd0 73ff 

  0x00007c5e0064de74: ;   {other}
  0x00007c5e0064de74: 0f1f 8400 | e407 0008 | be76 ffff | ff48 8b6c | 2430 48ff | 7424 1848 | 8f44 2408 | 48ff 7424 
  0x00007c5e0064de94: 3848 8f44 | 2410 4889 | 4424 f88b | 4424 2489 | 4424 1848 | 8b44 24f8 | 4889 4424 | f88b 4424 
  0x00007c5e0064deb4: 2089 4424 | 1c48 8b44 | 24f8 4889 | 4424 f88b | 4424 4089 | 4424 2048 | 8b44 24f8 | 4889 4424 
  0x00007c5e0064ded4: f88b 4424 | 4c89 4424 | 2448 8b44 | 24f8 4889 | 4424 f88b | 4424 5089 | 4424 3448 | 8b44 24f8 
  0x00007c5e0064def4: 4489 5424 

  0x00007c5e0064def8: ;   {runtime_call UncommonTrapBlob}
  0x00007c5e0064def8: 3c66 90e8 

  0x00007c5e0064defc: ; ImmutableOopMap {rbp=Oop [0]=Oop [8]=Oop [16]=Oop [36]=NarrowOop [40]=Oop [60]=NarrowOop [84]=NarrowOop }
                      ;*ifge {reexecute=1 rethrow=0 return_oop=0}
                      ; - (reexecute) org.eclipse.jdt.core.compiler.CharOperation::prefixEquals@31 (line 3457)
                      ; - org.eclipse.jdt.internal.core.index.DiskIndex::addQueryResults@386 (line 222)
  0x00007c5e0064defc: 00d0 73ff 

  0x00007c5e0064df00: ;   {other}
  0x00007c5e0064df00: 0f1f 8400 | 7008 0009 | be45 ffff | ff48 8b6c | 2430 48ff | 7424 1848 | 8f44 2408 | 48ff 7424 
  0x00007c5e0064df20: 3848 8f44 | 2410 4889 | 4424 f88b | 4424 2489 | 4424 1848 | 8b44 24f8 | 4889 4424 | f88b 4424 
  0x00007c5e0064df40: 2089 4424 | 1c48 8b44 | 24f8 4889 | 4424 f88b | 4424 4089 | 4424 2048 | 8b44 24f8 | 4489 5424 
  0x00007c5e0064df60: 3844 8944 | 243c 4889 | 4424 f88b | 4424 4489 | 4424 4048 | 8b44 24f8 

  0x00007c5e0064df78: ;   {runtime_call UncommonTrapBlob}
  0x00007c5e0064df78: 6666 90e8 

  0x00007c5e0064df7c: ; ImmutableOopMap {rbp=Oop [0]=Oop [8]=Oop [16]=Oop [40]=Oop [56]=NarrowOop [76]=NarrowOop [84]=NarrowOop }
                      ;*if_icmpge {reexecute=1 rethrow=0 return_oop=0}
                      ; - (reexecute) org.eclipse.jdt.core.compiler.CharOperation::prefixEquals@6 (line 3455)
                      ; - org.eclipse.jdt.internal.core.index.DiskIndex::addQueryResults@386 (line 222)
  0x00007c5e0064df7c: 80cf 73ff 

  0x00007c5e0064df80: ;   {other}
  0x00007c5e0064df80: 0f1f 8400 | f008 000a | 448b 5c24 | 0844 8bcd | e9cc f9ff | ff44 894c | 240c 4489 | 4424 0849 
  0x00007c5e0064dfa0: ;   {metadata('org/eclipse/jdt/internal/compiler/util/HashtableOfObject')}
  0x00007c5e0064dfa0: 8beb 48be | 6079 2f9c | 5d7c 0000 

  0x00007c5e0064dfac: ;   {runtime_call _new_instance_Java}
  0x00007c5e0064dfac: 6666 90e8 

  0x00007c5e0064dfb0: ; ImmutableOopMap {rbp=Oop [0]=Oop [8]=NarrowOop [12]=NarrowOop [24]=Oop [32]=Oop }
                      ;*new {reexecute=0 rethrow=0 return_oop=1}
                      ; - org.eclipse.jdt.internal.core.index.DiskIndex::addQueryResults@72 (line 194)
  0x00007c5e0064dfb0: 4c23 80ff 

  0x00007c5e0064dfb4: ;   {other}
  0x00007c5e0064dfb4: 0f1f 8400 | 2409 000b | e901 feff | ffbe 76ff | ffff 488b | 6c24 3048 | ff74 2418 | 488f 4424 
  0x00007c5e0064dfd4: 0848 ff74 | 2438 488f | 4424 1048 | 8944 24f8 | 8b44 2424 | 8944 2418 | 488b 4424 | f848 8944 
  0x00007c5e0064dff4: 24f8 8b44 | 2420 8944 | 241c 488b | 4424 f844 | 8944 2424 | 894c 2434 | 897c 2438 

  0x00007c5e0064e010: ;   {runtime_call UncommonTrapBlob}
  0x00007c5e0064e010: 6666 90e8 

  0x00007c5e0064e014: ; ImmutableOopMap {rbp=Oop [0]=Oop [8]=Oop [16]=Oop [36]=NarrowOop [40]=Oop [56]=NarrowOop }
                      ;*if_icmplt {reexecute=1 rethrow=0 return_oop=0}
                      ; - (reexecute) org.eclipse.jdt.internal.core.index.DiskIndex::addQueryResults@418 (line 220)
  0x00007c5e0064e014: e8ce 73ff 

  0x00007c5e0064e018: ;   {other}
  0x00007c5e0064e018: 0f1f 8400 | 8809 000c | bebe ffff | ff48 8b6c | 2430 48ff | 7424 1848 | 8f44 2408 | 48ff 7424 
  0x00007c5e0064e038: 3848 8f44 | 2410 4889 | 4424 f88b | 4424 2489 | 4424 1848 | 8b44 24f8 | 4889 4424 | f88b 4424 
  0x00007c5e0064e058: 2089 4424 | 1c48 8b44 | 24f8 4489 | 4424 2489 | 4c24 3489 

  0x00007c5e0064e06c: ;   {runtime_call UncommonTrapBlob}
  0x00007c5e0064e06c: 7c24 38e8 

  0x00007c5e0064e070: ; ImmutableOopMap {rbp=Oop [0]=Oop [8]=Oop [16]=Oop [36]=NarrowOop [40]=Oop [56]=NarrowOop }
                      ;*if_icmplt {reexecute=1 rethrow=0 return_oop=0}
                      ; - (reexecute) org.eclipse.jdt.internal.core.index.DiskIndex::addQueryResults@418 (line 220)
  0x00007c5e0064e070: 8cce 73ff 

  0x00007c5e0064e074: ;   {other}
  0x00007c5e0064e074: 0f1f 8400 | e409 000d | be45 ffff | ff49 8be9 | 4889 1424 | 4889 4c24 | 0844 8944 

  0x00007c5e0064e090: ;   {runtime_call UncommonTrapBlob}
  0x00007c5e0064e090: 2414 90e8 

  0x00007c5e0064e094: ; ImmutableOopMap {rbp=Oop [0]=Oop [8]=Oop [24]=Oop }
                      ;*tableswitch {reexecute=1 rethrow=0 return_oop=0}
                      ; - (reexecute) org.eclipse.jdt.internal.core.index.DiskIndex::addQueryResults@179 (line 204)
  0x00007c5e0064e094: 68ce 73ff 

  0x00007c5e0064e098: ;   {other}
  0x00007c5e0064e098: 0f1f 8400 | 080a 000e | be76 ffff | ff48 8b2c | 2448 ff74 | 2418 488f | 0424 4889 | 5c24 0848 
  0x00007c5e0064e0b8: 8944 24f8 | 8b44 2428 | 8944 2418 | 488b 4424 | f844 894c | 241c 4489 | 4424 2844 | 8954 2430 
  0x00007c5e0064e0d8: ;   {runtime_call UncommonTrapBlob}
  0x00007c5e0064e0d8: 6666 90e8 

  0x00007c5e0064e0dc: ; ImmutableOopMap {rbp=Oop [0]=Oop [8]=Oop [28]=NarrowOop [32]=Oop [40]=NarrowOop }
                      ;*if_icmplt {reexecute=1 rethrow=0 return_oop=0}
                      ; - (reexecute) org.eclipse.jdt.internal.core.index.DiskIndex::addQueryResults@134 (line 195)
  0x00007c5e0064e0dc: 20ce 73ff 

  0x00007c5e0064e0e0: ;   {other}
  0x00007c5e0064e0e0: 0f1f 8400 | 500a 000f | be76 ffff | ff49 8be9 | 4889 0c24 | 48ff 7424 | 1848 8f44 | 2408 4889 
  0x00007c5e0064e100: 5424 1844 | 8954 2414 

  0x00007c5e0064e108: ;   {runtime_call UncommonTrapBlob}
  0x00007c5e0064e108: 6666 90e8 

  0x00007c5e0064e10c: ; ImmutableOopMap {rbp=Oop [0]=Oop [8]=Oop [24]=Oop }
                      ;*if_icmplt {reexecute=1 rethrow=0 return_oop=0}
                      ; - (reexecute) org.eclipse.jdt.internal.core.index.DiskIndex::addQueryResults@440 (line 215)
  0x00007c5e0064e10c: f0cd 73ff 

  0x00007c5e0064e110: ;   {other}
  0x00007c5e0064e110: 0f1f 8400 | 800a 0010 | bee4 ffff | ff48 ff74 | 2418 488f | 4424 0848 | 8944 24f8 | 8b44 2424 
  0x00007c5e0064e130: 8944 2410 | 488b 4424 | f848 8944 | 24f8 8b44 | 2420 8944 | 2414 488b | 4424 f848 | 8944 24f8 
  0x00007c5e0064e150: 8b44 2440 | 8944 2418 | 488b 4424 | f848 ff74 | 2428 488f | 4424 2048 | 8944 24f8 | 8b44 244c 
  0x00007c5e0064e170: 8944 241c | 488b 4424 | f844 8954 

  0x00007c5e0064e17c: ;   {runtime_call UncommonTrapBlob}
  0x00007c5e0064e17c: 2440 90e8 

  0x00007c5e0064e180: ; ImmutableOopMap {[0]=Oop [8]=Oop [28]=NarrowOop [32]=Oop [48]=Oop [56]=Oop [64]=NarrowOop [84]=NarrowOop }
                      ;*aaload {reexecute=0 rethrow=0 return_oop=0}
                      ; - org.eclipse.jdt.internal.core.index.DiskIndex::addQueryResults@401 (line 223)
  0x00007c5e0064e180: 7ccd 73ff 

  0x00007c5e0064e184: ;   {other}
  0x00007c5e0064e184: 0f1f 8400 | f40a 0011 | be76 ffff | ff49 8be9 | 4889 5424 | 1044 8944 

  0x00007c5e0064e19c: ;   {runtime_call UncommonTrapBlob}
  0x00007c5e0064e19c: 240c 90e8 

  0x00007c5e0064e1a0: ; ImmutableOopMap {rbp=Oop [16]=Oop [24]=Oop }
                      ;*if_icmplt {reexecute=1 rethrow=0 return_oop=0}
                      ; - (reexecute) org.eclipse.jdt.internal.core.index.DiskIndex::addQueryResults@156 (line 188)
  0x00007c5e0064e1a0: 5ccd 73ff 

  0x00007c5e0064e1a4: ;   {other}
  0x00007c5e0064e1a4: 0f1f 8400 | 140b 0012 | bef6 ffff 

  0x00007c5e0064e1b0: ;   {runtime_call UncommonTrapBlob}
  0x00007c5e0064e1b0: ff66 90e8 

  0x00007c5e0064e1b4: ; ImmutableOopMap {}
                      ;*aaload {reexecute=0 rethrow=0 return_oop=0}
                      ; - org.eclipse.jdt.internal.core.index.DiskIndex::addQueryResults@117 (line 197)
  0x00007c5e0064e1b4: 48cd 73ff 

  0x00007c5e0064e1b8: ;   {other}
  0x00007c5e0064e1b8: 0f1f 8400 | 280b 0013 | bef6 ffff 

  0x00007c5e0064e1c4: ;   {runtime_call UncommonTrapBlob}
  0x00007c5e0064e1c4: ff66 90e8 

  0x00007c5e0064e1c8: ; ImmutableOopMap {}
                      ;*arraylength {reexecute=0 rethrow=0 return_oop=0}
                      ; - org.eclipse.jdt.internal.core.index.DiskIndex::addQueryResults@355 (line 220)
  0x00007c5e0064e1c8: 34cd 73ff 

  0x00007c5e0064e1cc: ;   {other}
  0x00007c5e0064e1cc: 0f1f 8400 | 3c0b 0014 | bef6 ffff 

  0x00007c5e0064e1d8: ;   {runtime_call UncommonTrapBlob}
  0x00007c5e0064e1d8: ff66 90e8 

  0x00007c5e0064e1dc: ; ImmutableOopMap {}
                      ;*arraylength {reexecute=0 rethrow=0 return_oop=0}
                      ; - org.eclipse.jdt.internal.core.index.DiskIndex::addQueryResults@306 (line 215)
  0x00007c5e0064e1dc: 20cd 73ff 

  0x00007c5e0064e1e0: ;   {other}
  0x00007c5e0064e1e0: 0f1f 8400 | 500b 0015 | bef6 ffff 

  0x00007c5e0064e1ec: ;   {runtime_call UncommonTrapBlob}
  0x00007c5e0064e1ec: ff66 90e8 

  0x00007c5e0064e1f0: ; ImmutableOopMap {}
                      ;*arraylength {reexecute=0 rethrow=0 return_oop=0}
                      ; - org.eclipse.jdt.internal.core.index.DiskIndex::addQueryResults@91 (line 195)
  0x00007c5e0064e1f0: 0ccd 73ff 

  0x00007c5e0064e1f4: ;   {other}
  0x00007c5e0064e1f4: 0f1f 8400 | 640b 0016 | bef6 ffff 

  0x00007c5e0064e200: ;   {runtime_call UncommonTrapBlob}
  0x00007c5e0064e200: ff66 90e8 

  0x00007c5e0064e204: ; ImmutableOopMap {}
                      ;*aaload {reexecute=0 rethrow=0 return_oop=0}
                      ; - org.eclipse.jdt.internal.core.index.DiskIndex::addQueryResults@401 (line 223)
  0x00007c5e0064e204: f8cc 73ff 

  0x00007c5e0064e208: ;   {other}
  0x00007c5e0064e208: 0f1f 8400 | 780b 0017 | bef6 ffff 

  0x00007c5e0064e214: ;   {runtime_call UncommonTrapBlob}
  0x00007c5e0064e214: ff66 90e8 

  0x00007c5e0064e218: ; ImmutableOopMap {}
                      ;*arraylength {reexecute=0 rethrow=0 return_oop=0}
                      ; - org.eclipse.jdt.internal.core.index.DiskIndex::addQueryResults@23 (line 188)
  0x00007c5e0064e218: e4cc 73ff 

  0x00007c5e0064e21c: ;   {other}
  0x00007c5e0064e21c: 0f1f 8400 | 8c0b 0018 | 488b f0eb | 1c48 8bf0 | eb17 488b | f0eb 1248 | 8bf0 eb0d | 488b f0eb 
  0x00007c5e0064e23c: 0848 8bf0 | eb03 488b | f048 83c4 

  0x00007c5e0064e248: ;   {runtime_call _rethrow_Java}
  0x00007c5e0064e248: 705d e9b1 

  0x00007c5e0064e24c: ;   {internal_word}
  0x00007c5e0064e24c: 7280 ff49 | ba10 d964 | 005e 7c00 | 004d 8997 | 6804 0000 

  0x00007c5e0064e260: ;   {runtime_call SafepointBlob}
  0x00007c5e0064e260: e99b dd73 

  0x00007c5e0064e264: ;   {runtime_call StubRoutines (final stubs)}
  0x00007c5e0064e264: ffe8 56d3 | 71ff e96b | f6ff fff4 
[Stub Code]
  0x00007c5e0064e270: ;   {no_reloc}
  0x00007c5e0064e270: 48bb 0000 | 0000 0000 

  0x00007c5e0064e278: ;   {runtime_call nmethod}
  0x00007c5e0064e278: 0000 e9fb 

  0x00007c5e0064e27c: ;   {static_stub}
  0x00007c5e0064e27c: ffff ff48 | bb00 0000 | 0000 0000 

  0x00007c5e0064e288: ;   {runtime_call nmethod}
  0x00007c5e0064e288: 00e9 fbff 

  0x00007c5e0064e28c: ;   {static_stub}
  0x00007c5e0064e28c: ffff 48bb | 0000 0000 | 0000 0000 

  0x00007c5e0064e298: ;   {runtime_call nmethod}
  0x00007c5e0064e298: e9fb ffff 

  0x00007c5e0064e29c: ;   {static_stub}
  0x00007c5e0064e29c: ff48 bbb0 | 1e7a 995d 

  0x00007c5e0064e2a4: ;   {runtime_call I2C/C2I adapters}
  0x00007c5e0064e2a4: 7c00 00e9 | ca67 74ff 
[Exception Handler]
  0x00007c5e0064e2ac: ;   {runtime_call ExceptionBlob}
  0x00007c5e0064e2ac: e94f 8476 | ffe8 0000 | 0000 4883 

  0x00007c5e0064e2b8: ;   {runtime_call DeoptimizationBlob}
  0x00007c5e0064e2b8: 2c24 05e9 | e0cf 73ff 
[/MachCode]


Compiled method (c1) 124406 11374   !   3       org.eclipse.jdt.internal.core.index.Index::query (203 bytes)
 total in heap  [0x00007c5df9d7ad10,0x00007c5df9d7d2a8] = 9624
 relocation     [0x00007c5df9d7ae68,0x00007c5df9d7b068] = 512
 main code      [0x00007c5df9d7b080,0x00007c5df9d7c960] = 6368
 stub code      [0x00007c5df9d7c960,0x00007c5df9d7c9f0] = 144
 oops           [0x00007c5df9d7c9f0,0x00007c5df9d7c9f8] = 8
 metadata       [0x00007c5df9d7c9f8,0x00007c5df9d7ca60] = 104
 scopes data    [0x00007c5df9d7ca60,0x00007c5df9d7cdd8] = 888
 scopes pcs     [0x00007c5df9d7cdd8,0x00007c5df9d7d138] = 864
 dependencies   [0x00007c5df9d7d138,0x00007c5df9d7d158] = 32
 handler table  [0x00007c5df9d7d158,0x00007c5df9d7d248] = 240
 nul chk table  [0x00007c5df9d7d248,0x00007c5df9d7d2a8] = 96

[Constant Pool (empty)]

[MachCode]
[Entry Point]
  # {method} {0x00007c5d99788540} 'query' '([[C[CI)[Lorg/eclipse/jdt/internal/core/index/EntryResult;' in 'org/eclipse/jdt/internal/core/index/Index'
  # this:     rsi:rsi   = 'org/eclipse/jdt/internal/core/index/Index'
  # parm0:    rdx:rdx   = '[[C'
  # parm1:    rcx:rcx   = '[C'
  # parm2:    r8        = int
  #           [sp+0xf0]  (sp of caller)
  0x00007c5df9d7b080: 448b 5608 | 49bb 0000 | 009b 5d7c | 0000 4d03 | d34c 3bd0 

  0x00007c5df9d7b094: ;   {runtime_call ic_miss_stub}
  0x00007c5df9d7b094: 0f85 e69f | 0006 660f | 1f44 0000 
[Verified Entry Point]
  0x00007c5df9d7b0a0: 8984 2400 | c0fe ff55 | 4881 ece0 | 0000 0090 | 4181 7f20 | 0700 0000 

  0x00007c5df9d7b0b8: ;   {runtime_call StubRoutines (final stubs)}
  0x00007c5df9d7b0b8: 7405 e801 | 05ff 0548 | 89b4 2490 

  0x00007c5df9d7b0c4: ;   {metadata(method data for {method} {0x00007c5d99788540} 'query' '([[C[CI)[Lorg/eclipse/jdt/internal/core/index/EntryResult;' in 'org/eclipse/jdt/internal/core/index/Index')}
  0x00007c5df9d7b0c4: 0000 0048 | b870 6f44 | 9a5d 7c00 | 008b b8f4 | 0000 0083 | c702 89b8 | f400 0000 | 81e7 fe07 
  0x00007c5df9d7b0e4: 0000 85ff | 0f84 7213 | 0000 8b7e | 1448 89bc | 2480 0000 | 0048 85ff 

  0x00007c5df9d7b0fc: ;   {metadata(method data for {method} {0x00007c5d99788540} 'query' '([[C[CI)[Lorg/eclipse/jdt/internal/core/index/EntryResult;' in 'org/eclipse/jdt/internal/core/index/Index')}
  0x00007c5df9d7b0fc: 48b8 706f | 449a 5d7c | 0000 48c7 | c348 0100 | 0074 0748 | c7c3 3801 | 0000 4c8b | 0c18 4d8d 
  0x00007c5df9d7b11c: 4901 4c89 | 0c18 0f84 | 6510 0000 | 8b46 1c48 | 3b00 488b 

  0x00007c5df9d7b130: ;   {metadata(method data for {method} {0x00007c5d99788540} 'query' '([[C[CI)[Lorg/eclipse/jdt/internal/core/index/EntryResult;' in 'org/eclipse/jdt/internal/core/index/Index')}
  0x00007c5df9d7b130: d849 b970 | 6f44 9a5d 

  0x00007c5df9d7b138: ;   {metadata('org/eclipse/jdt/internal/core/index/MemoryIndex')}
  0x00007c5df9d7b138: 7c00 0049 | baa0 4753 | 9c5d 7c00 | 004d 8991 | 6801 0000 | 4983 8170 | 0100 0001 

  0x00007c5df9d7b154: ;   {metadata(method data for {method} {0x00007c5d9978ba48} 'shouldMerge' '()Z' in 'org/eclipse/jdt/internal/core/index/MemoryIndex')}
  0x00007c5df9d7b154: 48bb 9874 | 449a 5d7c | 0000 448b | 8bf4 0000 | 0041 83c1 | 0244 898b | f400 0000 | 4181 e1fe 
  0x00007c5df9d7b174: ff1f 0045 | 85c9 0f84 | 0613 0000 | 8b58 108b | 5b0c 8b40 

  0x00007c5df9d7b188: ;   {metadata(method data for {method} {0x00007c5d9978ba48} 'shouldMerge' '()Z' in 'org/eclipse/jdt/internal/core/index/MemoryIndex')}
  0x00007c5df9d7b188: 0c3b d848 | b898 7444 | 9a5d 7c00 | 0048 c7c3 | 3801 0000 | 7c07 48c7 | c348 0100 | 004c 8b0c 
  0x00007c5df9d7b1a8: 184d 8d49 | 014c 890c | 180f 8c0a | 0000 00b8 | 0100 0000 | e905 0000 | 00b8 0000 | 0000 85c0 
  0x00007c5df9d7b1c8: ;   {metadata(method data for {method} {0x00007c5d99788540} 'query' '([[C[CI)[Lorg/eclipse/jdt/internal/core/index/EntryResult;' in 'org/eclipse/jdt/internal/core/index/Index')}
  0x00007c5df9d7b1c8: 48b8 706f | 449a 5d7c | 0000 48c7 | c3a0 0100 | 0075 0748 | c7c3 9001 | 0000 4c8b | 0c18 4d8d 
  0x00007c5df9d7b1e8: 4901 4c89 | 0c18 0f85 | 1d00 0000 | 4489 8424 | 8800 0000 | 4889 8c24 | a000 0000 | 4889 9424 
  0x00007c5df9d7b208: 9800 0000 | e98b 0500 | 0048 3b07 

  0x00007c5df9d7b214: ;   {metadata(method data for {method} {0x00007c5d99788540} 'query' '([[C[CI)[Lorg/eclipse/jdt/internal/core/index/EntryResult;' in 'org/eclipse/jdt/internal/core/index/Index')}
  0x00007c5df9d7b214: 488b c748 | bb70 6f44 | 9a5d 7c00 

  0x00007c5df9d7b220: ;   {metadata('org/eclipse/jdt/internal/core/search/indexing/ReadWriteMonitor')}
  0x00007c5df9d7b220: 0049 ba68 | 4553 9c5d | 7c00 004c | 8993 c001 | 0000 4883 | 83c8 0100 | 0001 488d | 9c24 b000 
  0x00007c5df9d7b240: 0000 4889 | 7b08 488b | 0748 83c8 | 0148 8903 | f048 0fb1 | 1f0f 8412 | 0000 0048 | 2bc4 4825 
  0x00007c5df9d7b260: 07f0 ffff | 4889 030f | 8544 1200 | 0049 ff87 | 5005 0000 

  0x00007c5df9d7b274: ;   {metadata(method data for {method} {0x00007c5d9978a4c0} 'exitReadEnterWrite' '()Z' in 'org/eclipse/jdt/internal/core/search/indexing/ReadWriteMonitor')}
  0x00007c5df9d7b274: 48b8 2076 | 449a 5d7c | 0000 8b98 | f400 0000 | 83c3 0289 | 98f4 0000 | 0081 e3fe | ff1f 0085 
  0x00007c5df9d7b294: db0f 8429 | 1200 008b | 470c 83f8 

  0x00007c5df9d7b2a0: ;   {metadata(method data for {method} {0x00007c5d9978a4c0} 'exitReadEnterWrite' '()Z' in 'org/eclipse/jdt/internal/core/search/indexing/ReadWriteMonitor')}
  0x00007c5df9d7b2a0: 0148 b820 | 7644 9a5d | 7c00 0048 | c7c3 3801 | 0000 7407 | 48c7 c348 | 0100 004c | 8b0c 184d 
  0x00007c5df9d7b2c0: 8d49 014c | 890c 180f | 8434 0000 | 0048 8d84 | 24b0 0000 | 0048 8b18 | 4885 db0f | 840f 0000 
  0x00007c5df9d7b2e0: 004c 8b48 | 08f0 490f | b119 0f85 | f511 0000 | 49ff 8f50 | 0500 00bb | 0000 0000 | e936 0000 
  0x00007c5df9d7b300: 00c7 470c | ffff ffff | 488d 8424 | b000 0000 | 488b 1848 | 85db 0f84 | 0f00 0000 | 4c8b 4808 
  0x00007c5df9d7b320: f049 0fb1 | 190f 85d0 | 1100 0049 | ff8f 5005 | 0000 bb01 | 0000 0085 

  0x00007c5df9d7b338: ;   {metadata(method data for {method} {0x00007c5d99788540} 'query' '([[C[CI)[Lorg/eclipse/jdt/internal/core/index/EntryResult;' in 'org/eclipse/jdt/internal/core/index/Index')}
  0x00007c5df9d7b338: db48 bb70 | 6f44 9a5d | 7c00 0048 | c7c0 e801 | 0000 7407 | 48c7 c0f8 | 0100 004c | 8b0c 034d 
  0x00007c5df9d7b358: 8d49 014c | 890c 0344 | 8984 2488 | 0000 0048 | 898c 24a0 | 0000 0048 | 8994 2498 | 0000 000f 
  0x00007c5df9d7b378: 841f 0400 | 0048 8bde 

  0x00007c5df9d7b380: ;   {metadata(method data for {method} {0x00007c5d99788540} 'query' '([[C[CI)[Lorg/eclipse/jdt/internal/core/index/EntryResult;' in 'org/eclipse/jdt/internal/core/index/Index')}
  0x00007c5df9d7b380: 48b8 706f | 449a 5d7c 

  0x00007c5df9d7b388: ;   {metadata('org/eclipse/jdt/internal/core/index/Index')}
  0x00007c5df9d7b388: 0000 49ba | 883e 539c | 5d7c 0000 | 4c89 9018 | 0200 0048 | 8380 2002 | 0000 0148 | 8bde 488b 
  0x00007c5df9d7b3a8: f366 0f1f 

  0x00007c5df9d7b3ac: ;   {optimized virtual_call}
  0x00007c5df9d7b3ac: 4400 00e8 

  0x00007c5df9d7b3b0: ; ImmutableOopMap {[128]=Oop [144]=Oop [152]=Oop [160]=Oop }
                      ;*invokevirtual save {reexecute=0 rethrow=0 return_oop=0}
                      ; - org.eclipse.jdt.internal.core.index.Index::query@32 (line 286)
  0x00007c5df9d7b3b0: cc9f 0006 

  0x00007c5df9d7b3b4: ;   {other}
  0x00007c5df9d7b3b4: 0f1f 8400 | a406 0000 

  0x00007c5df9d7b3bc: ;   {metadata(method data for {method} {0x00007c5d99788540} 'query' '([[C[CI)[Lorg/eclipse/jdt/internal/core/index/EntryResult;' in 'org/eclipse/jdt/internal/core/index/Index')}
  0x00007c5df9d7b3bc: 48b8 706f | 449a 5d7c | 0000 ff80 | 4002 0000 | 488b bc24 | 8000 0000 

  0x00007c5df9d7b3d4: ;   {metadata(method data for {method} {0x00007c5d99788540} 'query' '([[C[CI)[Lorg/eclipse/jdt/internal/core/index/EntryResult;' in 'org/eclipse/jdt/internal/core/index/Index')}
  0x00007c5df9d7b3d4: 488b c748 | be70 6f44 | 9a5d 7c00 

  0x00007c5df9d7b3e0: ;   {metadata('org/eclipse/jdt/internal/core/search/indexing/ReadWriteMonitor')}
  0x00007c5df9d7b3e0: 0049 ba68 | 4553 9c5d | 7c00 004c | 8996 a002 | 0000 4883 | 86a8 0200 | 0001 488d | b424 b000 
  0x00007c5df9d7b400: 0000 4889 | 7e08 488b | 0748 83c8 | 0148 8906 | f048 0fb1 | 370f 8412 | 0000 0048 | 2bc4 4825 
  0x00007c5df9d7b420: 07f0 ffff | 4889 060f | 85e4 1000 | 0049 ff87 | 5005 0000 

  0x00007c5df9d7b434: ;   {metadata(method data for {method} {0x00007c5d9978a580} 'exitWriteEnterRead' '()V' in 'org/eclipse/jdt/internal/core/search/indexing/ReadWriteMonitor')}
  0x00007c5df9d7b434: 48b8 e079 | 449a 5d7c | 0000 8bb0 | f400 0000 | 83c6 0289 | b0f4 0000 | 0081 e6fe | ff1f 0085 
  0x00007c5df9d7b454: f60f 84c9 | 1000 0048 

  0x00007c5df9d7b45c: ;   {metadata(method data for {method} {0x00007c5d9978a580} 'exitWriteEnterRead' '()V' in 'org/eclipse/jdt/internal/core/search/indexing/ReadWriteMonitor')}
  0x00007c5df9d7b45c: 8bc7 48be | e079 449a | 5d7c 0000 

  0x00007c5df9d7b468: ;   {metadata('org/eclipse/jdt/internal/core/search/indexing/ReadWriteMonitor')}
  0x00007c5df9d7b468: 49ba 6845 | 539c 5d7c | 0000 4c89 | 9648 0100 | 0048 8386 | 5001 0000 | 0148 8db4 | 24c0 0000 
  0x00007c5df9d7b488: 0048 897e | 0848 8b07 | 4883 c801 | 4889 06f0 | 480f b137 | 0f84 1200 | 0000 482b | c448 2507 
  0x00007c5df9d7b4a8: f0ff ff48 | 8906 0f85 | 9110 0000 | 49ff 8750 

  0x00007c5df9d7b4b8: ;   {metadata(method data for {method} {0x00007c5d9978a3f8} 'exitWrite' '()V' in 'org/eclipse/jdt/internal/core/search/indexing/ReadWriteMonitor')}
  0x00007c5df9d7b4b8: 0500 0048 | bec8 7b44 | 9a5d 7c00 | 008b 9ef4 | 0000 0083 | c302 899e | f400 0000 | 81e3 feff 
  0x00007c5df9d7b4d8: 1f00 85db | 0f84 7610 | 0000 8b77 | 0cff c689 | 770c 85f6 

  0x00007c5df9d7b4ec: ;   {metadata(method data for {method} {0x00007c5d9978a3f8} 'exitWrite' '()V' in 'org/eclipse/jdt/internal/core/search/indexing/ReadWriteMonitor')}
  0x00007c5df9d7b4ec: 48be c87b | 449a 5d7c | 0000 48c7 | c338 0100 | 0075 0748 | c7c3 4801 | 0000 488b | 041e 488d 
  0x00007c5df9d7b50c: 4001 4889 | 041e 0f85 | 2c00 0000 

  0x00007c5df9d7b518: ;   {metadata(method data for {method} {0x00007c5d9978a3f8} 'exitWrite' '()V' in 'org/eclipse/jdt/internal/core/search/indexing/ReadWriteMonitor')}
  0x00007c5df9d7b518: 488b f748 | bbc8 7b44 | 9a5d 7c00 | 0048 8383 | 5801 0000 | 0148 8bf7 | 0f1f 8000 

  0x00007c5df9d7b534: ;   {optimized virtual_call}
  0x00007c5df9d7b534: 0000 00e8 

  0x00007c5df9d7b538: ; ImmutableOopMap {[128]=Oop [144]=Oop [152]=Oop [160]=Oop [184]=Oop [200]=Oop }
                      ;*invokevirtual notifyAll {reexecute=0 rethrow=0 return_oop=0}
                      ; - org.eclipse.jdt.internal.core.search.indexing.ReadWriteMonitor::exitWrite@15 (line 69)
                      ; - org.eclipse.jdt.internal.core.search.indexing.ReadWriteMonitor::exitWriteEnterRead@1 (line 97)
                      ; - org.eclipse.jdt.internal.core.index.Index::query@51 (line 288)
  0x00007c5df9d7b538: 449e 0006 

  0x00007c5df9d7b53c: ;   {other}
  0x00007c5df9d7b53c: 0f1f 8400 | 2c08 0001 | 488d 8424 | c000 0000 | 488b 1048 | 85d2 0f84 | 0f00 0000 | 488b 7008 
  0x00007c5df9d7b55c: f048 0fb1 | 160f 8512 | 1000 0049 | ff8f 5005 | 0000 488b | bc24 8000 | 0000 488b 

  0x00007c5df9d7b578: ;   {metadata(method data for {method} {0x00007c5d9978a580} 'exitWriteEnterRead' '()V' in 'org/eclipse/jdt/internal/core/search/indexing/ReadWriteMonitor')}
  0x00007c5df9d7b578: c748 bae0 | 7944 9a5d 

  0x00007c5df9d7b580: ;   {metadata('org/eclipse/jdt/internal/core/search/indexing/ReadWriteMonitor')}
  0x00007c5df9d7b580: 7c00 0049 | ba68 4553 | 9c5d 7c00 | 004c 8992 | 8001 0000 | 4883 8288 | 0100 0001 | 488d 9424 
  0x00007c5df9d7b5a0: c000 0000 | 4889 7a08 | 488b 0748 | 83c8 0148 | 8902 f048 | 0fb1 170f | 8412 0000 | 0048 2bc4 
  0x00007c5df9d7b5c0: 4825 07f0 | ffff 4889 | 020f 85c0 | 0f00 0049 | ff87 5005 

  0x00007c5df9d7b5d4: ;   {metadata(method data for {method} {0x00007c5d9978a188} 'enterRead' '()V' in 'org/eclipse/jdt/internal/core/search/indexing/ReadWriteMonitor')}
  0x00007c5df9d7b5d4: 0000 48ba | 987d 449a | 5d7c 0000 | 8bb2 f400 | 0000 83c6 | 0289 b2f4 | 0000 0081 | e6fe ff1f 
  0x00007c5df9d7b5f4: 0085 f60f | 84a5 0f00 

  0x00007c5df9d7b5fc: ;   {metadata(method data for {method} {0x00007c5d9978a188} 'enterRead' '()V' in 'org/eclipse/jdt/internal/core/search/indexing/ReadWriteMonitor')}
  0x00007c5df9d7b5fc: 0048 ba98 | 7d44 9a5d | 7c00 00ff | 8238 0100 | 00e9 b200 | 0000 660f | 1f44 0000 

  0x00007c5df9d7b618: ;   {metadata(method data for {method} {0x00007c5d9978a188} 'enterRead' '()V' in 'org/eclipse/jdt/internal/core/search/indexing/ReadWriteMonitor')}
  0x00007c5df9d7b618: 488b d748 | be98 7d44 | 9a5d 7c00 | 0048 8386 | 5001 0000 

  0x00007c5df9d7b62c: ;   {metadata(method data for {method} {0x00007c5d9b474940} 'wait' '()V' in 'java/lang/Object')}
  0x00007c5df9d7b62c: 0148 ba00 | f930 985d | 7c00 008b | b2f4 0000 | 0083 c602 | 89b2 f400 | 0000 81e6 | feff 1f00 
  0x00007c5df9d7b64c: 85f6 0f84 | 6f0f 0000 

  0x00007c5df9d7b654: ;   {metadata(method data for {method} {0x00007c5d9b474940} 'wait' '()V' in 'java/lang/Object')}
  0x00007c5df9d7b654: 488b d748 | be00 f930 | 985d 7c00 | 0048 8386 | 3801 0000 | 0148 c7c2 | 0000 0000 | 488b f70f 
  0x00007c5df9d7b674: ;   {optimized virtual_call}
  0x00007c5df9d7b674: 1f40 00e8 

  0x00007c5df9d7b678: ; ImmutableOopMap {[128]=Oop [144]=Oop [152]=Oop [160]=Oop [184]=Oop [200]=Oop }
                      ;*invokevirtual wait {reexecute=0 rethrow=0 return_oop=0}
                      ; - java.lang.Object::wait@2 (line 339)
                      ; - org.eclipse.jdt.internal.core.search.indexing.ReadWriteMonitor::enterRead@4 (line 35)
                      ; - org.eclipse.jdt.internal.core.search.indexing.ReadWriteMonitor::exitWriteEnterRead@5 (line 98)
                      ; - org.eclipse.jdt.internal.core.index.Index::query@51 (line 288)
  0x00007c5df9d7b678: 049d 0006 

  0x00007c5df9d7b67c: ;   {other}
  0x00007c5df9d7b67c: 0f1f 8400 | 6c09 0002 

  0x00007c5df9d7b684: ;   {metadata(method data for {method} {0x00007c5d9978a188} 'enterRead' '()V' in 'org/eclipse/jdt/internal/core/search/indexing/ReadWriteMonitor')}
  0x00007c5df9d7b684: 48b8 987d | 449a 5d7c | 0000 ff80 | 8801 0000 | 488b bc24 | 8000 0000 | e923 0000 | 0049 8b87 
  0x00007c5df9d7b6a4: 0005 0000 | 4d33 d24d | 8997 0005 | 0000 4d33 | d24d 8997 | 0805 0000 | 488b bc24 | 8000 0000 
  0x00007c5df9d7b6c4: 8b77 0c85 | f6ba 0200 | 0000 7c05 | ba00 0000 

  0x00007c5df9d7b6d4: ;   {metadata(method data for {method} {0x00007c5d9978a188} 'enterRead' '()V' in 'org/eclipse/jdt/internal/core/search/indexing/ReadWriteMonitor')}
  0x00007c5df9d7b6d4: 0048 bb98 | 7d44 9a5d | 7c00 008b | 83f8 0000 | 0003 c289 | 83f8 0000 | 0085 d275 | 05b8 0200 
  0x00007c5df9d7b6f4: 0000 25fe | 3f00 0085 | c00f 84e1 | 0e00 004d | 8b97 5804 

  0x00007c5df9d7b708: ; ImmutableOopMap {rdi=Oop [128]=Oop [144]=Oop [152]=Oop [160]=Oop [184]=Oop [200]=Oop }
                      ;*iflt {reexecute=1 rethrow=0 return_oop=0}
                      ; - (reexecute) org.eclipse.jdt.internal.core.search.indexing.ReadWriteMonitor::enterRead@15 (line 33)
                      ; - org.eclipse.jdt.internal.core.search.indexing.ReadWriteMonitor::exitWriteEnterRead@5 (line 98)
                      ; - org.eclipse.jdt.internal.core.index.Index::query@51 (line 288)
                      ;   {poll}
  0x00007c5df9d7b708: 0000 4185 

  0x00007c5df9d7b70c: ;   {metadata(method data for {method} {0x00007c5d9978a188} 'enterRead' '()V' in 'org/eclipse/jdt/internal/core/search/indexing/ReadWriteMonitor')}
  0x00007c5df9d7b70c: 0285 f648 | ba98 7d44 | 9a5d 7c00 | 0048 c7c3 | a001 0000 | 7c07 48c7 | c3b0 0100 | 0048 8b04 
  0x00007c5df9d7b72c: 1a48 8d40 | 0148 8904 | 1a0f 8cdd | feff ffff | c689 770c | 488d 8424 | c000 0000 | 488b 1048 
  0x00007c5df9d7b74c: 85d2 0f84 | 0f00 0000 | 488b 4808 | f048 0fb1 | 110f 85a2 | 0e00 0049 | ff8f 5005 | 0000 488d 
  0x00007c5df9d7b76c: 8424 b000 | 0000 488b | 1048 85d2 | 0f84 0f00 | 0000 488b | 4808 f048 | 0fb1 110f | 858e 0e00 
  0x00007c5df9d7b78c: 0049 ff8f | 5005 0000 | 488b b424 | 9000 0000 | 448b 8424 | 8800 0000 | 4181 e08f | 0700 0044 
  0x00007c5df9d7b7ac: 8b4e 1c49 | 3b01 498b 

  0x00007c5df9d7b7b4: ;   {metadata(method data for {method} {0x00007c5d99788540} 'query' '([[C[CI)[Lorg/eclipse/jdt/internal/core/index/EntryResult;' in 'org/eclipse/jdt/internal/core/index/Index')}
  0x00007c5df9d7b7b4: d148 b970 | 6f44 9a5d 

  0x00007c5df9d7b7bc: ;   {metadata('org/eclipse/jdt/internal/core/index/MemoryIndex')}
  0x00007c5df9d7b7bc: 7c00 0049 | baa0 4753 | 9c5d 7c00 | 004c 8991 | d802 0000 | 4883 81e0 | 0200 0001 

  0x00007c5df9d7b7d8: ;   {metadata(method data for {method} {0x00007c5d9978b898} 'hasChanged' '()Z' in 'org/eclipse/jdt/internal/core/index/MemoryIndex')}
  0x00007c5df9d7b7d8: 48ba 58a3 | 449a 5d7c | 0000 8b8a | f400 0000 | 83c1 0289 | 8af4 0000 | 0081 e1fe | ff1f 0085 
  0x00007c5df9d7b7f8: c90f 8437 | 0e00 0041 | 8b51 108b | 520c 85d2 

  0x00007c5df9d7b808: ;   {metadata(method data for {method} {0x00007c5d9978b898} 'hasChanged' '()Z' in 'org/eclipse/jdt/internal/core/index/MemoryIndex')}
  0x00007c5df9d7b808: 48ba 58a3 | 449a 5d7c | 0000 48c7 | c138 0100 | 007e 0748 | c7c1 4801 | 0000 488b | 3c0a 488d 
  0x00007c5df9d7b828: 7f01 4889 | 3c0a 0f8e | 0a00 0000 | ba01 0000 | 00e9 0500 | 0000 ba00 | 0000 0085 

  0x00007c5df9d7b844: ;   {metadata(method data for {method} {0x00007c5d99788540} 'query' '([[C[CI)[Lorg/eclipse/jdt/internal/core/index/EntryResult;' in 'org/eclipse/jdt/internal/core/index/Index')}
  0x00007c5df9d7b844: d248 ba70 | 6f44 9a5d | 7c00 0048 | c7c1 0003 | 0000 7407 | 48c7 c110 | 0300 0048 | 8b3c 0a48 
  0x00007c5df9d7b864: 8d7f 0148 | 893c 0a0f | 84d0 0000 | 008b 7e18 

  0x00007c5df9d7b874: ; implicit exception: dispatches to 0x00007c5df9d7c65c
  0x00007c5df9d7b874: 483b 0748 

  0x00007c5df9d7b878: ;   {metadata(method data for {method} {0x00007c5d99788540} 'query' '([[C[CI)[Lorg/eclipse/jdt/internal/core/index/EntryResult;' in 'org/eclipse/jdt/internal/core/index/Index')}
  0x00007c5df9d7b878: 8bd7 48b9 | 706f 449a | 5d7c 0000 

  0x00007c5df9d7b884: ;   {metadata('org/eclipse/jdt/internal/core/index/DiskIndex')}
  0x00007c5df9d7b884: 49ba f04b | 539c 5d7c | 0000 4c89 | 9130 0300 | 0048 8381 | 3803 0000 | 0148 8b94 | 2498 0000 
  0x00007c5df9d7b8a4: 0048 8b8c | 24a0 0000 | 0049 8bd8 | 4c8b c348 | 8bf7 899c | 248c 0000 

  0x00007c5df9d7b8bc: ;   {optimized virtual_call}
  0x00007c5df9d7b8bc: 0066 90e8 

  0x00007c5df9d7b8c0: ; ImmutableOopMap {[144]=Oop [152]=Oop [160]=Oop }
                      ;*invokevirtual addQueryResults {reexecute=0 rethrow=0 return_oop=0}
                      ; - org.eclipse.jdt.internal.core.index.Index::query@83 (line 295)
  0x00007c5df9d7b8c0: bc9a 0006 

  0x00007c5df9d7b8c4: ;   {other}
  0x00007c5df9d7b8c4: 0f1f 8400 | b40b 0004 | 488b b424 | 9000 0000 | 8b76 1c48 | 3b06 488b 

  0x00007c5df9d7b8dc: ;   {metadata(method data for {method} {0x00007c5d99788540} 'query' '([[C[CI)[Lorg/eclipse/jdt/internal/core/index/EntryResult;' in 'org/eclipse/jdt/internal/core/index/Index')}
  0x00007c5df9d7b8dc: d648 b970 | 6f44 9a5d 

  0x00007c5df9d7b8e4: ;   {metadata('org/eclipse/jdt/internal/core/index/MemoryIndex')}
  0x00007c5df9d7b8e4: 7c00 0049 | baa0 4753 | 9c5d 7c00 | 004c 8991 | 6803 0000 | 4883 8170 | 0300 0001 | 488b 9424 
  0x00007c5df9d7b904: 9800 0000 | 488b 8c24 | a000 0000 | 448b 8424 | 8c00 0000 | 4c8b c80f 

  0x00007c5df9d7b91c: ;   {optimized virtual_call}
  0x00007c5df9d7b91c: 1f40 00e8 

  0x00007c5df9d7b920: ; ImmutableOopMap {}
                      ;*invokevirtual addQueryResults {reexecute=0 rethrow=0 return_oop=0}
                      ; - org.eclipse.jdt.internal.core.index.Index::query@98 (line 296)
  0x00007c5df9d7b920: 5c9a 0006 

  0x00007c5df9d7b924: ;   {other}
  0x00007c5df9d7b924: 0f1f 8400 | 140c 0005 

  0x00007c5df9d7b92c: ;   {metadata(method data for {method} {0x00007c5d99788540} 'query' '([[C[CI)[Lorg/eclipse/jdt/internal/core/index/EntryResult;' in 'org/eclipse/jdt/internal/core/index/Index')}
  0x00007c5df9d7b92c: 48ba 706f | 449a 5d7c | 0000 ff82 | 9003 0000 | e953 0000 | 008b 7618 

  0x00007c5df9d7b944: ; implicit exception: dispatches to 0x00007c5df9d7c666
  0x00007c5df9d7b944: 483b 0648 

  0x00007c5df9d7b948: ;   {metadata(method data for {method} {0x00007c5d99788540} 'query' '([[C[CI)[Lorg/eclipse/jdt/internal/core/index/EntryResult;' in 'org/eclipse/jdt/internal/core/index/Index')}
  0x00007c5df9d7b948: 8bd6 48b9 | 706f 449a | 5d7c 0000 

  0x00007c5df9d7b954: ;   {metadata('org/eclipse/jdt/internal/core/index/DiskIndex')}
  0x00007c5df9d7b954: 49ba f04b | 539c 5d7c | 0000 4c89 | 91b8 0300 | 0048 8381 | c003 0000 | 0148 8b94 | 2498 0000 
  0x00007c5df9d7b974: 0048 8b8c | 24a0 0000 

  0x00007c5df9d7b97c: ;   {oop(nullptr)}
  0x00007c5df9d7b97c: 0049 b900 | 0000 0000 

  0x00007c5df9d7b984: ;   {optimized virtual_call}
  0x00007c5df9d7b984: 0000 00e8 

  0x00007c5df9d7b988: ; ImmutableOopMap {}
                      ;*invokevirtual addQueryResults {reexecute=0 rethrow=0 return_oop=0}
                      ; - org.eclipse.jdt.internal.core.index.Index::query@115 (line 298)
  0x00007c5df9d7b988: 341f 8d06 

  0x00007c5df9d7b98c: ;   {other}
  0x00007c5df9d7b98c: 0f1f 8400 | 7c0c 0006 | 4c8b c04d 

  0x00007c5df9d7b998: ;   {metadata(method data for {method} {0x00007c5d99788540} 'query' '([[C[CI)[Lorg/eclipse/jdt/internal/core/index/EntryResult;' in 'org/eclipse/jdt/internal/core/index/Index')}
  0x00007c5df9d7b998: 85c0 48bb | 706f 449a | 5d7c 0000 | 48c7 c2f0 | 0300 0074 | 0748 c7c2 | e003 0000 | 488b 3413 
  0x00007c5df9d7b9b8: 488d 7601 | 4889 3413 | 0f84 a707 | 0000 418b 

  0x00007c5df9d7b9c8: ;   {metadata('org/eclipse/jdt/internal/core/index/EntryResult'[])}
  0x00007c5df9d7b9c8: 580c 48ba | 98cc 5f9c | 5d7c 0000 | 4863 db48 | 8bfb 4881 | fbff ffff | 000f 8789 | 0c00 0048 
  0x00007c5df9d7b9e8: c7c6 1700 | 0000 488d | 349e 4883 | e6f8 498b | 87b8 0100 | 0048 8d34 | 3049 3bb7 | c801 0000 
  0x00007c5df9d7ba08: 0f87 620c | 0000 4989 | b7b8 0100 | 0048 2bf0 | 48c7 0001 | 0000 0048 | 8bca 49ba | 0000 009b 
  0x00007c5df9d7ba28: 5d7c 0000 | 492b ca89 | 4808 8958 | 0c48 83ee | 1048 85f6 | 0f84 1100 | 0000 4833 | db48 c1ee 
  0x00007c5df9d7ba48: 0348 895c | f008 48ff | ce75 f641 | 8b70 188b 

  0x00007c5df9d7ba58: ;   {metadata(method data for {method} {0x00007c5d99788540} 'query' '([[C[CI)[Lorg/eclipse/jdt/internal/core/index/EntryResult;' in 'org/eclipse/jdt/internal/core/index/Index')}
  0x00007c5df9d7ba58: 7e0c 48bb | 706f 449a | 5d7c 0000 | ff83 0004 | 0000 bb00 | 0000 00ba | 0000 0000 | e989 0200 
  0x00007c5df9d7ba78: 000f 1f80 | 0000 0000 | 4863 cb8b | 4c8e 1048 | 85c9 7517 

  0x00007c5df9d7ba8c: ;   {metadata(method data for {method} {0x00007c5d99788540} 'query' '([[C[CI)[Lorg/eclipse/jdt/internal/core/index/EntryResult;' in 'org/eclipse/jdt/internal/core/index/Index')}
  0x00007c5df9d7ba8c: 49b9 706f | 449a 5d7c | 0000 4180 | 8911 0400 | 0001 e9ce 

  0x00007c5df9d7baa0: ;   {metadata('org/eclipse/jdt/internal/core/index/EntryResult')}
  0x00007c5df9d7baa0: 0000 0049 | bb60 ca5f | 9c5d 7c00 | 0044 8b41 | 0849 ba00 | 0000 9b5d | 7c00 004d | 03c2 4d3b 
  0x00007c5df9d7bac0: d80f 858e 

  0x00007c5df9d7bac4: ;   {metadata(method data for {method} {0x00007c5d99788540} 'query' '([[C[CI)[Lorg/eclipse/jdt/internal/core/index/EntryResult;' in 'org/eclipse/jdt/internal/core/index/Index')}
  0x00007c5df9d7bac4: 0000 0049 | b970 6f44 | 9a5d 7c00 | 0044 8b59 | 0849 ba00 | 0000 9b5d | 7c00 004d | 03da 4d3b 
  0x00007c5df9d7bae4: 9928 0400 | 0075 0d49 | 8381 3004 | 0000 01e9 | 7900 0000 | 4d3b 9938 | 0400 0075 | 0d49 8381 
  0x00007c5df9d7bb04: 4004 0000 | 01e9 6300 | 0000 4983 | b928 0400 | 0000 7517 | 4d89 9928 | 0400 0049 | c781 3004 
  0x00007c5df9d7bb24: 0000 0100 | 0000 e942 | 0000 0049 | 83b9 3804 | 0000 0075 | 174d 8999 | 3804 0000 | 49c7 8140 
  0x00007c5df9d7bb44: 0400 0001 | 0000 00e9 | 2100 0000 | e91c 0000 

  0x00007c5df9d7bb54: ;   {metadata(method data for {method} {0x00007c5d99788540} 'query' '([[C[CI)[Lorg/eclipse/jdt/internal/core/index/EntryResult;' in 'org/eclipse/jdt/internal/core/index/Index')}
  0x00007c5df9d7bb54: 0049 b970 | 6f44 9a5d | 7c00 0049 | 83a9 1804 | 0000 01e9 | 130b 0000 | e900 0000 | 0048 85c9 
  0x00007c5df9d7bb74: ;   {metadata(method data for {method} {0x00007c5d99788540} 'query' '([[C[CI)[Lorg/eclipse/jdt/internal/core/index/EntryResult;' in 'org/eclipse/jdt/internal/core/index/Index')}
  0x00007c5df9d7bb74: 49b8 706f | 449a 5d7c | 0000 49c7 | c150 0400 | 0074 0749 | c7c1 6004 | 0000 4f8b | 1c08 4d8d 
  0x00007c5df9d7bb94: 5b01 4f89 | 1c08 0f84 | 6001 0000 | 4c8b c241 | ffc0 3b50 | 0c0f 83d9 | 0a00 0048 | 85c9 7517 
  0x00007c5df9d7bbb4: ;   {metadata(method data for {method} {0x00007c5d99788540} 'query' '([[C[CI)[Lorg/eclipse/jdt/internal/core/index/EntryResult;' in 'org/eclipse/jdt/internal/core/index/Index')}
  0x00007c5df9d7bbb4: 49bb 706f | 449a 5d7c | 0000 4180 | 8b69 0400 | 0001 e902 | 0100 0044 | 8b48 0849 | ba00 0000 
  0x00007c5df9d7bbd4: 9b5d 7c00 | 004d 03ca | 448b 5908 | 49ba 0000 | 009b 5d7c | 0000 4d03 | da4d 8b89 | e000 0000 
  0x00007c5df9d7bbf4: 4d3b d90f | 842e 0000 | 0045 8b69 | 144f 3b0c | 2b0f 8420 | 0000 0041 | 83fd 200f | 85a1 0000 
  0x00007c5df9d7bc14: 0041 5341 

  0x00007c5df9d7bc18: ;   {runtime_call slow_subtype_check Runtime1 stub}
  0x00007c5df9d7bc18: 51e8 62ae | 0c06 415b | 4159 4585 | c90f 848b 

  0x00007c5df9d7bc28: ;   {metadata(method data for {method} {0x00007c5d99788540} 'query' '([[C[CI)[Lorg/eclipse/jdt/internal/core/index/EntryResult;' in 'org/eclipse/jdt/internal/core/index/Index')}
  0x00007c5df9d7bc28: 0000 0049 | bb70 6f44 | 9a5d 7c00 | 0044 8b49 | 0849 ba00 | 0000 9b5d | 7c00 004d | 03ca 4d3b 
  0x00007c5df9d7bc48: 8b80 0400 | 0075 0d49 | 8383 8804 | 0000 01e9 | 7100 0000 | 4d3b 8b90 | 0400 0075 | 0d49 8383 
  0x00007c5df9d7bc68: 9804 0000 | 01e9 5b00 | 0000 4983 | bb80 0400 | 0000 7517 | 4d89 8b80 | 0400 0049 | c783 8804 
  0x00007c5df9d7bc88: 0000 0100 | 0000 e93a | 0000 0049 | 83bb 9004 | 0000 0075 | 174d 898b | 9004 0000 | 49c7 8398 
  0x00007c5df9d7bca8: 0400 0001 | 0000 00e9 | 1900 0000 

  0x00007c5df9d7bcb4: ;   {metadata(method data for {method} {0x00007c5d99788540} 'query' '([[C[CI)[Lorg/eclipse/jdt/internal/core/index/EntryResult;' in 'org/eclipse/jdt/internal/core/index/Index')}
  0x00007c5df9d7bcb4: eb17 49bb | 706f 449a | 5d7c 0000 | 4983 ab70 | 0400 0001 | e9ce 0900 | 0048 63d2 | 488d 5490 
  0x00007c5df9d7bcd4: 1045 0fbe | 4f40 4585 | c90f 85c1 | 0900 004c | 8bd1 4489 | 124c 8bca | 4c33 c949 | c1e9 1449 
  0x00007c5df9d7bcf4: 83f9 000f | 85c2 0900 | 0049 8bd0 | ffc3 3bdf | b902 0000 | 007c 05b9 | 0000 0000 

  0x00007c5df9d7bd10: ;   {metadata(method data for {method} {0x00007c5d99788540} 'query' '([[C[CI)[Lorg/eclipse/jdt/internal/core/index/EntryResult;' in 'org/eclipse/jdt/internal/core/index/Index')}
  0x00007c5df9d7bd10: 49b8 706f | 449a 5d7c | 0000 458b | 88f8 0000 | 0044 03c9 | 4589 88f8 | 0000 0085 | c975 0641 
  0x00007c5df9d7bd30: b902 0000 | 0041 81e1 | fe3f 0000 | 4585 c90f | 8492 0900 | 004d 8b97 

  0x00007c5df9d7bd48: ; ImmutableOopMap {rax=Oop rsi=Oop }
                      ;*if_icmplt {reexecute=1 rethrow=0 return_oop=0}
                      ; - (reexecute) org.eclipse.jdt.internal.core.index.Index::query@197 (line 305)
  0x00007c5df9d7bd48: 5804 0000 

  0x00007c5df9d7bd4c: ;   {poll}
  0x00007c5df9d7bd4c: 4185 023b 

  0x00007c5df9d7bd50: ;   {metadata(method data for {method} {0x00007c5d99788540} 'query' '([[C[CI)[Lorg/eclipse/jdt/internal/core/index/EntryResult;' in 'org/eclipse/jdt/internal/core/index/Index')}
  0x00007c5df9d7bd50: df48 b970 | 6f44 9a5d | 7c00 0049 | c7c0 a804 | 0000 7c07 | 49c7 c0b8 | 0400 004e | 8b0c 014d 
  0x00007c5df9d7bd70: 8d49 014e | 890c 010f | 8c03 fdff | ff48 81c4 | e000 0000 

  0x00007c5df9d7bd84: ;   {poll_return}
  0x00007c5df9d7bd84: 5d49 3ba7 | 5004 0000 | 0f87 6609 | 0000 c348 | 8bbc 2480 | 0000 0049 | 8b87 0005 | 0000 4d33 
  0x00007c5df9d7bda4: d24d 8997 | 0005 0000 | 4d33 d24d | 8997 0805 | 0000 488b 

  0x00007c5df9d7bdb8: ;   {metadata(method data for {method} {0x00007c5d99788540} 'query' '([[C[CI)[Lorg/eclipse/jdt/internal/core/index/EntryResult;' in 'org/eclipse/jdt/internal/core/index/Index')}
  0x00007c5df9d7bdb8: f748 bb70 | 6f44 9a5d 

  0x00007c5df9d7bdc0: ;   {metadata('org/eclipse/jdt/internal/core/search/indexing/ReadWriteMonitor')}
  0x00007c5df9d7bdc0: 7c00 0049 | ba68 4553 | 9c5d 7c00 | 004c 8993 | 6802 0000 | 4883 8370 | 0200 0001 | 488d b424 
  0x00007c5df9d7bde0: b000 0000 | 4889 8424 | a800 0000 | 4889 7e08 | 488b 0748 | 83c8 0148 | 8906 f048 | 0fb1 370f 
  0x00007c5df9d7be00: 8412 0000 | 0048 2bc4 | 4825 07f0 | ffff 4889 | 060f 85f7 | 0800 0049 | ff87 5005 

  0x00007c5df9d7be1c: ;   {metadata(method data for {method} {0x00007c5d9978a580} 'exitWriteEnterRead' '()V' in 'org/eclipse/jdt/internal/core/search/indexing/ReadWriteMonitor')}
  0x00007c5df9d7be1c: 0000 48b8 | e079 449a | 5d7c 0000 | 8bb0 f400 | 0000 83c6 | 0289 b0f4 | 0000 0081 | e6fe ff1f 
  0x00007c5df9d7be3c: 0085 f60f | 84dc 0800 | 0048 8bc7 

  0x00007c5df9d7be48: ;   {metadata(method data for {method} {0x00007c5d9978a580} 'exitWriteEnterRead' '()V' in 'org/eclipse/jdt/internal/core/search/indexing/ReadWriteMonitor')}
  0x00007c5df9d7be48: 48be e079 | 449a 5d7c 

  0x00007c5df9d7be50: ;   {metadata('org/eclipse/jdt/internal/core/search/indexing/ReadWriteMonitor')}
  0x00007c5df9d7be50: 0000 49ba | 6845 539c | 5d7c 0000 | 4c89 9648 | 0100 0048 | 8386 5001 | 0000 0148 | 8db4 24c0 
  0x00007c5df9d7be70: 0000 0048 | 897e 0848 | 8b07 4883 | c801 4889 | 06f0 480f | b137 0f84 | 1200 0000 | 482b c448 
  0x00007c5df9d7be90: 2507 f0ff | ff48 8906 | 0f85 a408 | 0000 49ff | 8750 0500 

  0x00007c5df9d7bea4: ;   {metadata(method data for {method} {0x00007c5d9978a3f8} 'exitWrite' '()V' in 'org/eclipse/jdt/internal/core/search/indexing/ReadWriteMonitor')}
  0x00007c5df9d7bea4: 0048 bec8 | 7b44 9a5d | 7c00 008b | 86f4 0000 | 0083 c002 | 8986 f400 | 0000 25fe | ff1f 0085 
  0x00007c5df9d7bec4: c00f 848a | 0800 008b | 770c ffc6 | 8977 0c85 

  0x00007c5df9d7bed4: ;   {metadata(method data for {method} {0x00007c5d9978a3f8} 'exitWrite' '()V' in 'org/eclipse/jdt/internal/core/search/indexing/ReadWriteMonitor')}
  0x00007c5df9d7bed4: f648 bec8 | 7b44 9a5d | 7c00 0048 | c7c0 3801 | 0000 7507 | 48c7 c048 | 0100 0048 | 8b14 0648 
  0x00007c5df9d7bef4: 8d52 0148 | 8914 060f | 852b 0000 | 0048 8bf7 

  0x00007c5df9d7bf04: ;   {metadata(method data for {method} {0x00007c5d9978a3f8} 'exitWrite' '()V' in 'org/eclipse/jdt/internal/core/search/indexing/ReadWriteMonitor')}
  0x00007c5df9d7bf04: 48bb c87b | 449a 5d7c | 0000 4883 | 8358 0100 | 0001 488b | f766 0f1f 

  0x00007c5df9d7bf1c: ;   {optimized virtual_call}
  0x00007c5df9d7bf1c: 4400 00e8 

  0x00007c5df9d7bf20: ; ImmutableOopMap {[128]=Oop [168]=Oop [184]=Oop [200]=Oop }
                      ;*invokevirtual notifyAll {reexecute=0 rethrow=0 return_oop=0}
                      ; - org.eclipse.jdt.internal.core.search.indexing.ReadWriteMonitor::exitWrite@15 (line 69)
                      ; - org.eclipse.jdt.internal.core.search.indexing.ReadWriteMonitor::exitWriteEnterRead@1 (line 97)
                      ; - org.eclipse.jdt.internal.core.index.Index::query@43 (line 288)
  0x00007c5df9d7bf20: 5c94 0006 

  0x00007c5df9d7bf24: ;   {other}
  0x00007c5df9d7bf24: 0f1f 8400 | 1412 0008 | 488d 8424 | c000 0000 | 488b 1048 | 85d2 0f84 | 0f00 0000 | 488b 7008 
  0x00007c5df9d7bf44: f048 0fb1 | 160f 8527 | 0800 0049 | ff8f 5005 | 0000 488b | bc24 8000 | 0000 488b 

  0x00007c5df9d7bf60: ;   {metadata(method data for {method} {0x00007c5d9978a580} 'exitWriteEnterRead' '()V' in 'org/eclipse/jdt/internal/core/search/indexing/ReadWriteMonitor')}
  0x00007c5df9d7bf60: c748 bae0 | 7944 9a5d 

  0x00007c5df9d7bf68: ;   {metadata('org/eclipse/jdt/internal/core/search/indexing/ReadWriteMonitor')}
  0x00007c5df9d7bf68: 7c00 0049 | ba68 4553 | 9c5d 7c00 | 004c 8992 | 8001 0000 | 4883 8288 | 0100 0001 | 488d 9424 
  0x00007c5df9d7bf88: c000 0000 | 4889 7a08 | 488b 0748 | 83c8 0148 | 8902 f048 | 0fb1 170f | 8412 0000 | 0048 2bc4 
  0x00007c5df9d7bfa8: 4825 07f0 | ffff 4889 | 020f 85d5 | 0700 0049 | ff87 5005 

  0x00007c5df9d7bfbc: ;   {metadata(method data for {method} {0x00007c5d9978a188} 'enterRead' '()V' in 'org/eclipse/jdt/internal/core/search/indexing/ReadWriteMonitor')}
  0x00007c5df9d7bfbc: 0000 48ba | 987d 449a | 5d7c 0000 | 8bb2 f400 | 0000 83c6 | 0289 b2f4 | 0000 0081 | e6fe ff1f 
  0x00007c5df9d7bfdc: 0085 f60f | 84ba 0700 

  0x00007c5df9d7bfe4: ;   {metadata(method data for {method} {0x00007c5d9978a188} 'enterRead' '()V' in 'org/eclipse/jdt/internal/core/search/indexing/ReadWriteMonitor')}
  0x00007c5df9d7bfe4: 0048 ba98 | 7d44 9a5d | 7c00 00ff | 8238 0100 | 00e9 b200 | 0000 660f | 1f44 0000 

  0x00007c5df9d7c000: ;   {metadata(method data for {method} {0x00007c5d9978a188} 'enterRead' '()V' in 'org/eclipse/jdt/internal/core/search/indexing/ReadWriteMonitor')}
  0x00007c5df9d7c000: 488b d748 | be98 7d44 | 9a5d 7c00 | 0048 8386 | 5001 0000 

  0x00007c5df9d7c014: ;   {metadata(method data for {method} {0x00007c5d9b474940} 'wait' '()V' in 'java/lang/Object')}
  0x00007c5df9d7c014: 0148 ba00 | f930 985d | 7c00 008b | b2f4 0000 | 0083 c602 | 89b2 f400 | 0000 81e6 | feff 1f00 
  0x00007c5df9d7c034: 85f6 0f84 | 8407 0000 

  0x00007c5df9d7c03c: ;   {metadata(method data for {method} {0x00007c5d9b474940} 'wait' '()V' in 'java/lang/Object')}
  0x00007c5df9d7c03c: 488b d748 | be00 f930 | 985d 7c00 | 0048 8386 | 3801 0000 | 0148 c7c2 | 0000 0000 | 488b f70f 
  0x00007c5df9d7c05c: ;   {optimized virtual_call}
  0x00007c5df9d7c05c: 1f40 00e8 

  0x00007c5df9d7c060: ; ImmutableOopMap {[128]=Oop [168]=Oop [184]=Oop [200]=Oop }
                      ;*invokevirtual wait {reexecute=0 rethrow=0 return_oop=0}
                      ; - java.lang.Object::wait@2 (line 339)
                      ; - org.eclipse.jdt.internal.core.search.indexing.ReadWriteMonitor::enterRead@4 (line 35)
                      ; - org.eclipse.jdt.internal.core.search.indexing.ReadWriteMonitor::exitWriteEnterRead@5 (line 98)
                      ; - org.eclipse.jdt.internal.core.index.Index::query@43 (line 288)
  0x00007c5df9d7c060: 1c93 0006 

  0x00007c5df9d7c064: ;   {other}
  0x00007c5df9d7c064: 0f1f 8400 | 5413 0009 

  0x00007c5df9d7c06c: ;   {metadata(method data for {method} {0x00007c5d9978a188} 'enterRead' '()V' in 'org/eclipse/jdt/internal/core/search/indexing/ReadWriteMonitor')}
  0x00007c5df9d7c06c: 48b8 987d | 449a 5d7c | 0000 ff80 | 8801 0000 | 488b bc24 | 8000 0000 | e923 0000 | 0049 8b87 
  0x00007c5df9d7c08c: 0005 0000 | 4d33 d24d | 8997 0005 | 0000 4d33 | d24d 8997 | 0805 0000 | 488b bc24 | 8000 0000 
  0x00007c5df9d7c0ac: 8b77 0c85 | f6ba 0200 | 0000 7c05 | ba00 0000 

  0x00007c5df9d7c0bc: ;   {metadata(method data for {method} {0x00007c5d9978a188} 'enterRead' '()V' in 'org/eclipse/jdt/internal/core/search/indexing/ReadWriteMonitor')}
  0x00007c5df9d7c0bc: 0048 bb98 | 7d44 9a5d | 7c00 008b | 83f8 0000 | 0003 c289 | 83f8 0000 | 0085 d275 | 05b8 0200 
  0x00007c5df9d7c0dc: 0000 25fe | 3f00 0085 | c00f 84f6 | 0600 004d | 8b97 5804 

  0x00007c5df9d7c0f0: ; ImmutableOopMap {rdi=Oop [128]=Oop [168]=Oop [184]=Oop [200]=Oop }
                      ;*iflt {reexecute=1 rethrow=0 return_oop=0}
                      ; - (reexecute) org.eclipse.jdt.internal.core.search.indexing.ReadWriteMonitor::enterRead@15 (line 33)
                      ; - org.eclipse.jdt.internal.core.search.indexing.ReadWriteMonitor::exitWriteEnterRead@5 (line 98)
                      ; - org.eclipse.jdt.internal.core.index.Index::query@43 (line 288)
                      ;   {poll}
  0x00007c5df9d7c0f0: 0000 4185 

  0x00007c5df9d7c0f4: ;   {metadata(method data for {method} {0x00007c5d9978a188} 'enterRead' '()V' in 'org/eclipse/jdt/internal/core/search/indexing/ReadWriteMonitor')}
  0x00007c5df9d7c0f4: 0285 f648 | ba98 7d44 | 9a5d 7c00 | 0048 c7c3 | a001 0000 | 7c07 48c7 | c3b0 0100 | 0048 8b04 
  0x00007c5df9d7c114: 1a48 8d40 | 0148 8904 | 1a0f 8cdd | feff ffff | c689 770c | 488d 8424 | c000 0000 | 488b 1048 
  0x00007c5df9d7c134: 85d2 0f84 | 0f00 0000 | 488b 7008 | f048 0fb1 | 160f 85b7 | 0600 0049 | ff8f 5005 | 0000 e956 
  0x00007c5df9d7c154: 0000 0048 | 81c4 e000 

  0x00007c5df9d7c15c: ;   {poll_return}
  0x00007c5df9d7c15c: 0000 5d49 | 3ba7 5004 | 0000 0f87 | ac06 0000 

  0x00007c5df9d7c16c: ;   {oop(nullptr)}
  0x00007c5df9d7c16c: c348 b800 | 0000 0000 | 0000 0048 | 81c4 e000 

  0x00007c5df9d7c17c: ;   {poll_return}
  0x00007c5df9d7c17c: 0000 5d49 | 3ba7 5004 | 0000 0f87 | a206 0000 

  0x00007c5df9d7c18c: ;   {oop(nullptr)}
  0x00007c5df9d7c18c: c348 b800 | 0000 0000 | 0000 0048 | 81c4 e000 

  0x00007c5df9d7c19c: ;   {poll_return}
  0x00007c5df9d7c19c: 0000 5d49 | 3ba7 5004 | 0000 0f87 | 9806 0000 | c348 8d84 | 24b0 0000 | 0048 8b10 | 4885 d20f 
  0x00007c5df9d7c1bc: 840f 0000 | 0048 8b70 | 08f0 480f | b116 0f85 | 8a06 0000 | 49ff 8f50 | 0500 0048 | 8b84 24a8 
  0x00007c5df9d7c1dc: 0000 00e9 | 6d07 0000 | 498b 8700 | 0500 004d | 33d2 4d89 | 9700 0500 | 004d 33d2 | 4d89 9708 
  0x00007c5df9d7c1fc: 0500 0048 | 8bd0 488d | 8424 c000 | 0000 488b | 3048 85f6 | 0f84 0f00 | 0000 488b | 7808 f048 
  0x00007c5df9d7c21c: 0fb1 370f | 854b 0600 | 0049 ff8f | 5005 0000 

  0x00007c5df9d7c22c: ; ImmutableOopMap {rax=Oop [168]=Oop [184]=Oop }
                      ;*invokevirtual enterRead {reexecute=0 rethrow=0 return_oop=0}
                      ; - org.eclipse.jdt.internal.core.search.indexing.ReadWriteMonitor::exitWriteEnterRead@5 (line 98)
                      ; - org.eclipse.jdt.internal.core.index.Index::query@43 (line 288)
                      ;   {section_word}
  0x00007c5df9d7c22c: 488b c248 | ba2f c2d7 | f95d 7c00 

  0x00007c5df9d7c238: ;   {runtime_call handle_exception_nofpu Runtime1 stub}
  0x00007c5df9d7c238: 00e8 4296 | 0c06 9048 | 8bbc 2480 | 0000 0049 | 8b87 0005 | 0000 4d33 | d24d 8997 | 0005 0000 
  0x00007c5df9d7c258: 4d33 d24d | 8997 0805 | 0000 488b | d048 8d84 | 24c0 0000 | 0048 8b18 | 4885 db0f | 840f 0000 
  0x00007c5df9d7c278: 0048 8b48 | 08f0 480f | b119 0f85 | fe05 0000 | 49ff 8f50 | 0500 0048 

  0x00007c5df9d7c290: ; ImmutableOopMap {rsi=Oop rdi=Oop rax=Oop [128]=Oop [184]=Oop }
                      ;*invokevirtual exitWrite {reexecute=0 rethrow=0 return_oop=0}
                      ; - org.eclipse.jdt.internal.core.search.indexing.ReadWriteMonitor::exitWriteEnterRead@1 (line 97)
                      ; - org.eclipse.jdt.internal.core.index.Index::query@43 (line 288)
                      ;   {section_word}
  0x00007c5df9d7c290: 8bc2 48ba | 92c2 d7f9 | 5d7c 0000 

  0x00007c5df9d7c29c: ;   {runtime_call handle_exception_nofpu Runtime1 stub}
  0x00007c5df9d7c29c: e8df 950c | 0690 498b | 8700 0500 | 004d 33d2 | 4d89 9700 | 0500 004d | 33d2 4d89 | 9708 0500 
  0x00007c5df9d7c2bc: 0048 8bd0 | 488d 8424 | b000 0000 | 488b 3048 | 85f6 0f84 | 0f00 0000 | 488b 7808 | f048 0fb1 
  0x00007c5df9d7c2dc: 370f 85b9 | 0500 0049 | ff8f 5005 | 0000 488b | c2e9 5f06 | 0000 488b | b424 9000 | 0000 498b 
  0x00007c5df9d7c2fc: 8700 0500 | 004d 33d2 | 4d89 9700 | 0500 004d | 33d2 4d89 | 9708 0500 | 0048 8bd0 | 488d 8424 
  0x00007c5df9d7c31c: c000 0000 | 488b 3848 | 85ff 0f84 | 0f00 0000 | 488b 5808 | f048 0fb1 | 3b0f 8577 | 0500 0049 
  0x00007c5df9d7c33c: ff8f 5005 | 0000 488b 

  0x00007c5df9d7c344: ; ImmutableOopMap {rsi=Oop rax=Oop [144]=Oop [152]=Oop [160]=Oop [184]=Oop }
                      ;*invokevirtual enterRead {reexecute=0 rethrow=0 return_oop=0}
                      ; - org.eclipse.jdt.internal.core.search.indexing.ReadWriteMonitor::exitWriteEnterRead@5 (line 98)
                      ; - org.eclipse.jdt.internal.core.index.Index::query@51 (line 288)
                      ;   {section_word}
  0x00007c5df9d7c344: c248 ba45 | c3d7 f95d 

  0x00007c5df9d7c34c: ;   {runtime_call handle_exception_nofpu Runtime1 stub}
  0x00007c5df9d7c34c: 7c00 00e8 | 2c95 0c06 | 9048 8bbc | 2480 0000 | 0048 8bb4 | 2490 0000 | 0049 8b87 | 0005 0000 
  0x00007c5df9d7c36c: 4d33 d24d | 8997 0005 | 0000 4d33 | d24d 8997 | 0805 0000 | 488b d048 | 8d84 24c0 | 0000 004c 
  0x00007c5df9d7c38c: 8b08 4d85 | c90f 840f | 0000 004c | 8b58 08f0 | 4d0f b10b | 0f85 2205 | 0000 49ff | 8f50 0500 
  0x00007c5df9d7c3ac: ; ImmutableOopMap {rcx=Oop rbx=Oop rdi=Oop rsi=Oop rax=Oop [128]=Oop [144]=Oop [184]=Oop }
                      ;*invokevirtual exitWrite {reexecute=0 rethrow=0 return_oop=0}
                      ; - org.eclipse.jdt.internal.core.search.indexing.ReadWriteMonitor::exitWriteEnterRead@1 (line 97)
                      ; - org.eclipse.jdt.internal.core.index.Index::query@51 (line 288)
  0x00007c5df9d7c3ac: 0048 8bc2 

  0x00007c5df9d7c3b0: ;   {section_word}
  0x00007c5df9d7c3b0: 48ba b0c3 | d7f9 5d7c 

  0x00007c5df9d7c3b8: ;   {runtime_call handle_exception_nofpu Runtime1 stub}
  0x00007c5df9d7c3b8: 0000 e8c1 | 940c 0690 | 498b 8700 | 0500 004d | 33d2 4d89 | 9700 0500 | 004d 33d2 | 4d89 9708 
  0x00007c5df9d7c3d8: 0500 0048 | 8bf0 488d | 8424 b000 | 0000 488b | 3848 85ff | 0f84 0f00 | 0000 488b | 5808 f048 
  0x00007c5df9d7c3f8: 0fb1 3b0f | 85dd 0400 | 0049 ff8f | 5005 0000 | 488b c6e9 | 4105 0000 | 498b 8700 | 0500 004d 
  0x00007c5df9d7c418: 33d2 4d89 | 9700 0500 | 004d 33d2 | 4d89 9708 | 0500 0048 | 8bf0 488d | 8424 b000 | 0000 488b 
  0x00007c5df9d7c438: 3848 85ff | 0f84 0f00 | 0000 488b | 5808 f048 | 0fb1 3b0f | 85a3 0400 | 0049 ff8f | 5005 0000 
  0x00007c5df9d7c458: 488b c6e9 | f104 0000 

  0x00007c5df9d7c460: ;   {metadata({method} {0x00007c5d99788540} 'query' '([[C[CI)[Lorg/eclipse/jdt/internal/core/index/EntryResult;' in 'org/eclipse/jdt/internal/core/index/Index')}
  0x00007c5df9d7c460: 49ba 4085 | 7899 5d7c | 0000 4c89 | 5424 0848 | c704 24ff 

  0x00007c5df9d7c474: ;   {runtime_call counter_overflow Runtime1 stub}
  0x00007c5df9d7c474: ffff ffe8 

  0x00007c5df9d7c478: ; ImmutableOopMap {rsi=Oop rdx=Oop rcx=Oop [144]=Oop }
                      ;*synchronization entry
                      ; - org.eclipse.jdt.internal.core.index.Index::query@-1 (line 279)
  0x00007c5df9d7c478: 04cb 0c06 | e96d ecff 

  0x00007c5df9d7c480: ;   {runtime_call throw_null_pointer_exception Runtime1 stub}
  0x00007c5df9d7c480: ffe8 fa7b 

  0x00007c5df9d7c484: ; ImmutableOopMap {rsi=Oop rdx=Oop rcx=Oop rdi=Oop rax=Oop [128]=Oop [144]=Oop }
                      ;*invokevirtual shouldMerge {reexecute=0 rethrow=0 return_oop=0}
                      ; - org.eclipse.jdt.internal.core.index.Index::query@17 (line 284)
                      ;   {metadata({method} {0x00007c5d9978ba48} 'shouldMerge' '()Z' in 'org/eclipse/jdt/internal/core/index/MemoryIndex')}
  0x00007c5df9d7c484: 0c06 49ba | 48ba 7899 | 5d7c 0000 | 4c89 5424 | 0848 c704 | 24ff ffff 

  0x00007c5df9d7c49c: ;   {runtime_call counter_overflow Runtime1 stub}
  0x00007c5df9d7c49c: ffe8 deca 

  0x00007c5df9d7c4a0: ; ImmutableOopMap {rsi=Oop rdx=Oop rcx=Oop rdi=Oop rax=Oop [128]=Oop [144]=Oop }
                      ;*synchronization entry
                      ; - org.eclipse.jdt.internal.core.index.MemoryIndex::shouldMerge@-1 (line 127)
                      ; - org.eclipse.jdt.internal.core.index.Index::query@17 (line 284)
  0x00007c5df9d7c4a0: 0c06 e9d9 

  0x00007c5df9d7c4a4: ;   {runtime_call throw_null_pointer_exception Runtime1 stub}
  0x00007c5df9d7c4a4: ecff ffe8 

  0x00007c5df9d7c4a8: ; ImmutableOopMap {rsi=Oop rdx=Oop rcx=Oop rdi=Oop rax=Oop [128]=Oop [144]=Oop }
                      ;*getfield elementSize {reexecute=1 rethrow=0 return_oop=0}
                      ; - (reexecute) org.eclipse.jdt.internal.core.index.MemoryIndex::shouldMerge@4 (line 127)
                      ; - org.eclipse.jdt.internal.core.index.Index::query@17 (line 284)
  0x00007c5df9d7c4a8: d47b 0c06 

  0x00007c5df9d7c4ac: ;   {runtime_call throw_null_pointer_exception Runtime1 stub}
  0x00007c5df9d7c4ac: e8cf 7b0c 

  0x00007c5df9d7c4b0: ; ImmutableOopMap {rsi=Oop rdx=Oop rcx=Oop rdi=Oop [128]=Oop [144]=Oop }
                      ;*invokevirtual exitReadEnterWrite {reexecute=0 rethrow=0 return_oop=0}
                      ; - org.eclipse.jdt.internal.core.index.Index::query@25 (line 284)
  0x00007c5df9d7c4b0: 0648 897c | 2408 4889 

  0x00007c5df9d7c4b8: ;   {runtime_call monitorenter_nofpu Runtime1 stub}
  0x00007c5df9d7c4b8: 1c24 e8c1 

  0x00007c5df9d7c4bc: ; ImmutableOopMap {rsi=Oop rdx=Oop rcx=Oop rdi=Oop [128]=Oop [144]=Oop [184]=Oop }
                      ;*synchronization entry
                      ; - org.eclipse.jdt.internal.core.search.indexing.ReadWriteMonitor::exitReadEnterWrite@-1 (line 78)
                      ; - org.eclipse.jdt.internal.core.index.Index::query@25 (line 284)
  0x00007c5df9d7c4bc: ab0c 06e9 | b0ed ffff 

  0x00007c5df9d7c4c4: ;   {metadata({method} {0x00007c5d9978a4c0} 'exitReadEnterWrite' '()Z' in 'org/eclipse/jdt/internal/core/search/indexing/ReadWriteMonitor')}
  0x00007c5df9d7c4c4: 49ba c0a4 | 7899 5d7c | 0000 4c89 | 5424 0848 | c704 24ff 

  0x00007c5df9d7c4d8: ;   {runtime_call counter_overflow Runtime1 stub}
  0x00007c5df9d7c4d8: ffff ffe8 

  0x00007c5df9d7c4dc: ; ImmutableOopMap {rsi=Oop rdx=Oop rcx=Oop rdi=Oop [128]=Oop [144]=Oop [184]=Oop }
                      ;*synchronization entry
                      ; - org.eclipse.jdt.internal.core.search.indexing.ReadWriteMonitor::exitReadEnterWrite@-1 (line 78)
                      ; - org.eclipse.jdt.internal.core.index.Index::query@25 (line 284)
  0x00007c5df9d7c4dc: a0ca 0c06 | e9b6 edff | ff48 8d84 | 24b0 0000 | 0048 8904 

  0x00007c5df9d7c4f0: ;   {runtime_call monitorexit_nofpu Runtime1 stub}
  0x00007c5df9d7c4f0: 24e8 8ab1 | 0c06 e9fc | edff ff48 | 8d84 24b0 | 0000 0048 

  0x00007c5df9d7c504: ;   {runtime_call monitorexit_nofpu Runtime1 stub}
  0x00007c5df9d7c504: 8904 24e8 | 74b1 0c06 | e921 eeff | ff48 897c | 2408 4889 

  0x00007c5df9d7c518: ;   {runtime_call monitorenter_nofpu Runtime1 stub}
  0x00007c5df9d7c518: 3424 e861 

  0x00007c5df9d7c51c: ; ImmutableOopMap {rdi=Oop [128]=Oop [144]=Oop [152]=Oop [160]=Oop [184]=Oop }
                      ;*synchronization entry
                      ; - org.eclipse.jdt.internal.core.search.indexing.ReadWriteMonitor::exitWriteEnterRead@-1 (line 97)
                      ; - org.eclipse.jdt.internal.core.index.Index::query@51 (line 288)
  0x00007c5df9d7c51c: ab0c 06e9 | 10ef ffff 

  0x00007c5df9d7c524: ;   {metadata({method} {0x00007c5d9978a580} 'exitWriteEnterRead' '()V' in 'org/eclipse/jdt/internal/core/search/indexing/ReadWriteMonitor')}
  0x00007c5df9d7c524: 49ba 80a5 | 7899 5d7c | 0000 4c89 | 5424 0848 | c704 24ff 

  0x00007c5df9d7c538: ;   {runtime_call counter_overflow Runtime1 stub}
  0x00007c5df9d7c538: ffff ffe8 

  0x00007c5df9d7c53c: ; ImmutableOopMap {rdi=Oop [128]=Oop [144]=Oop [152]=Oop [160]=Oop [184]=Oop }
                      ;*synchronization entry
                      ; - org.eclipse.jdt.internal.core.search.indexing.ReadWriteMonitor::exitWriteEnterRead@-1 (line 97)
                      ; - org.eclipse.jdt.internal.core.index.Index::query@51 (line 288)
  0x00007c5df9d7c53c: 40ca 0c06 | e916 efff | ff48 897c | 2408 4889 

  0x00007c5df9d7c54c: ;   {runtime_call monitorenter_nofpu Runtime1 stub}
  0x00007c5df9d7c54c: 3424 e82d 

  0x00007c5df9d7c550: ; ImmutableOopMap {rdi=Oop [128]=Oop [144]=Oop [152]=Oop [160]=Oop [184]=Oop [200]=Oop }
                      ;*synchronization entry
                      ; - org.eclipse.jdt.internal.core.search.indexing.ReadWriteMonitor::exitWrite@-1 (line 69)
                      ; - org.eclipse.jdt.internal.core.search.indexing.ReadWriteMonitor::exitWriteEnterRead@1 (line 97)
                      ; - org.eclipse.jdt.internal.core.index.Index::query@51 (line 288)
  0x00007c5df9d7c550: ab0c 06e9 | 63ef ffff 

  0x00007c5df9d7c558: ;   {metadata({method} {0x00007c5d9978a3f8} 'exitWrite' '()V' in 'org/eclipse/jdt/internal/core/search/indexing/ReadWriteMonitor')}
  0x00007c5df9d7c558: 49ba f8a3 | 7899 5d7c | 0000 4c89 | 5424 0848 | c704 24ff 

  0x00007c5df9d7c56c: ;   {runtime_call counter_overflow Runtime1 stub}
  0x00007c5df9d7c56c: ffff ffe8 

  0x00007c5df9d7c570: ; ImmutableOopMap {rdi=Oop [128]=Oop [144]=Oop [152]=Oop [160]=Oop [184]=Oop [200]=Oop }
                      ;*synchronization entry
                      ; - org.eclipse.jdt.internal.core.search.indexing.ReadWriteMonitor::exitWrite@-1 (line 69)
                      ; - org.eclipse.jdt.internal.core.search.indexing.ReadWriteMonitor::exitWriteEnterRead@1 (line 97)
                      ; - org.eclipse.jdt.internal.core.index.Index::query@51 (line 288)
  0x00007c5df9d7c570: 0cca 0c06 | e969 efff | ff48 8d84 | 24c0 0000 | 0048 8904 

  0x00007c5df9d7c584: ;   {runtime_call monitorexit_nofpu Runtime1 stub}
  0x00007c5df9d7c584: 24e8 f6b0 | 0c06 e9df | efff ff48 | 897c 2408 | 4889 1424 

  0x00007c5df9d7c598: ;   {runtime_call monitorenter_nofpu Runtime1 stub}
  0x00007c5df9d7c598: e8e3 aa0c 

  0x00007c5df9d7c59c: ; ImmutableOopMap {rdi=Oop [128]=Oop [144]=Oop [152]=Oop [160]=Oop [184]=Oop [200]=Oop }
                      ;*synchronization entry
                      ; - org.eclipse.jdt.internal.core.search.indexing.ReadWriteMonitor::enterRead@-1 (line 33)
                      ; - org.eclipse.jdt.internal.core.search.indexing.ReadWriteMonitor::exitWriteEnterRead@5 (line 98)
                      ; - org.eclipse.jdt.internal.core.index.Index::query@51 (line 288)
  0x00007c5df9d7c59c: 06e9 34f0 

  0x00007c5df9d7c5a0: ;   {metadata({method} {0x00007c5d9978a188} 'enterRead' '()V' in 'org/eclipse/jdt/internal/core/search/indexing/ReadWriteMonitor')}
  0x00007c5df9d7c5a0: ffff 49ba | 88a1 7899 | 5d7c 0000 | 4c89 5424 | 0848 c704 | 24ff ffff 

  0x00007c5df9d7c5b8: ;   {runtime_call counter_overflow Runtime1 stub}
  0x00007c5df9d7c5b8: ffe8 c2c9 

  0x00007c5df9d7c5bc: ; ImmutableOopMap {rdi=Oop [128]=Oop [144]=Oop [152]=Oop [160]=Oop [184]=Oop [200]=Oop }
                      ;*synchronization entry
                      ; - org.eclipse.jdt.internal.core.search.indexing.ReadWriteMonitor::enterRead@-1 (line 33)
                      ; - org.eclipse.jdt.internal.core.search.indexing.ReadWriteMonitor::exitWriteEnterRead@5 (line 98)
                      ; - org.eclipse.jdt.internal.core.index.Index::query@51 (line 288)
  0x00007c5df9d7c5bc: 0c06 e93a 

  0x00007c5df9d7c5c0: ;   {metadata({method} {0x00007c5d9b474940} 'wait' '()V' in 'java/lang/Object')}
  0x00007c5df9d7c5c0: f0ff ff49 | ba40 4947 | 9b5d 7c00 | 004c 8954 | 2408 48c7 | 0424 ffff 

  0x00007c5df9d7c5d8: ;   {runtime_call counter_overflow Runtime1 stub}
  0x00007c5df9d7c5d8: ffff e8a1 

  0x00007c5df9d7c5dc: ; ImmutableOopMap {rdi=Oop [128]=Oop [144]=Oop [152]=Oop [160]=Oop [184]=Oop [200]=Oop }
                      ;*synchronization entry
                      ; - java.lang.Object::wait@-1 (line 339)
                      ; - org.eclipse.jdt.internal.core.search.indexing.ReadWriteMonitor::enterRead@4 (line 35)
                      ; - org.eclipse.jdt.internal.core.search.indexing.ReadWriteMonitor::exitWriteEnterRead@5 (line 98)
                      ; - org.eclipse.jdt.internal.core.index.Index::query@51 (line 288)
  0x00007c5df9d7c5dc: c90c 06e9 | 70f0 ffff 

  0x00007c5df9d7c5e4: ;   {metadata({method} {0x00007c5d9978a188} 'enterRead' '()V' in 'org/eclipse/jdt/internal/core/search/indexing/ReadWriteMonitor')}
  0x00007c5df9d7c5e4: 49ba 88a1 | 7899 5d7c | 0000 4c89 | 5424 0848 | c704 240f 

  0x00007c5df9d7c5f8: ;   {runtime_call counter_overflow Runtime1 stub}
  0x00007c5df9d7c5f8: 0000 00e8 

  0x00007c5df9d7c5fc: ; ImmutableOopMap {rdi=Oop [128]=Oop [144]=Oop [152]=Oop [160]=Oop [184]=Oop [200]=Oop }
                      ;*iflt {reexecute=1 rethrow=0 return_oop=0}
                      ; - (reexecute) org.eclipse.jdt.internal.core.search.indexing.ReadWriteMonitor::enterRead@15 (line 33)
                      ; - org.eclipse.jdt.internal.core.search.indexing.ReadWriteMonitor::exitWriteEnterRead@5 (line 98)
                      ; - org.eclipse.jdt.internal.core.index.Index::query@51 (line 288)
  0x00007c5df9d7c5fc: 80c9 0c06 | e9fe f0ff | ff48 8d84 | 24c0 0000 | 0048 8904 

  0x00007c5df9d7c610: ;   {runtime_call monitorexit_nofpu Runtime1 stub}
  0x00007c5df9d7c610: 24e8 6ab0 | 0c06 e94f | f1ff ff48 | 8d84 24b0 | 0000 0048 

  0x00007c5df9d7c624: ;   {runtime_call monitorexit_nofpu Runtime1 stub}
  0x00007c5df9d7c624: 8904 24e8 | 54b0 0c06 | e963 f1ff 

  0x00007c5df9d7c630: ;   {runtime_call throw_null_pointer_exception Runtime1 stub}
  0x00007c5df9d7c630: ffe8 4a7a 

  0x00007c5df9d7c634: ; ImmutableOopMap {rsi=Oop r9=Oop [144]=Oop [152]=Oop [160]=Oop }
                      ;*invokevirtual hasChanged {reexecute=0 rethrow=0 return_oop=0}
                      ; - org.eclipse.jdt.internal.core.index.Index::query@65 (line 294)
                      ;   {metadata({method} {0x00007c5d9978b898} 'hasChanged' '()Z' in 'org/eclipse/jdt/internal/core/index/MemoryIndex')}
  0x00007c5df9d7c634: 0c06 49ba | 98b8 7899 | 5d7c 0000 | 4c89 5424 | 0848 c704 | 24ff ffff 

  0x00007c5df9d7c64c: ;   {runtime_call counter_overflow Runtime1 stub}
  0x00007c5df9d7c64c: ffe8 2ec9 

  0x00007c5df9d7c650: ; ImmutableOopMap {rsi=Oop r9=Oop [144]=Oop [152]=Oop [160]=Oop }
                      ;*synchronization entry
                      ; - org.eclipse.jdt.internal.core.index.MemoryIndex::hasChanged@-1 (line 117)
                      ; - org.eclipse.jdt.internal.core.index.Index::query@65 (line 294)
  0x00007c5df9d7c650: 0c06 e9a8 

  0x00007c5df9d7c654: ;   {runtime_call throw_null_pointer_exception Runtime1 stub}
  0x00007c5df9d7c654: f1ff ffe8 

  0x00007c5df9d7c658: ; ImmutableOopMap {rsi=Oop r9=Oop [144]=Oop [152]=Oop [160]=Oop }
                      ;*getfield elementSize {reexecute=1 rethrow=0 return_oop=0}
                      ; - (reexecute) org.eclipse.jdt.internal.core.index.MemoryIndex::hasChanged@4 (line 117)
                      ; - org.eclipse.jdt.internal.core.index.Index::query@65 (line 294)
  0x00007c5df9d7c658: 247a 0c06 

  0x00007c5df9d7c65c: ;   {runtime_call throw_null_pointer_exception Runtime1 stub}
  0x00007c5df9d7c65c: e81f 7a0c 

  0x00007c5df9d7c660: ; ImmutableOopMap {rsi=Oop r9=Oop rdi=Oop [144]=Oop [152]=Oop [160]=Oop }
                      ;*invokevirtual addQueryResults {reexecute=0 rethrow=0 return_oop=0}
                      ; - org.eclipse.jdt.internal.core.index.Index::query@83 (line 295)
                      ;   {runtime_call throw_null_pointer_exception Runtime1 stub}
  0x00007c5df9d7c660: 06e8 1a7a 

  0x00007c5df9d7c664: ; ImmutableOopMap {rax=Oop rsi=Oop [152]=Oop [160]=Oop }
                      ;*invokevirtual addQueryResults {reexecute=0 rethrow=0 return_oop=0}
                      ; - org.eclipse.jdt.internal.core.index.Index::query@98 (line 296)
                      ;   {runtime_call throw_null_pointer_exception Runtime1 stub}
  0x00007c5df9d7c664: 0c06 e815 

  0x00007c5df9d7c668: ; ImmutableOopMap {rsi=Oop [152]=Oop [160]=Oop }
                      ;*invokevirtual addQueryResults {reexecute=0 rethrow=0 return_oop=0}
                      ; - org.eclipse.jdt.internal.core.index.Index::query@115 (line 298)
                      ;   {runtime_call throw_null_pointer_exception Runtime1 stub}
  0x00007c5df9d7c668: 7a0c 06e8 

  0x00007c5df9d7c66c: ; ImmutableOopMap {r8=Oop }
                      ;*getfield elementSize {reexecute=1 rethrow=0 return_oop=0}
                      ; - (reexecute) org.eclipse.jdt.internal.core.index.Index::query@129 (line 302)
  0x00007c5df9d7c66c: 107a 0c06 

  0x00007c5df9d7c670: ;   {runtime_call new_object_array Runtime1 stub}
  0x00007c5df9d7c670: e80b 8c0c 

  0x00007c5df9d7c674: ; ImmutableOopMap {r8=Oop }
                      ;*anewarray {reexecute=0 rethrow=0 return_oop=0}
                      ; - org.eclipse.jdt.internal.core.index.Index::query@132 (line 302)
  0x00007c5df9d7c674: 06e9 d9f3 

  0x00007c5df9d7c678: ;   {runtime_call throw_null_pointer_exception Runtime1 stub}
  0x00007c5df9d7c678: ffff e801 

  0x00007c5df9d7c67c: ; ImmutableOopMap {rax=Oop rsi=Oop }
                      ;*arraylength {reexecute=0 rethrow=0 return_oop=0}
                      ; - org.eclipse.jdt.internal.core.index.Index::query@152 (line 305)
  0x00007c5df9d7c67c: 7a0c 0648 

  0x00007c5df9d7c680: ;   {runtime_call throw_class_cast_exception Runtime1 stub}
  0x00007c5df9d7c680: 890c 24e8 

  0x00007c5df9d7c684: ; ImmutableOopMap {rax=Oop rsi=Oop }
                      ;*checkcast {reexecute=0 rethrow=0 return_oop=0}
                      ; - org.eclipse.jdt.internal.core.index.Index::query@170 (line 306)
  0x00007c5df9d7c684: f89d 0c06 | 4889 1424 | 4889 4424 

  0x00007c5df9d7c690: ;   {runtime_call throw_range_check_failed Runtime1 stub}
  0x00007c5df9d7c690: 08e8 ea70 

  0x00007c5df9d7c694: ; ImmutableOopMap {rax=Oop rsi=Oop rcx=Oop }
                      ;*aastore {reexecute=1 rethrow=0 return_oop=0}
                      ; - (reexecute) org.eclipse.jdt.internal.core.index.Index::query@189 (line 308)
                      ;   {runtime_call throw_null_pointer_exception Runtime1 stub}
  0x00007c5df9d7c694: 0c06 e8e5 

  0x00007c5df9d7c698: ; ImmutableOopMap {rax=Oop rsi=Oop rcx=Oop }
                      ;*aastore {reexecute=1 rethrow=0 return_oop=0}
                      ; - (reexecute) org.eclipse.jdt.internal.core.index.Index::query@189 (line 308)
  0x00007c5df9d7c698: 790c 0648 

  0x00007c5df9d7c69c: ;   {runtime_call throw_array_store_exception Runtime1 stub}
  0x00007c5df9d7c69c: 890c 24e8 

  0x00007c5df9d7c6a0: ; ImmutableOopMap {rax=Oop rsi=Oop rcx=Oop }
                      ;*aastore {reexecute=1 rethrow=0 return_oop=0}
                      ; - (reexecute) org.eclipse.jdt.internal.core.index.Index::query@189 (line 308)
  0x00007c5df9d7c6a0: dc9a 0c06 | 448b 0a49 | 83f9 000f | 8432 f6ff | ff4c 890c 

  0x00007c5df9d7c6b4: ;   {runtime_call g1_pre_barrier_slow}
  0x00007c5df9d7c6b4: 24e8 c6ce | 0c06 e924 | f6ff ff48 | 83f9 000f | 8434 f6ff | ff48 8914 

  0x00007c5df9d7c6cc: ;   {runtime_call g1_post_barrier_slow}
  0x00007c5df9d7c6cc: 24e8 aed1 | 0c06 e926 

  0x00007c5df9d7c6d4: ;   {metadata({method} {0x00007c5d99788540} 'query' '([[C[CI)[Lorg/eclipse/jdt/internal/core/index/EntryResult;' in 'org/eclipse/jdt/internal/core/index/Index')}
  0x00007c5df9d7c6d4: f6ff ff49 | ba40 8578 | 995d 7c00 | 004c 8954 | 2408 48c7 | 0424 c500 

  0x00007c5df9d7c6ec: ;   {runtime_call counter_overflow Runtime1 stub}
  0x00007c5df9d7c6ec: 0000 e88d 

  0x00007c5df9d7c6f0: ; ImmutableOopMap {rax=Oop rsi=Oop }
                      ;*if_icmplt {reexecute=1 rethrow=0 return_oop=0}
                      ; - (reexecute) org.eclipse.jdt.internal.core.index.Index::query@197 (line 305)
  0x00007c5df9d7c6f0: c80c 06e9 | 4df6 ffff 

  0x00007c5df9d7c6f8: ;   {internal_word}
  0x00007c5df9d7c6f8: 49ba 85bd | d7f9 5d7c | 0000 4d89 | 9768 0400 

  0x00007c5df9d7c708: ;   {runtime_call SafepointBlob}
  0x00007c5df9d7c708: 00e9 f2f8 | 0006 4889 | 7c24 0848 

  0x00007c5df9d7c714: ;   {runtime_call monitorenter_nofpu Runtime1 stub}
  0x00007c5df9d7c714: 8934 24e8 

  0x00007c5df9d7c718: ; ImmutableOopMap {rdi=Oop [128]=Oop [168]=Oop [184]=Oop }
                      ;*synchronization entry
                      ; - org.eclipse.jdt.internal.core.search.indexing.ReadWriteMonitor::exitWriteEnterRead@-1 (line 97)
                      ; - org.eclipse.jdt.internal.core.index.Index::query@43 (line 288)
  0x00007c5df9d7c718: 64a9 0c06 | e9fd f6ff 

  0x00007c5df9d7c720: ;   {metadata({method} {0x00007c5d9978a580} 'exitWriteEnterRead' '()V' in 'org/eclipse/jdt/internal/core/search/indexing/ReadWriteMonitor')}
  0x00007c5df9d7c720: ff49 ba80 | a578 995d | 7c00 004c | 8954 2408 | 48c7 0424 | ffff ffff 

  0x00007c5df9d7c738: ;   {runtime_call counter_overflow Runtime1 stub}
  0x00007c5df9d7c738: e843 c80c 

  0x00007c5df9d7c73c: ; ImmutableOopMap {rdi=Oop [128]=Oop [168]=Oop [184]=Oop }
                      ;*synchronization entry
                      ; - org.eclipse.jdt.internal.core.search.indexing.ReadWriteMonitor::exitWriteEnterRead@-1 (line 97)
                      ; - org.eclipse.jdt.internal.core.index.Index::query@43 (line 288)
  0x00007c5df9d7c73c: 06e9 03f7 | ffff 4889 | 7c24 0848 

  0x00007c5df9d7c748: ;   {runtime_call monitorenter_nofpu Runtime1 stub}
  0x00007c5df9d7c748: 8934 24e8 

  0x00007c5df9d7c74c: ; ImmutableOopMap {rdi=Oop [128]=Oop [168]=Oop [184]=Oop [200]=Oop }
                      ;*synchronization entry
                      ; - org.eclipse.jdt.internal.core.search.indexing.ReadWriteMonitor::exitWrite@-1 (line 69)
                      ; - org.eclipse.jdt.internal.core.search.indexing.ReadWriteMonitor::exitWriteEnterRead@1 (line 97)
                      ; - org.eclipse.jdt.internal.core.index.Index::query@43 (line 288)
  0x00007c5df9d7c74c: 30a9 0c06 | e950 f7ff 

  0x00007c5df9d7c754: ;   {metadata({method} {0x00007c5d9978a3f8} 'exitWrite' '()V' in 'org/eclipse/jdt/internal/core/search/indexing/ReadWriteMonitor')}
  0x00007c5df9d7c754: ff49 baf8 | a378 995d | 7c00 004c | 8954 2408 | 48c7 0424 | ffff ffff 

  0x00007c5df9d7c76c: ;   {runtime_call counter_overflow Runtime1 stub}
  0x00007c5df9d7c76c: e80f c80c 

  0x00007c5df9d7c770: ; ImmutableOopMap {rdi=Oop [128]=Oop [168]=Oop [184]=Oop [200]=Oop }
                      ;*synchronization entry
                      ; - org.eclipse.jdt.internal.core.search.indexing.ReadWriteMonitor::exitWrite@-1 (line 69)
                      ; - org.eclipse.jdt.internal.core.search.indexing.ReadWriteMonitor::exitWriteEnterRead@1 (line 97)
                      ; - org.eclipse.jdt.internal.core.index.Index::query@43 (line 288)
  0x00007c5df9d7c770: 06e9 55f7 | ffff 488d | 8424 c000 | 0000 4889 

  0x00007c5df9d7c780: ;   {runtime_call monitorexit_nofpu Runtime1 stub}
  0x00007c5df9d7c780: 0424 e8f9 | ae0c 06e9 | caf7 ffff | 4889 7c24 | 0848 8914 

  0x00007c5df9d7c794: ;   {runtime_call monitorenter_nofpu Runtime1 stub}
  0x00007c5df9d7c794: 24e8 e6a8 

  0x00007c5df9d7c798: ; ImmutableOopMap {rdi=Oop [128]=Oop [168]=Oop [184]=Oop [200]=Oop }
                      ;*synchronization entry
                      ; - org.eclipse.jdt.internal.core.search.indexing.ReadWriteMonitor::enterRead@-1 (line 33)
                      ; - org.eclipse.jdt.internal.core.search.indexing.ReadWriteMonitor::exitWriteEnterRead@5 (line 98)
                      ; - org.eclipse.jdt.internal.core.index.Index::query@43 (line 288)
  0x00007c5df9d7c798: 0c06 e91f 

  0x00007c5df9d7c79c: ;   {metadata({method} {0x00007c5d9978a188} 'enterRead' '()V' in 'org/eclipse/jdt/internal/core/search/indexing/ReadWriteMonitor')}
  0x00007c5df9d7c79c: f8ff ff49 | ba88 a178 | 995d 7c00 | 004c 8954 | 2408 48c7 | 0424 ffff 

  0x00007c5df9d7c7b4: ;   {runtime_call counter_overflow Runtime1 stub}
  0x00007c5df9d7c7b4: ffff e8c5 

  0x00007c5df9d7c7b8: ; ImmutableOopMap {rdi=Oop [128]=Oop [168]=Oop [184]=Oop [200]=Oop }
                      ;*synchronization entry
                      ; - org.eclipse.jdt.internal.core.search.indexing.ReadWriteMonitor::enterRead@-1 (line 33)
                      ; - org.eclipse.jdt.internal.core.search.indexing.ReadWriteMonitor::exitWriteEnterRead@5 (line 98)
                      ; - org.eclipse.jdt.internal.core.index.Index::query@43 (line 288)
  0x00007c5df9d7c7b8: c70c 06e9 | 25f8 ffff 

  0x00007c5df9d7c7c0: ;   {metadata({method} {0x00007c5d9b474940} 'wait' '()V' in 'java/lang/Object')}
  0x00007c5df9d7c7c0: 49ba 4049 | 479b 5d7c | 0000 4c89 | 5424 0848 | c704 24ff 

  0x00007c5df9d7c7d4: ;   {runtime_call counter_overflow Runtime1 stub}
  0x00007c5df9d7c7d4: ffff ffe8 

  0x00007c5df9d7c7d8: ; ImmutableOopMap {rdi=Oop [128]=Oop [168]=Oop [184]=Oop [200]=Oop }
                      ;*synchronization entry
                      ; - java.lang.Object::wait@-1 (line 339)
                      ; - org.eclipse.jdt.internal.core.search.indexing.ReadWriteMonitor::enterRead@4 (line 35)
                      ; - org.eclipse.jdt.internal.core.search.indexing.ReadWriteMonitor::exitWriteEnterRead@5 (line 98)
                      ; - org.eclipse.jdt.internal.core.index.Index::query@43 (line 288)
  0x00007c5df9d7c7d8: a4c7 0c06 | e95b f8ff 

  0x00007c5df9d7c7e0: ;   {metadata({method} {0x00007c5d9978a188} 'enterRead' '()V' in 'org/eclipse/jdt/internal/core/search/indexing/ReadWriteMonitor')}
  0x00007c5df9d7c7e0: ff49 ba88 | a178 995d | 7c00 004c | 8954 2408 | 48c7 0424 | 0f00 0000 

  0x00007c5df9d7c7f8: ;   {runtime_call counter_overflow Runtime1 stub}
  0x00007c5df9d7c7f8: e883 c70c 

  0x00007c5df9d7c7fc: ; ImmutableOopMap {rdi=Oop [128]=Oop [168]=Oop [184]=Oop [200]=Oop }
                      ;*iflt {reexecute=1 rethrow=0 return_oop=0}
                      ; - (reexecute) org.eclipse.jdt.internal.core.search.indexing.ReadWriteMonitor::enterRead@15 (line 33)
                      ; - org.eclipse.jdt.internal.core.search.indexing.ReadWriteMonitor::exitWriteEnterRead@5 (line 98)
                      ; - org.eclipse.jdt.internal.core.index.Index::query@43 (line 288)
  0x00007c5df9d7c7fc: 06e9 e9f8 | ffff 488d | 8424 c000 | 0000 4889 

  0x00007c5df9d7c80c: ;   {runtime_call monitorexit_nofpu Runtime1 stub}
  0x00007c5df9d7c80c: 0424 e86d | ae0c 06e9 | 3af9 ffff 

  0x00007c5df9d7c818: ;   {internal_word}
  0x00007c5df9d7c818: 49ba 5fc1 | d7f9 5d7c | 0000 4d89 | 9768 0400 

  0x00007c5df9d7c828: ;   {runtime_call SafepointBlob}
  0x00007c5df9d7c828: 00e9 d2f7 

  0x00007c5df9d7c82c: ;   {internal_word}
  0x00007c5df9d7c82c: 0006 49ba | 7fc1 d7f9 | 5d7c 0000 | 4d89 9768 

  0x00007c5df9d7c83c: ;   {runtime_call SafepointBlob}
  0x00007c5df9d7c83c: 0400 00e9 | bcf7 0006 

  0x00007c5df9d7c844: ;   {internal_word}
  0x00007c5df9d7c844: 49ba 9fc1 | d7f9 5d7c | 0000 4d89 | 9768 0400 

  0x00007c5df9d7c854: ;   {runtime_call SafepointBlob}
  0x00007c5df9d7c854: 00e9 a6f7 | 0006 488d | 8424 b000 | 0000 4889 

  0x00007c5df9d7c864: ;   {runtime_call monitorexit_nofpu Runtime1 stub}
  0x00007c5df9d7c864: 0424 e815 | ae0c 06e9 | 67f9 ffff | 488d 8424 | c000 0000 | 4889 0424 

  0x00007c5df9d7c87c: ;   {runtime_call monitorexit_nofpu Runtime1 stub}
  0x00007c5df9d7c87c: e8ff ad0c | 06e9 a6f9 | ffff 488d | 8424 c000 | 0000 4889 

  0x00007c5df9d7c890: ;   {runtime_call monitorexit_nofpu Runtime1 stub}
  0x00007c5df9d7c890: 0424 e8e9 | ad0c 06e9 | f3f9 ffff | 488d 8424 | b000 0000 | 4889 0424 

  0x00007c5df9d7c8a8: ;   {runtime_call monitorexit_nofpu Runtime1 stub}
  0x00007c5df9d7c8a8: e8d3 ad0c | 06e9 38fa | ffff 488d | 8424 c000 | 0000 4889 

  0x00007c5df9d7c8bc: ;   {runtime_call monitorexit_nofpu Runtime1 stub}
  0x00007c5df9d7c8bc: 0424 e8bd | ad0c 06e9 | 7afa ffff | 488d 8424 | c000 0000 | 4889 0424 

  0x00007c5df9d7c8d4: ;   {runtime_call monitorexit_nofpu Runtime1 stub}
  0x00007c5df9d7c8d4: e8a7 ad0c | 06e9 cffa | ffff 488d | 8424 b000 | 0000 4889 

  0x00007c5df9d7c8e8: ;   {runtime_call monitorexit_nofpu Runtime1 stub}
  0x00007c5df9d7c8e8: 0424 e891 | ad0c 06e9 | 14fb ffff | 488d 8424 | b000 0000 | 4889 0424 

  0x00007c5df9d7c900: ;   {runtime_call monitorexit_nofpu Runtime1 stub}
  0x00007c5df9d7c900: e87b ad0c | 06e9 4efb | ffff 448b | 8424 8800 | 0000 488b | 8c24 a000 | 0000 488b | 9c24 9800 
  0x00007c5df9d7c920: 0000 e92e | faff ff48 | 8bb4 24a8 | 0000 00e9 | 0bf9 ffff | 498b 8700 | 0500 0049 | c787 0005 
  0x00007c5df9d7c940: 0000 0000 | 0000 49c7 | 8708 0500 | 0000 0000 | 0048 81c4 | e000 0000 

  0x00007c5df9d7c958: ;   {runtime_call unwind_exception Runtime1 stub}
  0x00007c5df9d7c958: 5de9 a297 | 0306 f4f4 
[Stub Code]
  0x00007c5df9d7c960: ;   {no_reloc}
  0x00007c5df9d7c960: 0f1f 4400 

  0x00007c5df9d7c964: ;   {static_stub}
  0x00007c5df9d7c964: 0048 bb00 | 0000 0000 

  0x00007c5df9d7c96c: ;   {runtime_call nmethod}
  0x00007c5df9d7c96c: 0000 00e9 | fbff ffff 

  0x00007c5df9d7c974: ;   {static_stub}
  0x00007c5df9d7c974: 9048 bb00 | 0000 0000 

  0x00007c5df9d7c97c: ;   {runtime_call nmethod}
  0x00007c5df9d7c97c: 0000 00e9 | fbff ffff 

  0x00007c5df9d7c984: ;   {static_stub}
  0x00007c5df9d7c984: 9048 bb00 | 0000 0000 

  0x00007c5df9d7c98c: ;   {runtime_call nmethod}
  0x00007c5df9d7c98c: 0000 00e9 | fbff ffff 

  0x00007c5df9d7c994: ;   {static_stub}
  0x00007c5df9d7c994: 9048 bb00 | 0000 0000 

  0x00007c5df9d7c99c: ;   {runtime_call nmethod}
  0x00007c5df9d7c99c: 0000 00e9 | fbff ffff 

  0x00007c5df9d7c9a4: ;   {static_stub}
  0x00007c5df9d7c9a4: 48bb 0000 | 0000 0000 

  0x00007c5df9d7c9ac: ;   {runtime_call nmethod}
  0x00007c5df9d7c9ac: 0000 e9fb 

  0x00007c5df9d7c9b0: ;   {static_stub}
  0x00007c5df9d7c9b0: ffff ff48 | bb00 0000 | 0000 0000 

  0x00007c5df9d7c9bc: ;   {runtime_call nmethod}
  0x00007c5df9d7c9bc: 00e9 fbff 

  0x00007c5df9d7c9c0: ;   {runtime_call handle_exception_from_callee Runtime1 stub}
  0x00007c5df9d7c9c0: ffff e8b9 

  0x00007c5df9d7c9c4: ;   {external_word}
  0x00007c5df9d7c9c4: 940c 0648 | bf54 8132 | 195e 7c00 | 0048 83e4 

  0x00007c5df9d7c9d4: ;   {runtime_call MacroAssembler::debug64(char*, long, long*)}
  0x00007c5df9d7c9d4: f0e8 8657 

  0x00007c5df9d7c9d8: ;   {section_word}
  0x00007c5df9d7c9d8: 081f f449 | badb c9d7 | f95d 7c00 

  0x00007c5df9d7c9e4: ;   {runtime_call DeoptimizationBlob}
  0x00007c5df9d7c9e4: 0041 52e9 | b4e8 0006 | f4f4 f4f4 
[/MachCode]


Compiled method (c1) 124473 13538       3       org.eclipse.jdt.internal.core.search.matching.TypeDeclarationPattern::queryIn (305 bytes)
 total in heap  [0x00007c5dfa2d9d90,0x00007c5dfa2da8a8] = 2840
 relocation     [0x00007c5dfa2d9ee8,0x00007c5dfa2d9fa0] = 184
 main code      [0x00007c5dfa2d9fa0,0x00007c5dfa2da698] = 1784
 stub code      [0x00007c5dfa2da698,0x00007c5dfa2da708] = 112
 oops           [0x00007c5dfa2da708,0x00007c5dfa2da710] = 8
 metadata       [0x00007c5dfa2da710,0x00007c5dfa2da740] = 48
 scopes data    [0x00007c5dfa2da740,0x00007c5dfa2da7c0] = 128
 scopes pcs     [0x00007c5dfa2da7c0,0x00007c5dfa2da880] = 192
 dependencies   [0x00007c5dfa2da880,0x00007c5dfa2da890] = 16
 nul chk table  [0x00007c5dfa2da890,0x00007c5dfa2da8a8] = 24

[Constant Pool (empty)]

[MachCode]
[Entry Point]
  # {method} {0x00007c5d98707880} 'queryIn' '(Lorg/eclipse/jdt/internal/core/index/Index;)[Lorg/eclipse/jdt/internal/core/index/EntryResult;' in 'org/eclipse/jdt/internal/core/search/matching/TypeDeclarationPattern'
  # this:     rsi:rsi   = 'org/eclipse/jdt/internal/core/search/matching/TypeDeclarationPattern'
  # parm0:    rdx:rdx   = 'org/eclipse/jdt/internal/core/index/Index'
  #           [sp+0x70]  (sp of caller)
  0x00007c5dfa2d9fa0: 448b 5608 | 49bb 0000 | 009b 5d7c | 0000 4d03 | d34c 3bd0 

  0x00007c5dfa2d9fb4: ;   {runtime_call ic_miss_stub}
  0x00007c5dfa2d9fb4: 0f85 c6b0 | aa05 660f | 1f44 0000 
[Verified Entry Point]
  0x00007c5dfa2d9fc0: 8984 2400 | c0fe ff55 | 4883 ec60 | 4181 7f20 | 0700 0000 

  0x00007c5dfa2d9fd4: ;   {runtime_call StubRoutines (final stubs)}
  0x00007c5dfa2d9fd4: 7405 e8e5 | 15a9 0548 | 8974 2440 

  0x00007c5dfa2d9fe0: ;   {metadata(method data for {method} {0x00007c5d98707880} 'queryIn' '(Lorg/eclipse/jdt/internal/core/index/Index;)[Lorg/eclipse/jdt/internal/core/index/EntryResult;' in 'org/eclipse/jdt/internal/core/search/matching/TypeDeclarationPattern')}
  0x00007c5dfa2d9fe0: 48bf 18ad | 539a 5d7c | 0000 8b9f | f400 0000 | 83c3 0289 | 9ff4 0000 | 0081 e3fe | 0700 0085 
  0x00007c5dfa2da000: db0f 84f8 | 0500 008b | 7e40 488b 

  0x00007c5dfa2da00c: ;   {metadata(method data for {method} {0x00007c5d98707880} 'queryIn' '(Lorg/eclipse/jdt/internal/core/index/Index;)[Lorg/eclipse/jdt/internal/core/index/EntryResult;' in 'org/eclipse/jdt/internal/core/search/matching/TypeDeclarationPattern')}
  0x00007c5dfa2da00c: de48 b818 | ad53 9a5d | 7c00 0048 | 8380 3801 | 0000 018b | 5e0c 488b 

  0x00007c5dfa2da024: ;   {metadata(method data for {method} {0x00007c5d98707880} 'queryIn' '(Lorg/eclipse/jdt/internal/core/index/Index;)[Lorg/eclipse/jdt/internal/core/index/EntryResult;' in 'org/eclipse/jdt/internal/core/search/matching/TypeDeclarationPattern')}
  0x00007c5dfa2da024: c648 b918 | ad53 9a5d | 7c00 0048 | 8381 7001 | 0000 018b 

  0x00007c5dfa2da038: ;   {metadata(method data for {method} {0x00007c5d98707880} 'queryIn' '(Lorg/eclipse/jdt/internal/core/index/Index;)[Lorg/eclipse/jdt/internal/core/index/EntryResult;' in 'org/eclipse/jdt/internal/core/search/matching/TypeDeclarationPattern')}
  0x00007c5dfa2da038: 4620 48b9 | 18ad 539a | 5d7c 0000 | 49c7 c0b0 | 0100 0085 | c04d 8bc8 | 49c7 c0c0 | 0100 004d 
  0x00007c5dfa2da058: 0f45 c183 | f801 4d8b | c849 c7c0 | d001 0000 | 4d0f 45c1 | 83f8 024d | 8bc8 49c7 | c0e0 0100 
  0x00007c5dfa2da078: 004d 0f45 | c183 f804 | 4d8b c849 | c7c0 f001 | 0000 4d0f | 45c1 3d80 | 0000 004d | 8bc8 49c7 
  0x00007c5dfa2da098: c000 0200 | 004d 0f45 | c13d 0001 | 0000 4d8b | c849 c7c0 | 1002 0000 | 4d0f 45c1 | 4e8b 0c01 
  0x00007c5dfa2da0b8: 49c7 c201 | 0000 004d | 03ca 4e89 | 0c01 85c0 | 0f84 3d00 | 0000 83f8 | 010f 8404 | 0400 0083 
  0x00007c5dfa2da0d8: f802 0f84 | 1900 0000 | 83f8 040f | 84ce 0300 | 003d 0001 | 0000 0f84 | 0f00 0000 | e90a 0000 
  0x00007c5dfa2da0f8: 0048 8954 | 2450 e903 | 0100 0048 | 8bc2 e9ef | 0300 0083 | e3ff 4885 

  0x00007c5dfa2da110: ;   {metadata(method data for {method} {0x00007c5d98707880} 'queryIn' '(Lorg/eclipse/jdt/internal/core/index/Index;)[Lorg/eclipse/jdt/internal/core/index/EntryResult;' in 'org/eclipse/jdt/internal/core/search/matching/TypeDeclarationPattern')}
  0x00007c5dfa2da110: ff48 b818 | ad53 9a5d | 7c00 0048 | c7c1 4002 | 0000 7407 | 48c7 c150 | 0200 004c | 8b04 084d 
  0x00007c5dfa2da130: 8d40 014c | 8904 080f | 84bc 0000 | 0083 cb01 | 8b46 4448 

  0x00007c5dfa2da144: ;   {metadata(method data for {method} {0x00007c5d98707880} 'queryIn' '(Lorg/eclipse/jdt/internal/core/index/Index;)[Lorg/eclipse/jdt/internal/core/index/EntryResult;' in 'org/eclipse/jdt/internal/core/search/matching/TypeDeclarationPattern')}
  0x00007c5dfa2da144: 85c0 48b9 | 18ad 539a | 5d7c 0000 | 49c7 c060 | 0200 0075 | 0749 c7c0 | 7002 0000 | 4e8b 0c01 
  0x00007c5dfa2da164: 4d8d 4901 | 4e89 0c01 | 895c 2448 | 4889 5424 | 500f 853e 

  0x00007c5dfa2da178: ;   {metadata(method data for {method} {0x00007c5d98707880} 'queryIn' '(Lorg/eclipse/jdt/internal/core/index/Index;)[Lorg/eclipse/jdt/internal/core/index/EntryResult;' in 'org/eclipse/jdt/internal/core/search/matching/TypeDeclarationPattern')}
  0x00007c5dfa2da178: 0000 0048 | b818 ad53 | 9a5d 7c00 | 0048 8380 | 8002 0000 | 0148 8bf7 | ba2f 0000 

  0x00007c5dfa2da194: ;   {static_call}
  0x00007c5dfa2da194: 0066 90e8 

  0x00007c5dfa2da198: ; ImmutableOopMap {[64]=Oop [80]=Oop }
                      ;*invokestatic append {reexecute=0 rethrow=0 return_oop=0}
                      ; - org.eclipse.jdt.internal.core.search.matching.TypeDeclarationPattern::queryIn@103 (line 314)
  0x00007c5dfa2da198: e4b7 aa05 

  0x00007c5dfa2da19c: ;   {other}
  0x00007c5dfa2da19c: 0f1f 8400 | 0c04 0000 

  0x00007c5dfa2da1a4: ;   {metadata(method data for {method} {0x00007c5d98707880} 'queryIn' '(Lorg/eclipse/jdt/internal/core/index/Index;)[Lorg/eclipse/jdt/internal/core/index/EntryResult;' in 'org/eclipse/jdt/internal/core/search/matching/TypeDeclarationPattern')}
  0x00007c5dfa2da1a4: 48be 18ad | 539a 5d7c | 0000 ff86 | 9002 0000 | e9d8 0200 

  0x00007c5dfa2da1b8: ;   {metadata(method data for {method} {0x00007c5d98707880} 'queryIn' '(Lorg/eclipse/jdt/internal/core/index/Index;)[Lorg/eclipse/jdt/internal/core/index/EntryResult;' in 'org/eclipse/jdt/internal/core/search/matching/TypeDeclarationPattern')}
  0x00007c5dfa2da1b8: 0048 be18 | ad53 9a5d | 7c00 0048 | 8386 a802 | 0000 0148 | 8bf7 ba2f | 0000 0048 | 8bc8 41b8 
  0x00007c5dfa2da1d8: 2f00 0000 

  0x00007c5dfa2da1dc: ;   {oop([C{0x00000000c0c253b8})}
  0x00007c5dfa2da1dc: 49b9 b853 | c2c0 0000 

  0x00007c5dfa2da1e4: ;   {static_call}
  0x00007c5dfa2da1e4: 0000 90e8 

  0x00007c5dfa2da1e8: ; ImmutableOopMap {[64]=Oop [80]=Oop }
                      ;*invokestatic concat {reexecute=0 rethrow=0 return_oop=0}
                      ; - org.eclipse.jdt.internal.core.search.matching.TypeDeclarationPattern::queryIn@124 (line 315)
  0x00007c5dfa2da1e8: b48a d0ff 

  0x00007c5dfa2da1ec: ;   {other}
  0x00007c5dfa2da1ec: 0f1f 8400 | 5c04 0001 | e998 0200 | 0048 8954 | 2450 83cb | 0248 8b74 | 2440 8b4e | 4448 85c9 
  0x00007c5dfa2da20c: ;   {metadata(method data for {method} {0x00007c5d98707880} 'queryIn' '(Lorg/eclipse/jdt/internal/core/index/Index;)[Lorg/eclipse/jdt/internal/core/index/EntryResult;' in 'org/eclipse/jdt/internal/core/search/matching/TypeDeclarationPattern')}
  0x00007c5dfa2da20c: 48ba 18ad | 539a 5d7c | 0000 49c7 | c0d0 0200 | 0075 0749 | c7c0 e002 | 0000 4e8b | 0c02 4d8d 
  0x00007c5dfa2da22c: 4901 4e89 | 0c02 0f85 | 2a01 0000 

  0x00007c5dfa2da238: ;   {metadata(method data for {method} {0x00007c5d98707880} 'queryIn' '(Lorg/eclipse/jdt/internal/core/index/Index;)[Lorg/eclipse/jdt/internal/core/index/EntryResult;' in 'org/eclipse/jdt/internal/core/search/matching/TypeDeclarationPattern')}
  0x00007c5dfa2da238: 4885 ff48 | ba18 ad53 | 9a5d 7c00 | 0048 c7c1 | f002 0000 | 7507 48c7 | c100 0300 | 004c 8b04 
  0x00007c5dfa2da258: 0a4d 8d40 | 014c 8904 | 0a0f 85ac | 0000 000f 

  0x00007c5dfa2da268: ;   {metadata(method data for {method} {0x00007c5d98707880} 'queryIn' '(Lorg/eclipse/jdt/internal/core/index/Index;)[Lorg/eclipse/jdt/internal/core/index/EntryResult;' in 'org/eclipse/jdt/internal/core/search/matching/TypeDeclarationPattern')}
  0x00007c5dfa2da268: b756 3c48 | b918 ad53 | 9a5d 7c00 | 0049 c7c0 | 1803 0000 | 83fa 094d | 8bc8 49c7 | c028 0300 
  0x00007c5dfa2da288: 004d 0f45 | c183 fa0a | 4d8b c849 | c7c0 3803 | 0000 4d0f | 45c1 83fa | 0b4d 8bc8 | 49c7 c048 
  0x00007c5dfa2da2a8: 0300 004d | 0f45 c183 | fa41 4d8b | c849 c7c0 | 5803 0000 | 4d0f 45c1 | 83fa 434d | 8bc8 49c7 
  0x00007c5dfa2da2c8: c068 0300 | 004d 0f45 | c183 fa45 | 4d8b c849 | c7c0 7803 | 0000 4d0f | 45c1 83fa | 494d 8bc8 
  0x00007c5dfa2da2e8: 49c7 c088 | 0300 004d | 0f45 c14e | 8b0c 0149 | c7c2 0100 | 0000 4d03 | ca4e 890c | 0183 fa49 
  0x00007c5dfa2da308: 0f84 6401 | 0000 e95f | 0100 008b | 570c ffca | 3b57 0c0f | 8304 0300 | 0048 63d2 | 0fb7 5457 
  0x00007c5dfa2da328: 1083 fa2a 

  0x00007c5dfa2da32c: ;   {metadata(method data for {method} {0x00007c5d98707880} 'queryIn' '(Lorg/eclipse/jdt/internal/core/index/Index;)[Lorg/eclipse/jdt/internal/core/index/EntryResult;' in 'org/eclipse/jdt/internal/core/search/matching/TypeDeclarationPattern')}
  0x00007c5dfa2da32c: 48ba 18ad | 539a 5d7c | 0000 48c7 | c1c8 0300 | 0075 0748 | c7c1 b803 | 0000 4c8b | 040a 4d8d 
  0x00007c5dfa2da34c: 4001 4c89 | 040a 0f85 | ba00 0000 | 488b 4424 | 50e9 9801 | 0000 4885 

  0x00007c5dfa2da364: ;   {metadata(method data for {method} {0x00007c5d98707880} 'queryIn' '(Lorg/eclipse/jdt/internal/core/index/Index;)[Lorg/eclipse/jdt/internal/core/index/EntryResult;' in 'org/eclipse/jdt/internal/core/search/matching/TypeDeclarationPattern')}
  0x00007c5dfa2da364: ff48 ba18 | ad53 9a5d | 7c00 0049 | c7c0 0004 | 0000 7507 | 49c7 c010 | 0400 004e | 8b0c 024d 
  0x00007c5dfa2da384: 8d49 014e | 890c 020f | 851a 0000 

  0x00007c5dfa2da390: ;   {metadata(method data for {method} {0x00007c5d98707880} 'queryIn' '(Lorg/eclipse/jdt/internal/core/index/Index;)[Lorg/eclipse/jdt/internal/core/index/EntryResult;' in 'org/eclipse/jdt/internal/core/search/matching/TypeDeclarationPattern')}
  0x00007c5dfa2da390: 0048 ba18 | ad53 9a5d | 7c00 00ff | 8220 0400 

  0x00007c5dfa2da3a0: ;   {oop([C{0x00000000c17f65d0})}
  0x00007c5dfa2da3a0: 0048 bfd0 | 657f c100 | 0000 0089 

  0x00007c5dfa2da3ac: ;   {metadata(method data for {method} {0x00007c5d98707880} 'queryIn' '(Lorg/eclipse/jdt/internal/core/index/Index;)[Lorg/eclipse/jdt/internal/core/index/EntryResult;' in 'org/eclipse/jdt/internal/core/search/matching/TypeDeclarationPattern')}
  0x00007c5dfa2da3ac: 5c24 4c48 | ba18 ad53 | 9a5d 7c00 | 0048 8382 | 3804 0000 | 0148 8bf7 | ba2f 0000 | 0041 b82f 
  0x00007c5dfa2da3cc: ;   {oop([C{0x00000000c17f65d0})}
  0x00007c5dfa2da3cc: 0000 0049 | b9d0 657f | c100 0000 | 0066 0f1f 

  0x00007c5dfa2da3dc: ;   {static_call}
  0x00007c5dfa2da3dc: 4400 00e8 

  0x00007c5dfa2da3e0: ; ImmutableOopMap {[64]=Oop [80]=Oop }
                      ;*invokestatic concat {reexecute=0 rethrow=0 return_oop=0}
                      ; - org.eclipse.jdt.internal.core.search.matching.TypeDeclarationPattern::queryIn@284 (line 341)
  0x00007c5dfa2da3e0: 9cb5 aa05 

  0x00007c5dfa2da3e4: ;   {other}
  0x00007c5dfa2da3e4: 0f1f 8400 | 5406 0002 

  0x00007c5dfa2da3ec: ;   {metadata(method data for {method} {0x00007c5d98707880} 'queryIn' '(Lorg/eclipse/jdt/internal/core/index/Index;)[Lorg/eclipse/jdt/internal/core/index/EntryResult;' in 'org/eclipse/jdt/internal/core/search/matching/TypeDeclarationPattern')}
  0x00007c5dfa2da3ec: 48be 18ad | 539a 5d7c | 0000 ff86 | 4804 0000 | 8b5c 244c | 488b f848 | 8b44 2450 | 488b 7424 
  0x00007c5dfa2da40c: 40e9 e800 | 0000 895c 

  0x00007c5dfa2da414: ;   {metadata(method data for {method} {0x00007c5d98707880} 'queryIn' '(Lorg/eclipse/jdt/internal/core/index/Index;)[Lorg/eclipse/jdt/internal/core/index/EntryResult;' in 'org/eclipse/jdt/internal/core/search/matching/TypeDeclarationPattern')}
  0x00007c5dfa2da414: 244c 48be | 18ad 539a | 5d7c 0000 | 4883 86d8 | 0300 0001 

  0x00007c5dfa2da428: ;   {oop([C{0x00000000c17f65d0})}
  0x00007c5dfa2da428: 488b f748 | bad0 657f | c100 0000 | 00b9 2f00 | 0000 0f1f 

  0x00007c5dfa2da43c: ;   {static_call}
  0x00007c5dfa2da43c: 4400 00e8 

  0x00007c5dfa2da440: ; ImmutableOopMap {[64]=Oop [80]=Oop }
                      ;*invokestatic concat {reexecute=0 rethrow=0 return_oop=0}
                      ; - org.eclipse.jdt.internal.core.search.matching.TypeDeclarationPattern::queryIn@249 (line 336)
  0x00007c5dfa2da440: 3cb5 aa05 

  0x00007c5dfa2da444: ;   {other}
  0x00007c5dfa2da444: 0f1f 8400 | b406 0003 

  0x00007c5dfa2da44c: ;   {metadata(method data for {method} {0x00007c5d98707880} 'queryIn' '(Lorg/eclipse/jdt/internal/core/index/Index;)[Lorg/eclipse/jdt/internal/core/index/EntryResult;' in 'org/eclipse/jdt/internal/core/search/matching/TypeDeclarationPattern')}
  0x00007c5dfa2da44c: 48ba 18ad | 539a 5d7c | 0000 ff82 | e803 0000 | 8b5c 244c | 488b f848 | 8b44 2450 | 488b 7424 
  0x00007c5dfa2da46c: 40e9 8800 

  0x00007c5dfa2da470: ;   {metadata(method data for {method} {0x00007c5d98707880} 'queryIn' '(Lorg/eclipse/jdt/internal/core/index/Index;)[Lorg/eclipse/jdt/internal/core/index/EntryResult;' in 'org/eclipse/jdt/internal/core/search/matching/TypeDeclarationPattern')}
  0x00007c5dfa2da470: 0000 48ba | 18ad 539a | 5d7c 0000 | ff82 a003 | 0000 488b | 4424 5048 | 8b74 2440 | e969 0000 
  0x00007c5dfa2da490: 008b 5c24 

  0x00007c5dfa2da494: ;   {metadata(method data for {method} {0x00007c5d98707880} 'queryIn' '(Lorg/eclipse/jdt/internal/core/index/Index;)[Lorg/eclipse/jdt/internal/core/index/EntryResult;' in 'org/eclipse/jdt/internal/core/search/matching/TypeDeclarationPattern')}
  0x00007c5dfa2da494: 4848 ba18 | ad53 9a5d | 7c00 00ff | 82b8 0200 | 0048 8bf8 | 488b 4424 | 5048 8b74 | 2440 e943 
  0x00007c5dfa2da4b4: 0000 0048 | 8954 2450 

  0x00007c5dfa2da4bc: ;   {metadata(method data for {method} {0x00007c5d98707880} 'queryIn' '(Lorg/eclipse/jdt/internal/core/index/Index;)[Lorg/eclipse/jdt/internal/core/index/EntryResult;' in 'org/eclipse/jdt/internal/core/search/matching/TypeDeclarationPattern')}
  0x00007c5dfa2da4bc: 48ba 18ad | 539a 5d7c | 0000 ff82 | 6004 0000 | 488b 4424 | 5048 8b74 | 2440 e91f | 0000 0048 
  0x00007c5dfa2da4dc: 8954 2450 

  0x00007c5dfa2da4e0: ;   {metadata(method data for {method} {0x00007c5d98707880} 'queryIn' '(Lorg/eclipse/jdt/internal/core/index/Index;)[Lorg/eclipse/jdt/internal/core/index/EntryResult;' in 'org/eclipse/jdt/internal/core/search/matching/TypeDeclarationPattern')}
  0x00007c5dfa2da4e0: 48ba 18ad | 539a 5d7c | 0000 ff82 | 2802 0000 | 488b 4424 | 5048 8b74 

  0x00007c5dfa2da4f8: ;   {metadata(method data for {method} {0x00007c5d98707880} 'queryIn' '(Lorg/eclipse/jdt/internal/core/index/Index;)[Lorg/eclipse/jdt/internal/core/index/EntryResult;' in 'org/eclipse/jdt/internal/core/search/matching/TypeDeclarationPattern')}
  0x00007c5dfa2da4f8: 2440 48ba | 18ad 539a | 5d7c 0000 | 8b76 0849 | ba00 0000 | 9b5d 7c00 | 0049 03f2 | 483b b288 
  0x00007c5dfa2da518: 0400 0075 | 0d48 8382 | 9004 0000 | 01e9 6000 | 0000 483b | b298 0400 | 0075 0d48 | 8382 a004 
  0x00007c5dfa2da538: 0000 01e9 | 4a00 0000 | 4883 ba88 | 0400 0000 | 7517 4889 | b288 0400 | 0048 c782 | 9004 0000 
  0x00007c5dfa2da558: 0100 0000 | e929 0000 | 0048 83ba | 9804 0000 | 0075 1748 | 89b2 9804 | 0000 48c7 | 82a0 0400 
  0x00007c5dfa2da578: 0001 0000 | 00e9 0800 | 0000 4883 | 8278 0400 

  0x00007c5dfa2da588: ;   {metadata(method data for {method} {0x00007c5d987074c8} 'getIndexCategories' '()[[C' in 'org/eclipse/jdt/internal/core/search/matching/TypeDeclarationPattern')}
  0x00007c5dfa2da588: 0001 48ba | 78b2 539a | 5d7c 0000 | 8b8a f400 | 0000 83c1 | 0289 8af4 | 0000 0081 | e1fe ff1f 
  0x00007c5dfa2da5a8: 0085 c90f | 8482 0000 

  0x00007c5dfa2da5b0: ;   {oop(a 'java/lang/Class'{0x00000000c1099040} = 'org/eclipse/jdt/internal/core/search/matching/TypeDeclarationPattern')}
  0x00007c5dfa2da5b0: 0048 ba40 | 9009 c100 | 0000 008b | 5270 483b | 0048 8bc8 

  0x00007c5dfa2da5c4: ;   {metadata(method data for {method} {0x00007c5d98707880} 'queryIn' '(Lorg/eclipse/jdt/internal/core/index/Index;)[Lorg/eclipse/jdt/internal/core/index/EntryResult;' in 'org/eclipse/jdt/internal/core/search/matching/TypeDeclarationPattern')}
  0x00007c5dfa2da5c4: 49b8 18ad | 539a 5d7c | 0000 4983 | 80c8 0400 | 0001 488b | cf4c 8bc3 

  0x00007c5dfa2da5dc: ;   {optimized virtual_call}
  0x00007c5dfa2da5dc: 488b f0e8 

  0x00007c5dfa2da5e0: ; ImmutableOopMap {}
                      ;*invokevirtual query {reexecute=0 rethrow=0 return_oop=0}
                      ; - org.eclipse.jdt.internal.core.search.matching.TypeDeclarationPattern::queryIn@301 (line 353)
  0x00007c5dfa2da5e0: bc0a aaff 

  0x00007c5dfa2da5e4: ;   {other}
  0x00007c5dfa2da5e4: 0f1f 8400 | 5408 0004 | 4883 c460 

  0x00007c5dfa2da5f0: ;   {poll_return}
  0x00007c5dfa2da5f0: 5d49 3ba7 | 5004 0000 | 0f87 5b00 

  0x00007c5dfa2da5fc: ;   {metadata({method} {0x00007c5d98707880} 'queryIn' '(Lorg/eclipse/jdt/internal/core/index/Index;)[Lorg/eclipse/jdt/internal/core/index/EntryResult;' in 'org/eclipse/jdt/internal/core/search/matching/TypeDeclarationPattern')}
  0x00007c5dfa2da5fc: 0000 c349 | ba80 7870 | 985d 7c00 | 004c 8954 | 2408 48c7 | 0424 ffff 

  0x00007c5dfa2da614: ;   {runtime_call counter_overflow Runtime1 stub}
  0x00007c5dfa2da614: ffff e865 

  0x00007c5dfa2da618: ; ImmutableOopMap {rsi=Oop rdx=Oop [64]=Oop }
                      ;*synchronization entry
                      ; - org.eclipse.jdt.internal.core.search.matching.TypeDeclarationPattern::queryIn@-1 (line 302)
  0x00007c5dfa2da618: e9b6 05e9 | e7f9 ffff 

  0x00007c5dfa2da620: ;   {runtime_call throw_null_pointer_exception Runtime1 stub}
  0x00007c5dfa2da620: e85b 9ab6 

  0x00007c5dfa2da624: ; ImmutableOopMap {rdi=Oop rsi=Oop [64]=Oop [80]=Oop }
                      ;*arraylength {reexecute=0 rethrow=0 return_oop=0}
                      ; - org.eclipse.jdt.internal.core.search.matching.TypeDeclarationPattern::queryIn@231 (line 335)
  0x00007c5dfa2da624: 0548 8914 | 2448 897c 

  0x00007c5dfa2da62c: ;   {runtime_call throw_range_check_failed Runtime1 stub}
  0x00007c5dfa2da62c: 2408 e84d 

  0x00007c5dfa2da630: ; ImmutableOopMap {rdi=Oop rsi=Oop [64]=Oop [80]=Oop }
                      ;*caload {reexecute=0 rethrow=0 return_oop=0}
                      ; - org.eclipse.jdt.internal.core.search.matching.TypeDeclarationPattern::queryIn@234 (line 335)
                      ;   {metadata({method} {0x00007c5d987074c8} 'getIndexCategories' '()[[C' in 'org/eclipse/jdt/internal/core/search/matching/TypeDeclarationPattern')}
  0x00007c5dfa2da630: 91b6 0549 | bac8 7470 | 985d 7c00 | 004c 8954 | 2408 48c7 | 0424 ffff 

  0x00007c5dfa2da648: ;   {runtime_call counter_overflow Runtime1 stub}
  0x00007c5dfa2da648: ffff e831 

  0x00007c5dfa2da64c: ; ImmutableOopMap {rdi=Oop rax=Oop }
                      ;*synchronization entry
                      ; - org.eclipse.jdt.internal.core.search.matching.TypeDeclarationPattern::getIndexCategories@-1 (line 267)
                      ; - org.eclipse.jdt.internal.core.search.matching.TypeDeclarationPattern::queryIn@296 (line 353)
  0x00007c5dfa2da64c: e9b6 05e9 | 5dff ffff 

  0x00007c5dfa2da654: ;   {runtime_call throw_null_pointer_exception Runtime1 stub}
  0x00007c5dfa2da654: e827 9ab6 

  0x00007c5dfa2da658: ; ImmutableOopMap {rdi=Oop rax=Oop rdx=Oop }
                      ;*invokevirtual query {reexecute=0 rethrow=0 return_oop=0}
                      ; - org.eclipse.jdt.internal.core.search.matching.TypeDeclarationPattern::queryIn@301 (line 353)
                      ;   {internal_word}
  0x00007c5dfa2da658: 0549 baf1 | a52d fa5d | 7c00 004d | 8997 6804 

  0x00007c5dfa2da668: ;   {runtime_call SafepointBlob}
  0x00007c5dfa2da668: 0000 e991 | 19ab 0549 | 8b87 0005 | 0000 49c7 | 8700 0500 | 0000 0000 | 0049 c787 | 0805 0000 
  0x00007c5dfa2da688: 0000 0000 | 4883 c460 

  0x00007c5dfa2da690: ;   {runtime_call unwind_exception Runtime1 stub}
  0x00007c5dfa2da690: 5de9 6aba | ad05 f4f4 
[Stub Code]
  0x00007c5dfa2da698: ;   {no_reloc}
  0x00007c5dfa2da698: 0f1f 4400 

  0x00007c5dfa2da69c: ;   {static_stub}
  0x00007c5dfa2da69c: 0048 bb00 | 0000 0000 

  0x00007c5dfa2da6a4: ;   {runtime_call nmethod}
  0x00007c5dfa2da6a4: 0000 00e9 | fbff ffff 

  0x00007c5dfa2da6ac: ;   {static_stub}
  0x00007c5dfa2da6ac: 48bb 0000 | 0000 0000 

  0x00007c5dfa2da6b4: ;   {runtime_call nmethod}
  0x00007c5dfa2da6b4: 0000 e9fb 

  0x00007c5dfa2da6b8: ;   {static_stub}
  0x00007c5dfa2da6b8: ffff ff48 | bb00 0000 | 0000 0000 

  0x00007c5dfa2da6c4: ;   {runtime_call nmethod}
  0x00007c5dfa2da6c4: 00e9 fbff 

  0x00007c5dfa2da6c8: ;   {static_stub}
  0x00007c5dfa2da6c8: ffff 48bb | 0000 0000 | 0000 0000 

  0x00007c5dfa2da6d4: ;   {runtime_call nmethod}
  0x00007c5dfa2da6d4: e9fb ffff 

  0x00007c5dfa2da6d8: ;   {runtime_call handle_exception_from_callee Runtime1 stub}
  0x00007c5dfa2da6d8: ffe8 a2b7 

  0x00007c5dfa2da6dc: ;   {external_word}
  0x00007c5dfa2da6dc: b605 48bf | 5481 3219 | 5e7c 0000 | 4883 e4f0 

  0x00007c5dfa2da6ec: ;   {runtime_call MacroAssembler::debug64(char*, long, long*)}
  0x00007c5dfa2da6ec: e86f 7ab2 

  0x00007c5dfa2da6f0: ;   {section_word}
  0x00007c5dfa2da6f0: 1ef4 49ba | f2a6 2dfa | 5d7c 0000 

  0x00007c5dfa2da6fc: ;   {runtime_call DeoptimizationBlob}
  0x00007c5dfa2da6fc: 4152 e99d | 0bab 05f4 | f4f4 f4f4 
[/MachCode]


---------------  P R O C E S S  ---------------

Threads class SMR info:
_java_thread_list=0x00007c5d4800a2a0, length=39, elements={
0x00007c5e10018e40, 0x00007c5e101100b0, 0x00007c5e10111630, 0x00007c5e10112de0,
0x00007c5e10114430, 0x00007c5e101159e0, 0x00007c5e10117530, 0x00007c5e10118c00,
0x00007c5e10178030, 0x00007c5e1021d480, 0x00007c5e103bd770, 0x00007c5e10413d90,
0x00007c5d5c03df20, 0x00007c5e10417da0, 0x00007c5d540b41e0, 0x00007c5d5457b300,
0x00007c5d542ba980, 0x00007c5d545d1500, 0x00007c5d545deaf0, 0x00007c5d380011d0,
0x00007c5d3c000fe0, 0x00007c5d54a0ebd0, 0x00007c5d3c003370, 0x00007c5d300549c0,
0x00007c5e1012eaa0, 0x00007c5e1045a700, 0x00007c5e1045ba20, 0x00007c5d30041730,
0x00007c5d4c0017f0, 0x00007c5d48001850, 0x00007c5d44725980, 0x00007c5d44719300,
0x00007c5d4471f440, 0x00007c5d3c26fa00, 0x00007c5d6001db50, 0x00007c5d30416e90,
0x00007c5d7caf9920, 0x00007c5d7d21b300, 0x00007c5d40141ac0
}

Java Threads: ( => current thread )
  0x00007c5e10018e40 JavaThread "main"                              [_thread_blocked, id=5008, stack(0x00007c5e17d00000,0x00007c5e17e00000) (1024K)]
  0x00007c5e101100b0 JavaThread "Reference Handler"          daemon [_thread_blocked, id=5016, stack(0x00007c5e15675000,0x00007c5e15775000) (1024K)]
  0x00007c5e10111630 JavaThread "Finalizer"                  daemon [_thread_blocked, id=5017, stack(0x00007c5e14d00000,0x00007c5e14e00000) (1024K)]
  0x00007c5e10112de0 JavaThread "Signal Dispatcher"          daemon [_thread_blocked, id=5018, stack(0x00007c5e14c00000,0x00007c5e14d00000) (1024K)]
  0x00007c5e10114430 JavaThread "Service Thread"             daemon [_thread_blocked, id=5019, stack(0x00007c5e14b00000,0x00007c5e14c00000) (1024K)]
  0x00007c5e101159e0 JavaThread "Monitor Deflation Thread"   daemon [_thread_blocked, id=5020, stack(0x00007c5e14a00000,0x00007c5e14b00000) (1024K)]
  0x00007c5e10117530 JavaThread "C2 CompilerThread0"         daemon [_thread_in_native, id=5021, stack(0x00007c5e14900000,0x00007c5e14a00000) (1024K)]
  0x00007c5e10118c00 JavaThread "C1 CompilerThread0"         daemon [_thread_blocked, id=5022, stack(0x00007c5e1472f000,0x00007c5e1482f000) (1024K)]
  0x00007c5e10178030 JavaThread "Common-Cleaner"             daemon [_thread_blocked, id=5023, stack(0x00007c5e1462f000,0x00007c5e1472f000) (1024K)]
  0x00007c5e1021d480 JavaThread "Notification Thread"        daemon [_thread_blocked, id=5052, stack(0x00007c5e1452f000,0x00007c5e1462f000) (1024K)]
  0x00007c5e103bd770 JavaThread "Active Thread: Equinox Container: 634f2a23-a897-4929-9a21-5143e533d7f0"        [_thread_blocked, id=5092, stack(0x00007c5e1412c000,0x00007c5e1422c000) (1024K)]
  0x00007c5e10413d90 JavaThread "Refresh Thread: Equinox Container: 634f2a23-a897-4929-9a21-5143e533d7f0" daemon [_thread_blocked, id=5093, stack(0x00007c5e1402c000,0x00007c5e1412c000) (1024K)]
  0x00007c5d5c03df20 JavaThread "Framework Event Dispatcher: Equinox Container: 634f2a23-a897-4929-9a21-5143e533d7f0" daemon [_thread_blocked, id=5094, stack(0x00007c5e0ff00000,0x00007c5e10000000) (1024K)]
  0x00007c5e10417da0 JavaThread "Start Level: Equinox Container: 634f2a23-a897-4929-9a21-5143e533d7f0" daemon [_thread_blocked, id=5095, stack(0x00007c5df8700000,0x00007c5df8800000) (1024K)]
  0x00007c5d540b41e0 JavaThread "Bundle File Closer"         daemon [_thread_blocked, id=5096, stack(0x00007c5df8600000,0x00007c5df8700000) (1024K)]
  0x00007c5d5457b300 JavaThread "SCR Component Actor"        daemon [_thread_blocked, id=5121, stack(0x00007c5df8500000,0x00007c5df8600000) (1024K)]
  0x00007c5d542ba980 JavaThread "Worker-JM"                         [_thread_blocked, id=5137, stack(0x00007c5df8400000,0x00007c5df8500000) (1024K)]
  0x00007c5d545d1500 JavaThread "Worker-0"                          [_thread_blocked, id=5145, stack(0x00007c5df8300000,0x00007c5df8400000) (1024K)]
  0x00007c5d545deaf0 JavaThread "Worker-1: Check JDK Index"         [_thread_blocked, id=5146, stack(0x00007c5df8200000,0x00007c5df8300000) (1024K)]
  0x00007c5d380011d0 JavaThread "Worker-2"                          [_thread_blocked, id=5159, stack(0x00007c5df8100000,0x00007c5df8200000) (1024K)]
  0x00007c5d3c000fe0 JavaThread "Worker-3: Initialize workspace"        [_thread_blocked, id=5161, stack(0x00007c5df8000000,0x00007c5df8100000) (1024K)]
  0x00007c5d54a0ebd0 JavaThread "Java indexing"              daemon [_thread_blocked, id=5162, stack(0x00007c5de9f00000,0x00007c5dea000000) (1024K)]
  0x00007c5d3c003370 JavaThread "Worker-4: Check JDK Index"         [_thread_blocked, id=5166, stack(0x00007c5de9e00000,0x00007c5de9f00000) (1024K)]
  0x00007c5d300549c0 JavaThread "Worker-5"                          [_thread_blocked, id=5167, stack(0x00007c5de9d00000,0x00007c5de9e00000) (1024K)]
  0x00007c5e1012eaa0 JavaThread "pool-2-thread-1"                   [_thread_blocked, id=5168, stack(0x00007c5de9c00000,0x00007c5de9d00000) (1024K)]
  0x00007c5e1045a700 JavaThread "WorkspaceEventsHandler"            [_thread_blocked, id=5172, stack(0x00007c5de9b00000,0x00007c5de9c00000) (1024K)]
  0x00007c5e1045ba20 JavaThread "pool-1-thread-1"                   [_thread_in_native, id=5173, stack(0x00007c5de9a00000,0x00007c5de9b00000) (1024K)]
=>0x00007c5d30041730 JavaThread "PatternSearchJob-worker-1"  daemon [_thread_in_Java, id=5267, stack(0x00007c5de9900000,0x00007c5de9a00000) (1024K)]
  0x00007c5d4c0017f0 JavaThread "PatternSearchJob-worker-2"  daemon [_thread_in_Java, id=5268, stack(0x00007c5de9800000,0x00007c5de9900000) (1024K)]
  0x00007c5d48001850 JavaThread "PatternSearchJob-worker-3"  daemon [_thread_blocked, id=5269, stack(0x00007c5de9700000,0x00007c5de9800000) (1024K)]
  0x00007c5d44725980 JavaThread "Worker-6"                          [_thread_blocked, id=5331, stack(0x00007c5de9600000,0x00007c5de9700000) (1024K)]
  0x00007c5d44719300 JavaThread "Worker-7: Shutdown..."             [_thread_in_native, id=5335, stack(0x00007c5de9500000,0x00007c5de9600000) (1024K)]
  0x00007c5d4471f440 JavaThread "Worker-8: Initialize workspace"        [_thread_blocked, id=5375, stack(0x00007c5de9400000,0x00007c5de9500000) (1024K)]
  0x00007c5d3c26fa00 JavaThread "Worker-9"                          [_thread_blocked, id=5989, stack(0x00007c5de9200000,0x00007c5de9300000) (1024K)]
  0x00007c5d6001db50 JavaThread "Worker-10"                         [_thread_blocked, id=6177, stack(0x00007c5de9100000,0x00007c5de9200000) (1024K)]
  0x00007c5d30416e90 JavaThread "Worker-11"                         [_thread_blocked, id=6785, stack(0x00007c5de9300000,0x00007c5de9400000) (1024K)]
  0x00007c5d7caf9920 JavaThread "Worker-12"                         [_thread_blocked, id=6786, stack(0x00007c5de9000000,0x00007c5de9100000) (1024K)]
  0x00007c5d7d21b300 JavaThread "Worker-13"                         [_thread_blocked, id=7084, stack(0x00007c5de8e00000,0x00007c5de8f00000) (1024K)]
  0x00007c5d40141ac0 JavaThread "ForkJoinPool.commonPool-worker-1" daemon [_thread_blocked, id=7393, stack(0x00007c5de8d00000,0x00007c5de8e00000) (1024K)]
Total: 39

Other Threads:
  0x00007c5e10105ce0 VMThread "VM Thread"                           [id=5015, stack(0x00007c5e15776000,0x00007c5e15876000) (1024K)]
  0x00007c5e100f3880 WatcherThread "VM Periodic Task Thread"        [id=5014, stack(0x00007c5e15877000,0x00007c5e15977000) (1024K)]
  0x00007c5e10054600 WorkerThread "GC Thread#0"                     [id=5009, stack(0x00007c5e17626000,0x00007c5e17726000) (1024K)]
  0x00007c5d90006950 WorkerThread "GC Thread#1"                     [id=5086, stack(0x00007c5e1442f000,0x00007c5e1452f000) (1024K)]
  0x00007c5d90007480 WorkerThread "GC Thread#2"                     [id=5087, stack(0x00007c5e1432e000,0x00007c5e1442e000) (1024K)]
  0x00007c5d9000b7c0 WorkerThread "GC Thread#3"                     [id=5090, stack(0x00007c5e1422d000,0x00007c5e1432d000) (1024K)]
  0x00007c5e1005dcb0 ConcurrentGCThread "G1 Main Marker"            [id=5010, stack(0x00007c5e16100000,0x00007c5e16200000) (1024K)]
  0x00007c5e1005ecc0 WorkerThread "G1 Conc#0"                       [id=5011, stack(0x00007c5e15fff000,0x00007c5e160ff000) (1024K)]
  0x00007c5e100e0dc0 ConcurrentGCThread "G1 Refine#0"               [id=5012, stack(0x00007c5e15afa000,0x00007c5e15bfa000) (1024K)]
  0x00007c5e100e1df0 ConcurrentGCThread "G1 Service"                [id=5013, stack(0x00007c5e159f9000,0x00007c5e15af9000) (1024K)]
Total: 10

Threads with active compile tasks:
C2 CompilerThread0  124491 15290       4       java.io.DataOutputStream::writeUTF (389 bytes)
Total: 1

VM state: not at safepoint (normal execution)

VM Mutex/Monitor currently owned by a thread: None

Heap address: 0x00000000c0000000, size: 1024 MB, Compressed Oops mode: 32-bit

CDS archive(s) mapped at: [0x00007c5d9b000000-0x00007c5d9bc9c000-0x00007c5d9bc9c000), size 13221888, SharedBaseAddress: 0x00007c5d9b000000, ArchiveRelocationMode: 1.
Compressed class space mapped at: 0x00007c5d9c000000-0x00007c5ddc000000, reserved size: 1073741824
Narrow klass base: 0x00007c5d9b000000, Narrow klass shift: 0, Narrow klass range: 0x100000000

GC Precious Log:
 CardTable entry size: 512
 Card Set container configuration: InlinePtr #cards 5 size 8 Array Of Cards #cards 12 size 40 Howl #buckets 4 coarsen threshold 1843 Howl Bitmap #cards 512 size 80 coarsen threshold 460 Card regions per heap region 1 cards per card region 2048
 CPUs: 4 total, 4 available
 Memory: 7820M
 Large Page Support: Disabled
 NUMA Support: Disabled
 Compressed Oops: Enabled (32-bit)
 Heap Region Size: 1M
 Heap Min Capacity: 8M
 Heap Initial Capacity: 124M
 Heap Max Capacity: 1G
 Pre-touch: Disabled
 Parallel Workers: 4
 Concurrent Workers: 1
 Concurrent Refinement Workers: 4
 Periodic GC: Disabled

Heap:
 garbage-first heap   total 169984K, used 104954K [0x00000000c0000000, 0x0000000100000000)
  region size 1024K, 58 young (59392K), 3 survivors (3072K)
 Metaspace       used 61669K, committed 63168K, reserved 1114112K
  class space    used 6182K, committed 6912K, reserved 1048576K

Heap Regions: E=young(eden), S=young(survivor), O=old, HS=humongous(starts), HC=humongous(continues), CS=collection set, F=free, TAMS=top-at-mark-start, PB=parsable bottom
|   0|0x00000000c0000000, 0x00000000c0100000, 0x00000000c0100000|100%| O|  |TAMS 0x00000000c0000000| PB 0x00000000c0000000| Untracked 
|   1|0x00000000c0100000, 0x00000000c0200000, 0x00000000c0200000|100%| O|  |TAMS 0x00000000c0100000| PB 0x00000000c0100000| Untracked 
|   2|0x00000000c0200000, 0x00000000c0300000, 0x00000000c0300000|100%| O|  |TAMS 0x00000000c0200000| PB 0x00000000c0200000| Untracked 
|   3|0x00000000c0300000, 0x00000000c0400000, 0x00000000c0400000|100%| O|  |TAMS 0x00000000c0300000| PB 0x00000000c0300000| Untracked 
|   4|0x00000000c0400000, 0x00000000c0500000, 0x00000000c0500000|100%| O|  |TAMS 0x00000000c0400000| PB 0x00000000c0400000| Untracked 
|   5|0x00000000c0500000, 0x00000000c0600000, 0x00000000c0600000|100%| O|  |TAMS 0x00000000c0500000| PB 0x00000000c0500000| Untracked 
|   6|0x00000000c0600000, 0x00000000c0700000, 0x00000000c0700000|100%| O|  |TAMS 0x00000000c0600000| PB 0x00000000c0600000| Untracked 
|   7|0x00000000c0700000, 0x00000000c0800000, 0x00000000c0800000|100%| O|  |TAMS 0x00000000c0700000| PB 0x00000000c0700000| Untracked 
|   8|0x00000000c0800000, 0x00000000c0900000, 0x00000000c0900000|100%| O|  |TAMS 0x00000000c0800000| PB 0x00000000c0800000| Untracked 
|   9|0x00000000c0900000, 0x00000000c0a00000, 0x00000000c0a00000|100%| O|  |TAMS 0x00000000c0900000| PB 0x00000000c0900000| Untracked 
|  10|0x00000000c0a00000, 0x00000000c0b00000, 0x00000000c0b00000|100%| O|  |TAMS 0x00000000c0a00000| PB 0x00000000c0a00000| Untracked 
|  11|0x00000000c0b00000, 0x00000000c0c00000, 0x00000000c0c00000|100%| O|  |TAMS 0x00000000c0b00000| PB 0x00000000c0b00000| Untracked 
|  12|0x00000000c0c00000, 0x00000000c0d00000, 0x00000000c0d00000|100%| O|  |TAMS 0x00000000c0c00000| PB 0x00000000c0c00000| Untracked 
|  13|0x00000000c0d00000, 0x00000000c0e00000, 0x00000000c0e00000|100%| O|  |TAMS 0x00000000c0d00000| PB 0x00000000c0d00000| Untracked 
|  14|0x00000000c0e00000, 0x00000000c0f00000, 0x00000000c0f00000|100%|HS|  |TAMS 0x00000000c0e00000| PB 0x00000000c0e00000| Complete 
|  15|0x00000000c0f00000, 0x00000000c1000000, 0x00000000c1000000|100%|HS|  |TAMS 0x00000000c0f00000| PB 0x00000000c0f00000| Complete 
|  16|0x00000000c1000000, 0x00000000c1100000, 0x00000000c1100000|100%| O|  |TAMS 0x00000000c1000000| PB 0x00000000c1000000| Untracked 
|  17|0x00000000c1100000, 0x00000000c1200000, 0x00000000c1200000|100%| O|  |TAMS 0x00000000c1100000| PB 0x00000000c1100000| Untracked 
|  18|0x00000000c1200000, 0x00000000c1300000, 0x00000000c1300000|100%| O|  |TAMS 0x00000000c1200000| PB 0x00000000c1200000| Untracked 
|  19|0x00000000c1300000, 0x00000000c1400000, 0x00000000c1400000|100%| O|  |TAMS 0x00000000c1300000| PB 0x00000000c1300000| Untracked 
|  20|0x00000000c1400000, 0x00000000c1500000, 0x00000000c1500000|100%| O|  |TAMS 0x00000000c1400000| PB 0x00000000c1400000| Untracked 
|  21|0x00000000c1500000, 0x00000000c1600000, 0x00000000c1600000|100%| O|  |TAMS 0x00000000c1500000| PB 0x00000000c1500000| Untracked 
|  22|0x00000000c1600000, 0x00000000c1700000, 0x00000000c1700000|100%| O|  |TAMS 0x00000000c1600000| PB 0x00000000c1600000| Untracked 
|  23|0x00000000c1700000, 0x00000000c1800000, 0x00000000c1800000|100%| O|  |TAMS 0x00000000c1700000| PB 0x00000000c1700000| Untracked 
|  24|0x00000000c1800000, 0x00000000c1900000, 0x00000000c1900000|100%| O|  |TAMS 0x00000000c1800000| PB 0x00000000c1800000| Untracked 
|  25|0x00000000c1900000, 0x00000000c1a00000, 0x00000000c1a00000|100%| O|  |TAMS 0x00000000c1900000| PB 0x00000000c1900000| Untracked 
|  26|0x00000000c1a00000, 0x00000000c1b00000, 0x00000000c1b00000|100%| O|  |TAMS 0x00000000c1a00000| PB 0x00000000c1a00000| Untracked 
|  27|0x00000000c1b00000, 0x00000000c1c00000, 0x00000000c1c00000|100%| O|  |TAMS 0x00000000c1b00000| PB 0x00000000c1b00000| Untracked 
|  28|0x00000000c1c00000, 0x00000000c1d00000, 0x00000000c1d00000|100%| O|  |TAMS 0x00000000c1c00000| PB 0x00000000c1c00000| Untracked 
|  29|0x00000000c1d00000, 0x00000000c1e00000, 0x00000000c1e00000|100%| O|  |TAMS 0x00000000c1d00000| PB 0x00000000c1d00000| Untracked 
|  30|0x00000000c1e00000, 0x00000000c1f00000, 0x00000000c1f00000|100%| O|  |TAMS 0x00000000c1e00000| PB 0x00000000c1e00000| Untracked 
|  31|0x00000000c1f00000, 0x00000000c2000000, 0x00000000c2000000|100%| O|  |TAMS 0x00000000c1f00000| PB 0x00000000c1f00000| Untracked 
|  32|0x00000000c2000000, 0x00000000c2100000, 0x00000000c2100000|100%| O|  |TAMS 0x00000000c2000000| PB 0x00000000c2000000| Untracked 
|  33|0x00000000c2100000, 0x00000000c2200000, 0x00000000c2200000|100%| O|  |TAMS 0x00000000c2100000| PB 0x00000000c2100000| Untracked 
|  34|0x00000000c2200000, 0x00000000c2300000, 0x00000000c2300000|100%| O|  |TAMS 0x00000000c2200000| PB 0x00000000c2200000| Untracked 
|  35|0x00000000c2300000, 0x00000000c2400000, 0x00000000c2400000|100%| O|  |TAMS 0x00000000c2300000| PB 0x00000000c2300000| Untracked 
|  36|0x00000000c2400000, 0x00000000c2500000, 0x00000000c2500000|100%| O|  |TAMS 0x00000000c2400000| PB 0x00000000c2400000| Untracked 
|  37|0x00000000c2500000, 0x00000000c2600000, 0x00000000c2600000|100%| O|  |TAMS 0x00000000c2500000| PB 0x00000000c2500000| Untracked 
|  38|0x00000000c2600000, 0x00000000c2700000, 0x00000000c2700000|100%| O|  |TAMS 0x00000000c2600000| PB 0x00000000c2600000| Untracked 
|  39|0x00000000c2700000, 0x00000000c2800000, 0x00000000c2800000|100%| O|  |TAMS 0x00000000c2700000| PB 0x00000000c2700000| Untracked 
|  40|0x00000000c2800000, 0x00000000c2900000, 0x00000000c2900000|100%| O|  |TAMS 0x00000000c2800000| PB 0x00000000c2800000| Untracked 
|  41|0x00000000c2900000, 0x00000000c2a00000, 0x00000000c2a00000|100%| O|  |TAMS 0x00000000c2900000| PB 0x00000000c2900000| Untracked 
|  42|0x00000000c2a00000, 0x00000000c2b00000, 0x00000000c2b00000|100%| O|  |TAMS 0x00000000c2a00000| PB 0x00000000c2a00000| Untracked 
|  43|0x00000000c2b00000, 0x00000000c2c00000, 0x00000000c2c00000|100%| O|  |TAMS 0x00000000c2b00000| PB 0x00000000c2b00000| Untracked 
|  44|0x00000000c2c00000, 0x00000000c2cce818, 0x00000000c2d00000| 80%| O|  |TAMS 0x00000000c2c00000| PB 0x00000000c2c00000| Untracked 
|  45|0x00000000c2d00000, 0x00000000c2d00000, 0x00000000c2e00000|  0%| F|  |TAMS 0x00000000c2d00000| PB 0x00000000c2d00000| Untracked 
|  46|0x00000000c2e00000, 0x00000000c2e00000, 0x00000000c2f00000|  0%| F|  |TAMS 0x00000000c2e00000| PB 0x00000000c2e00000| Untracked 
|  47|0x00000000c2f00000, 0x00000000c3000000, 0x00000000c3000000|100%| O|  |TAMS 0x00000000c2f00000| PB 0x00000000c2f00000| Untracked 
|  48|0x00000000c3000000, 0x00000000c3000000, 0x00000000c3100000|  0%| F|  |TAMS 0x00000000c3000000| PB 0x00000000c3000000| Untracked 
|  49|0x00000000c3100000, 0x00000000c3100000, 0x00000000c3200000|  0%| F|  |TAMS 0x00000000c3100000| PB 0x00000000c3100000| Untracked 
|  50|0x00000000c3200000, 0x00000000c3200000, 0x00000000c3300000|  0%| F|  |TAMS 0x00000000c3200000| PB 0x00000000c3200000| Untracked 
|  51|0x00000000c3300000, 0x00000000c3300000, 0x00000000c3400000|  0%| F|  |TAMS 0x00000000c3300000| PB 0x00000000c3300000| Untracked 
|  52|0x00000000c3400000, 0x00000000c3400000, 0x00000000c3500000|  0%| F|  |TAMS 0x00000000c3400000| PB 0x00000000c3400000| Untracked 
|  53|0x00000000c3500000, 0x00000000c3500000, 0x00000000c3600000|  0%| F|  |TAMS 0x00000000c3500000| PB 0x00000000c3500000| Untracked 
|  54|0x00000000c3600000, 0x00000000c3600000, 0x00000000c3700000|  0%| F|  |TAMS 0x00000000c3600000| PB 0x00000000c3600000| Untracked 
|  55|0x00000000c3700000, 0x00000000c3700000, 0x00000000c3800000|  0%| F|  |TAMS 0x00000000c3700000| PB 0x00000000c3700000| Untracked 
|  56|0x00000000c3800000, 0x00000000c3800000, 0x00000000c3900000|  0%| F|  |TAMS 0x00000000c3800000| PB 0x00000000c3800000| Untracked 
|  57|0x00000000c3900000, 0x00000000c3900000, 0x00000000c3a00000|  0%| F|  |TAMS 0x00000000c3900000| PB 0x00000000c3900000| Untracked 
|  58|0x00000000c3a00000, 0x00000000c3a00000, 0x00000000c3b00000|  0%| F|  |TAMS 0x00000000c3a00000| PB 0x00000000c3a00000| Untracked 
|  59|0x00000000c3b00000, 0x00000000c3b00000, 0x00000000c3c00000|  0%| F|  |TAMS 0x00000000c3b00000| PB 0x00000000c3b00000| Untracked 
|  60|0x00000000c3c00000, 0x00000000c3c00000, 0x00000000c3d00000|  0%| F|  |TAMS 0x00000000c3c00000| PB 0x00000000c3c00000| Untracked 
|  61|0x00000000c3d00000, 0x00000000c3d00000, 0x00000000c3e00000|  0%| F|  |TAMS 0x00000000c3d00000| PB 0x00000000c3d00000| Untracked 
|  62|0x00000000c3e00000, 0x00000000c3e00000, 0x00000000c3f00000|  0%| F|  |TAMS 0x00000000c3e00000| PB 0x00000000c3e00000| Untracked 
|  63|0x00000000c3f00000, 0x00000000c3f00000, 0x00000000c4000000|  0%| F|  |TAMS 0x00000000c3f00000| PB 0x00000000c3f00000| Untracked 
|  64|0x00000000c4000000, 0x00000000c4000000, 0x00000000c4100000|  0%| F|  |TAMS 0x00000000c4000000| PB 0x00000000c4000000| Untracked 
|  65|0x00000000c4100000, 0x00000000c4100000, 0x00000000c4200000|  0%| F|  |TAMS 0x00000000c4100000| PB 0x00000000c4100000| Untracked 
|  66|0x00000000c4200000, 0x00000000c4200000, 0x00000000c4300000|  0%| F|  |TAMS 0x00000000c4200000| PB 0x00000000c4200000| Untracked 
|  67|0x00000000c4300000, 0x00000000c43b0180, 0x00000000c4400000| 68%| S|CS|TAMS 0x00000000c4300000| PB 0x00000000c4300000| Complete 
|  68|0x00000000c4400000, 0x00000000c4500000, 0x00000000c4500000|100%| S|CS|TAMS 0x00000000c4400000| PB 0x00000000c4400000| Complete 
|  69|0x00000000c4500000, 0x00000000c4600000, 0x00000000c4600000|100%| S|CS|TAMS 0x00000000c4500000| PB 0x00000000c4500000| Complete 
|  70|0x00000000c4600000, 0x00000000c4600000, 0x00000000c4700000|  0%| F|  |TAMS 0x00000000c4600000| PB 0x00000000c4600000| Untracked 
|  71|0x00000000c4700000, 0x00000000c4700000, 0x00000000c4800000|  0%| F|  |TAMS 0x00000000c4700000| PB 0x00000000c4700000| Untracked 
|  72|0x00000000c4800000, 0x00000000c4800000, 0x00000000c4900000|  0%| F|  |TAMS 0x00000000c4800000| PB 0x00000000c4800000| Untracked 
|  73|0x00000000c4900000, 0x00000000c4900000, 0x00000000c4a00000|  0%| F|  |TAMS 0x00000000c4900000| PB 0x00000000c4900000| Untracked 
|  74|0x00000000c4a00000, 0x00000000c4a00000, 0x00000000c4b00000|  0%| F|  |TAMS 0x00000000c4a00000| PB 0x00000000c4a00000| Untracked 
|  75|0x00000000c4b00000, 0x00000000c4b00000, 0x00000000c4c00000|  0%| F|  |TAMS 0x00000000c4b00000| PB 0x00000000c4b00000| Untracked 
|  76|0x00000000c4c00000, 0x00000000c4c00000, 0x00000000c4d00000|  0%| F|  |TAMS 0x00000000c4c00000| PB 0x00000000c4c00000| Untracked 
|  77|0x00000000c4d00000, 0x00000000c4d00000, 0x00000000c4e00000|  0%| F|  |TAMS 0x00000000c4d00000| PB 0x00000000c4d00000| Untracked 
|  78|0x00000000c4e00000, 0x00000000c4e00000, 0x00000000c4f00000|  0%| F|  |TAMS 0x00000000c4e00000| PB 0x00000000c4e00000| Untracked 
|  79|0x00000000c4f00000, 0x00000000c4f00000, 0x00000000c5000000|  0%| F|  |TAMS 0x00000000c4f00000| PB 0x00000000c4f00000| Untracked 
|  80|0x00000000c5000000, 0x00000000c5000000, 0x00000000c5100000|  0%| F|  |TAMS 0x00000000c5000000| PB 0x00000000c5000000| Untracked 
|  81|0x00000000c5100000, 0x00000000c5100000, 0x00000000c5200000|  0%| F|  |TAMS 0x00000000c5100000| PB 0x00000000c5100000| Untracked 
|  82|0x00000000c5200000, 0x00000000c5200000, 0x00000000c5300000|  0%| F|  |TAMS 0x00000000c5200000| PB 0x00000000c5200000| Untracked 
|  83|0x00000000c5300000, 0x00000000c5300000, 0x00000000c5400000|  0%| F|  |TAMS 0x00000000c5300000| PB 0x00000000c5300000| Untracked 
|  84|0x00000000c5400000, 0x00000000c5400000, 0x00000000c5500000|  0%| F|  |TAMS 0x00000000c5400000| PB 0x00000000c5400000| Untracked 
|  85|0x00000000c5500000, 0x00000000c5500000, 0x00000000c5600000|  0%| F|  |TAMS 0x00000000c5500000| PB 0x00000000c5500000| Untracked 
|  86|0x00000000c5600000, 0x00000000c5600000, 0x00000000c5700000|  0%| F|  |TAMS 0x00000000c5600000| PB 0x00000000c5600000| Untracked 
|  87|0x00000000c5700000, 0x00000000c5700000, 0x00000000c5800000|  0%| F|  |TAMS 0x00000000c5700000| PB 0x00000000c5700000| Untracked 
|  88|0x00000000c5800000, 0x00000000c5800000, 0x00000000c5900000|  0%| F|  |TAMS 0x00000000c5800000| PB 0x00000000c5800000| Untracked 
|  89|0x00000000c5900000, 0x00000000c5900000, 0x00000000c5a00000|  0%| F|  |TAMS 0x00000000c5900000| PB 0x00000000c5900000| Untracked 
|  90|0x00000000c5a00000, 0x00000000c5a00000, 0x00000000c5b00000|  0%| F|  |TAMS 0x00000000c5a00000| PB 0x00000000c5a00000| Untracked 
|  91|0x00000000c5b00000, 0x00000000c5b00000, 0x00000000c5c00000|  0%| F|  |TAMS 0x00000000c5b00000| PB 0x00000000c5b00000| Untracked 
|  92|0x00000000c5c00000, 0x00000000c5c00000, 0x00000000c5d00000|  0%| F|  |TAMS 0x00000000c5c00000| PB 0x00000000c5c00000| Untracked 
|  93|0x00000000c5d00000, 0x00000000c5d00000, 0x00000000c5e00000|  0%| F|  |TAMS 0x00000000c5d00000| PB 0x00000000c5d00000| Untracked 
|  94|0x00000000c5e00000, 0x00000000c5e00000, 0x00000000c5f00000|  0%| F|  |TAMS 0x00000000c5e00000| PB 0x00000000c5e00000| Untracked 
|  95|0x00000000c5f00000, 0x00000000c5f00000, 0x00000000c6000000|  0%| F|  |TAMS 0x00000000c5f00000| PB 0x00000000c5f00000| Untracked 
|  96|0x00000000c6000000, 0x00000000c6000000, 0x00000000c6100000|  0%| F|  |TAMS 0x00000000c6000000| PB 0x00000000c6000000| Untracked 
|  97|0x00000000c6100000, 0x00000000c6100000, 0x00000000c6200000|  0%| F|  |TAMS 0x00000000c6100000| PB 0x00000000c6100000| Untracked 
|  98|0x00000000c6200000, 0x00000000c6200000, 0x00000000c6300000|  0%| F|  |TAMS 0x00000000c6200000| PB 0x00000000c6200000| Untracked 
|  99|0x00000000c6300000, 0x00000000c6300000, 0x00000000c6400000|  0%| F|  |TAMS 0x00000000c6300000| PB 0x00000000c6300000| Untracked 
| 100|0x00000000c6400000, 0x00000000c6400000, 0x00000000c6500000|  0%| F|  |TAMS 0x00000000c6400000| PB 0x00000000c6400000| Untracked 
| 101|0x00000000c6500000, 0x00000000c6500000, 0x00000000c6600000|  0%| F|  |TAMS 0x00000000c6500000| PB 0x00000000c6500000| Untracked 
| 102|0x00000000c6600000, 0x00000000c6600000, 0x00000000c6700000|  0%| F|  |TAMS 0x00000000c6600000| PB 0x00000000c6600000| Untracked 
| 103|0x00000000c6700000, 0x00000000c6700000, 0x00000000c6800000|  0%| F|  |TAMS 0x00000000c6700000| PB 0x00000000c6700000| Untracked 
| 104|0x00000000c6800000, 0x00000000c6800000, 0x00000000c6900000|  0%| F|  |TAMS 0x00000000c6800000| PB 0x00000000c6800000| Untracked 
| 105|0x00000000c6900000, 0x00000000c6900000, 0x00000000c6a00000|  0%| F|  |TAMS 0x00000000c6900000| PB 0x00000000c6900000| Untracked 
| 106|0x00000000c6a00000, 0x00000000c6a00000, 0x00000000c6b00000|  0%| F|  |TAMS 0x00000000c6a00000| PB 0x00000000c6a00000| Untracked 
| 107|0x00000000c6b00000, 0x00000000c6b00000, 0x00000000c6c00000|  0%| F|  |TAMS 0x00000000c6b00000| PB 0x00000000c6b00000| Untracked 
| 108|0x00000000c6c00000, 0x00000000c6c00000, 0x00000000c6d00000|  0%| F|  |TAMS 0x00000000c6c00000| PB 0x00000000c6c00000| Untracked 
| 109|0x00000000c6d00000, 0x00000000c6d00000, 0x00000000c6e00000|  0%| F|  |TAMS 0x00000000c6d00000| PB 0x00000000c6d00000| Untracked 
| 110|0x00000000c6e00000, 0x00000000c6e5fe68, 0x00000000c6f00000| 37%| E|  |TAMS 0x00000000c6e00000| PB 0x00000000c6e00000| Complete 
| 111|0x00000000c6f00000, 0x00000000c7000000, 0x00000000c7000000|100%| E|  |TAMS 0x00000000c6f00000| PB 0x00000000c6f00000| Complete 
| 112|0x00000000c7000000, 0x00000000c7100000, 0x00000000c7100000|100%| E|CS|TAMS 0x00000000c7000000| PB 0x00000000c7000000| Complete 
| 113|0x00000000c7100000, 0x00000000c7200000, 0x00000000c7200000|100%| E|CS|TAMS 0x00000000c7100000| PB 0x00000000c7100000| Complete 
| 114|0x00000000c7200000, 0x00000000c7300000, 0x00000000c7300000|100%| E|CS|TAMS 0x00000000c7200000| PB 0x00000000c7200000| Complete 
| 115|0x00000000c7300000, 0x00000000c7400000, 0x00000000c7400000|100%| E|CS|TAMS 0x00000000c7300000| PB 0x00000000c7300000| Complete 
| 116|0x00000000c7400000, 0x00000000c7500000, 0x00000000c7500000|100%| E|CS|TAMS 0x00000000c7400000| PB 0x00000000c7400000| Complete 
| 117|0x00000000c7500000, 0x00000000c7600000, 0x00000000c7600000|100%| E|CS|TAMS 0x00000000c7500000| PB 0x00000000c7500000| Complete 
| 118|0x00000000c7600000, 0x00000000c7700000, 0x00000000c7700000|100%| E|CS|TAMS 0x00000000c7600000| PB 0x00000000c7600000| Complete 
| 119|0x00000000c7700000, 0x00000000c7800000, 0x00000000c7800000|100%| E|CS|TAMS 0x00000000c7700000| PB 0x00000000c7700000| Complete 
| 120|0x00000000c7800000, 0x00000000c7900000, 0x00000000c7900000|100%| E|CS|TAMS 0x00000000c7800000| PB 0x00000000c7800000| Complete 
| 121|0x00000000c7900000, 0x00000000c7a00000, 0x00000000c7a00000|100%| E|CS|TAMS 0x00000000c7900000| PB 0x00000000c7900000| Complete 
| 122|0x00000000c7a00000, 0x00000000c7b00000, 0x00000000c7b00000|100%| E|CS|TAMS 0x00000000c7a00000| PB 0x00000000c7a00000| Complete 
| 123|0x00000000c7b00000, 0x00000000c7c00000, 0x00000000c7c00000|100%| E|CS|TAMS 0x00000000c7b00000| PB 0x00000000c7b00000| Complete 
| 124|0x00000000c7c00000, 0x00000000c7d00000, 0x00000000c7d00000|100%| E|CS|TAMS 0x00000000c7c00000| PB 0x00000000c7c00000| Complete 
| 125|0x00000000c7d00000, 0x00000000c7e00000, 0x00000000c7e00000|100%| E|CS|TAMS 0x00000000c7d00000| PB 0x00000000c7d00000| Complete 
| 126|0x00000000c7e00000, 0x00000000c7f00000, 0x00000000c7f00000|100%| E|CS|TAMS 0x00000000c7e00000| PB 0x00000000c7e00000| Complete 
| 127|0x00000000c7f00000, 0x00000000c8000000, 0x00000000c8000000|100%| E|CS|TAMS 0x00000000c7f00000| PB 0x00000000c7f00000| Complete 
| 128|0x00000000c8000000, 0x00000000c8100000, 0x00000000c8100000|100%| E|CS|TAMS 0x00000000c8000000| PB 0x00000000c8000000| Complete 
| 129|0x00000000c8100000, 0x00000000c8200000, 0x00000000c8200000|100%| E|CS|TAMS 0x00000000c8100000| PB 0x00000000c8100000| Complete 
| 130|0x00000000c8200000, 0x00000000c8300000, 0x00000000c8300000|100%| E|CS|TAMS 0x00000000c8200000| PB 0x00000000c8200000| Complete 
| 131|0x00000000c8300000, 0x00000000c8400000, 0x00000000c8400000|100%| E|CS|TAMS 0x00000000c8300000| PB 0x00000000c8300000| Complete 
| 132|0x00000000c8400000, 0x00000000c8500000, 0x00000000c8500000|100%| E|CS|TAMS 0x00000000c8400000| PB 0x00000000c8400000| Complete 
| 133|0x00000000c8500000, 0x00000000c8600000, 0x00000000c8600000|100%| E|CS|TAMS 0x00000000c8500000| PB 0x00000000c8500000| Complete 
| 134|0x00000000c8600000, 0x00000000c8700000, 0x00000000c8700000|100%| E|CS|TAMS 0x00000000c8600000| PB 0x00000000c8600000| Complete 
| 135|0x00000000c8700000, 0x00000000c8800000, 0x00000000c8800000|100%| E|CS|TAMS 0x00000000c8700000| PB 0x00000000c8700000| Complete 
| 136|0x00000000c8800000, 0x00000000c8900000, 0x00000000c8900000|100%| E|CS|TAMS 0x00000000c8800000| PB 0x00000000c8800000| Complete 
| 137|0x00000000c8900000, 0x00000000c8a00000, 0x00000000c8a00000|100%| E|CS|TAMS 0x00000000c8900000| PB 0x00000000c8900000| Complete 
| 138|0x00000000c8a00000, 0x00000000c8b00000, 0x00000000c8b00000|100%| E|CS|TAMS 0x00000000c8a00000| PB 0x00000000c8a00000| Complete 
| 139|0x00000000c8b00000, 0x00000000c8c00000, 0x00000000c8c00000|100%| E|CS|TAMS 0x00000000c8b00000| PB 0x00000000c8b00000| Complete 
| 140|0x00000000c8c00000, 0x00000000c8d00000, 0x00000000c8d00000|100%| E|CS|TAMS 0x00000000c8c00000| PB 0x00000000c8c00000| Complete 
| 141|0x00000000c8d00000, 0x00000000c8e00000, 0x00000000c8e00000|100%| E|CS|TAMS 0x00000000c8d00000| PB 0x00000000c8d00000| Complete 
| 142|0x00000000c8e00000, 0x00000000c8f00000, 0x00000000c8f00000|100%| E|CS|TAMS 0x00000000c8e00000| PB 0x00000000c8e00000| Complete 
| 143|0x00000000c8f00000, 0x00000000c9000000, 0x00000000c9000000|100%| E|CS|TAMS 0x00000000c8f00000| PB 0x00000000c8f00000| Complete 
| 144|0x00000000c9000000, 0x00000000c9100000, 0x00000000c9100000|100%| E|CS|TAMS 0x00000000c9000000| PB 0x00000000c9000000| Complete 
| 145|0x00000000c9100000, 0x00000000c9200000, 0x00000000c9200000|100%| E|CS|TAMS 0x00000000c9100000| PB 0x00000000c9100000| Complete 
| 146|0x00000000c9200000, 0x00000000c9300000, 0x00000000c9300000|100%| E|CS|TAMS 0x00000000c9200000| PB 0x00000000c9200000| Complete 
| 147|0x00000000c9300000, 0x00000000c9400000, 0x00000000c9400000|100%| E|CS|TAMS 0x00000000c9300000| PB 0x00000000c9300000| Complete 
| 148|0x00000000c9400000, 0x00000000c9500000, 0x00000000c9500000|100%| E|CS|TAMS 0x00000000c9400000| PB 0x00000000c9400000| Complete 
| 149|0x00000000c9500000, 0x00000000c9600000, 0x00000000c9600000|100%| E|CS|TAMS 0x00000000c9500000| PB 0x00000000c9500000| Complete 
| 150|0x00000000c9600000, 0x00000000c9700000, 0x00000000c9700000|100%| E|CS|TAMS 0x00000000c9600000| PB 0x00000000c9600000| Complete 
| 151|0x00000000c9700000, 0x00000000c9800000, 0x00000000c9800000|100%| E|CS|TAMS 0x00000000c9700000| PB 0x00000000c9700000| Complete 
| 152|0x00000000c9800000, 0x00000000c9900000, 0x00000000c9900000|100%| E|CS|TAMS 0x00000000c9800000| PB 0x00000000c9800000| Complete 
| 153|0x00000000c9900000, 0x00000000c9a00000, 0x00000000c9a00000|100%| E|CS|TAMS 0x00000000c9900000| PB 0x00000000c9900000| Complete 
| 154|0x00000000c9a00000, 0x00000000c9b00000, 0x00000000c9b00000|100%| E|CS|TAMS 0x00000000c9a00000| PB 0x00000000c9a00000| Complete 
| 155|0x00000000c9b00000, 0x00000000c9c00000, 0x00000000c9c00000|100%| E|CS|TAMS 0x00000000c9b00000| PB 0x00000000c9b00000| Complete 
| 156|0x00000000c9c00000, 0x00000000c9d00000, 0x00000000c9d00000|100%| E|CS|TAMS 0x00000000c9c00000| PB 0x00000000c9c00000| Complete 
| 157|0x00000000c9d00000, 0x00000000c9e00000, 0x00000000c9e00000|100%| E|CS|TAMS 0x00000000c9d00000| PB 0x00000000c9d00000| Complete 
| 158|0x00000000c9e00000, 0x00000000c9f00000, 0x00000000c9f00000|100%| E|CS|TAMS 0x00000000c9e00000| PB 0x00000000c9e00000| Complete 
| 159|0x00000000c9f00000, 0x00000000ca000000, 0x00000000ca000000|100%| E|CS|TAMS 0x00000000c9f00000| PB 0x00000000c9f00000| Complete 
| 160|0x00000000ca000000, 0x00000000ca100000, 0x00000000ca100000|100%| E|CS|TAMS 0x00000000ca000000| PB 0x00000000ca000000| Complete 
| 161|0x00000000ca100000, 0x00000000ca200000, 0x00000000ca200000|100%| E|CS|TAMS 0x00000000ca100000| PB 0x00000000ca100000| Complete 
| 162|0x00000000ca200000, 0x00000000ca300000, 0x00000000ca300000|100%| E|CS|TAMS 0x00000000ca200000| PB 0x00000000ca200000| Complete 
| 163|0x00000000ca300000, 0x00000000ca400000, 0x00000000ca400000|100%| E|CS|TAMS 0x00000000ca300000| PB 0x00000000ca300000| Complete 
|1022|0x00000000ffe00000, 0x00000000fff00000, 0x00000000fff00000|100%| O|  |TAMS 0x00000000ffe00000| PB 0x00000000ffe00000| Untracked 
|1023|0x00000000fff00000, 0x0000000100000000, 0x0000000100000000|100%| E|CS|TAMS 0x00000000fff00000| PB 0x00000000fff00000| Complete 

Card table byte_map: [0x00007c5e17200000,0x00007c5e17400000] _byte_map_base: 0x00007c5e16c00000

Marking Bits: (CMBitMap*) 0x00007c5e10055180
 Bits: [0x00007c5e16200000, 0x00007c5e17200000)

Polling page: 0x00007c5e19abd000

Metaspace:

Usage:
  Non-class:     54,19 MB used.
      Class:      6,04 MB used.
       Both:     60,23 MB used.

Virtual space:
  Non-class space:       64,00 MB reserved,      54,94 MB ( 86%) committed,  1 nodes.
      Class space:        1,00 GB reserved,       6,75 MB ( <1%) committed,  1 nodes.
             Both:        1,06 GB reserved,      61,69 MB (  6%) committed. 

Chunk freelists:
   Non-Class:  9,02 MB
       Class:  9,19 MB
        Both:  18,21 MB

MaxMetaspaceSize: unlimited
CompressedClassSpaceSize: 1,00 GB
Initial GC threshold: 21,00 MB
Current GC threshold: 86,56 MB
CDS: on
 - commit_granule_bytes: 65536.
 - commit_granule_words: 8192.
 - virtual_space_node_default_size: 8388608.
 - enlarge_chunks_in_place: 1.
 - use_allocation_guard: 0.


Internal statistics:

num_allocs_failed_limit: 6.
num_arena_births: 1690.
num_arena_deaths: 14.
num_vsnodes_births: 2.
num_vsnodes_deaths: 0.
num_space_committed: 987.
num_space_uncommitted: 0.
num_chunks_returned_to_freelist: 20.
num_chunks_taken_from_freelist: 4806.
num_chunk_merges: 10.
num_chunk_splits: 2980.
num_chunks_enlarged: 1648.
num_inconsistent_stats: 0.

CodeHeap 'non-profiled nmethods': size=120032Kb used=10685Kb max_used=10685Kb free=109346Kb
 bounds [0x00007c5e002c8000, 0x00007c5e00d38000, 0x00007c5e07800000]
CodeHeap 'profiled nmethods': size=120028Kb used=33641Kb max_used=33641Kb free=86386Kb
 bounds [0x00007c5df8800000, 0x00007c5dfa8e0000, 0x00007c5dffd37000]
CodeHeap 'non-nmethods': size=5700Kb used=1639Kb max_used=1710Kb free=4060Kb
 bounds [0x00007c5dffd37000, 0x00007c5dfffa7000, 0x00007c5e002c8000]
CodeCache: size=245760Kb, used=45965Kb, max_used=46036Kb, free=199792Kb
 total_blobs=15004, nmethods=14297, adapters=612, full_count=0
Compilation: enabled, stopped_count=0, restarted_count=0

Compilation events (20 events):
Event: 123,474 Thread 0x00007c5e10117530 15272       4       java.util.HashMap::isEmpty (13 bytes)
Event: 123,474 Thread 0x00007c5e10117530 nmethod 15272 0x00007c5e00d2a690 code [0x00007c5e00d2a800, 0x00007c5e00d2a898]
Event: 123,474 Thread 0x00007c5e10117530 15269       4       org.eclipse.jdt.internal.core.JavaModelStatus::isOK (11 bytes)
Event: 123,475 Thread 0x00007c5e10117530 nmethod 15269 0x00007c5e00d2a990 code [0x00007c5e00d2ab00, 0x00007c5e00d2aba8]
Event: 123,475 Thread 0x00007c5e10117530 15271       4       com.sun.org.apache.xerces.internal.dom.AttributeMap::setNamedItem (313 bytes)
Event: 123,631 Thread 0x00007c5e10117530 nmethod 15271 0x00007c5e00d2ac90 code [0x00007c5e00d2b0a0, 0x00007c5e00d2dff8]
Event: 123,631 Thread 0x00007c5e10117530 15277       4       java.text.DecimalFormat::setMinimumIntegerDigits (66 bytes)
Event: 123,633 Thread 0x00007c5e10117530 nmethod 15277 0x00007c5e00d2f910 code [0x00007c5e00d2faa0, 0x00007c5e00d2fbb0]
Event: 123,633 Thread 0x00007c5e10117530 15278       4       java.text.DecimalFormat::setMaximumIntegerDigits (66 bytes)
Event: 123,634 Thread 0x00007c5e10117530 nmethod 15278 0x00007c5e00d2fc90 code [0x00007c5e00d2fe20, 0x00007c5e00d2ff30]
Event: 123,634 Thread 0x00007c5e10117530 15276       4       jdk.internal.misc.Unsafe::putIntOpaque (9 bytes)
Event: 123,635 Thread 0x00007c5e10117530 nmethod 15276 0x00007c5e00d30010 code [0x00007c5e00d30180, 0x00007c5e00d30218]
Event: 123,767 Thread 0x00007c5e10117530 15279       4       org.eclipse.jdt.internal.launching.StandardVMType::findJavaExecutable (121 bytes)
Event: 123,864 Thread 0x00007c5e10118c00 15282       3       org.eclipse.jdt.ls.core.internal.handlers.ProgressReporterManager$ServerStatusMonitor::formatMessage (62 bytes)
Event: 123,868 Thread 0x00007c5e10118c00 nmethod 15282 0x00007c5dfa8d7b10 code [0x00007c5dfa8d7e00, 0x00007c5dfa8d8f58]
Event: 124,024 Thread 0x00007c5e10117530 nmethod 15279 0x00007c5e00d30310 code [0x00007c5e00d30680, 0x00007c5e00d32760]
Event: 124,024 Thread 0x00007c5e10117530 15280  s    4       org.eclipse.jdt.internal.core.JavaModelManager::peekAtInfo (39 bytes)
Event: 124,030 Thread 0x00007c5e10117530 nmethod 15280 0x00007c5e00d34310 code [0x00007c5e00d344e0, 0x00007c5e00d349c0]
Event: 124,030 Thread 0x00007c5e10117530 15281       4       org.eclipse.jdt.ls.core.internal.ResourceUtils$$Lambda/0x00007c5d9c579618::test (12 bytes)
Event: 124,052 Thread 0x00007c5e10117530 nmethod 15281 0x00007c5e00d34c90 code [0x00007c5e00d34f20, 0x00007c5e00d35820]

GC Heap History (20 events):
Event: 119,598 GC heap before
{Heap before GC invocations=137 (full 0):
 garbage-first heap   total 169984K, used 147516K [0x00000000c0000000, 0x0000000100000000)
  region size 1024K, 99 young (101376K), 1 survivors (1024K)
 Metaspace       used 61618K, committed 63168K, reserved 1114112K
  class space    used 6170K, committed 6912K, reserved 1048576K
}
Event: 119,602 GC heap after
{Heap after GC invocations=138 (full 0):
 garbage-first heap   total 169984K, used 49472K [0x00000000c0000000, 0x0000000100000000)
  region size 1024K, 2 young (2048K), 2 survivors (2048K)
 Metaspace       used 61618K, committed 63168K, reserved 1114112K
  class space    used 6170K, committed 6912K, reserved 1048576K
}
Event: 120,021 GC heap before
{Heap before GC invocations=138 (full 0):
 garbage-first heap   total 169984K, used 147776K [0x00000000c0000000, 0x0000000100000000)
  region size 1024K, 99 young (101376K), 2 survivors (2048K)
 Metaspace       used 61618K, committed 63168K, reserved 1114112K
  class space    used 6170K, committed 6912K, reserved 1048576K
}
Event: 120,023 GC heap after
{Heap after GC invocations=139 (full 0):
 garbage-first heap   total 169984K, used 48260K [0x00000000c0000000, 0x0000000100000000)
  region size 1024K, 1 young (1024K), 1 survivors (1024K)
 Metaspace       used 61618K, committed 63168K, reserved 1114112K
  class space    used 6170K, committed 6912K, reserved 1048576K
}
Event: 120,393 GC heap before
{Heap before GC invocations=139 (full 0):
 garbage-first heap   total 169984K, used 147588K [0x00000000c0000000, 0x0000000100000000)
  region size 1024K, 99 young (101376K), 1 survivors (1024K)
 Metaspace       used 61625K, committed 63168K, reserved 1114112K
  class space    used 6170K, committed 6912K, reserved 1048576K
}
Event: 120,394 GC heap after
{Heap after GC invocations=140 (full 0):
 garbage-first heap   total 169984K, used 48201K [0x00000000c0000000, 0x0000000100000000)
  region size 1024K, 1 young (1024K), 1 survivors (1024K)
 Metaspace       used 61625K, committed 63168K, reserved 1114112K
  class space    used 6170K, committed 6912K, reserved 1048576K
}
Event: 120,817 GC heap before
{Heap before GC invocations=140 (full 0):
 garbage-first heap   total 169984K, used 147529K [0x00000000c0000000, 0x0000000100000000)
  region size 1024K, 99 young (101376K), 1 survivors (1024K)
 Metaspace       used 61625K, committed 63168K, reserved 1114112K
  class space    used 6170K, committed 6912K, reserved 1048576K
}
Event: 120,822 GC heap after
{Heap after GC invocations=141 (full 0):
 garbage-first heap   total 169984K, used 49278K [0x00000000c0000000, 0x0000000100000000)
  region size 1024K, 2 young (2048K), 2 survivors (2048K)
 Metaspace       used 61625K, committed 63168K, reserved 1114112K
  class space    used 6170K, committed 6912K, reserved 1048576K
}
Event: 121,306 GC heap before
{Heap before GC invocations=141 (full 0):
 garbage-first heap   total 169984K, used 147582K [0x00000000c0000000, 0x0000000100000000)
  region size 1024K, 99 young (101376K), 2 survivors (2048K)
 Metaspace       used 61625K, committed 63168K, reserved 1114112K
  class space    used 6170K, committed 6912K, reserved 1048576K
}
Event: 121,317 GC heap after
{Heap after GC invocations=142 (full 0):
 garbage-first heap   total 169984K, used 49330K [0x00000000c0000000, 0x0000000100000000)
  region size 1024K, 2 young (2048K), 2 survivors (2048K)
 Metaspace       used 61625K, committed 63168K, reserved 1114112K
  class space    used 6170K, committed 6912K, reserved 1048576K
}
Event: 121,849 GC heap before
{Heap before GC invocations=142 (full 0):
 garbage-first heap   total 169984K, used 147634K [0x00000000c0000000, 0x0000000100000000)
  region size 1024K, 99 young (101376K), 2 survivors (2048K)
 Metaspace       used 61625K, committed 63168K, reserved 1114112K
  class space    used 6170K, committed 6912K, reserved 1048576K
}
Event: 121,853 GC heap after
{Heap after GC invocations=143 (full 0):
 garbage-first heap   total 169984K, used 48691K [0x00000000c0000000, 0x0000000100000000)
  region size 1024K, 1 young (1024K), 1 survivors (1024K)
 Metaspace       used 61625K, committed 63168K, reserved 1114112K
  class space    used 6170K, committed 6912K, reserved 1048576K
}
Event: 122,222 GC heap before
{Heap before GC invocations=143 (full 0):
 garbage-first heap   total 169984K, used 148019K [0x00000000c0000000, 0x0000000100000000)
  region size 1024K, 99 young (101376K), 1 survivors (1024K)
 Metaspace       used 61625K, committed 63168K, reserved 1114112K
  class space    used 6170K, committed 6912K, reserved 1048576K
}
Event: 122,225 GC heap after
{Heap after GC invocations=144 (full 0):
 garbage-first heap   total 169984K, used 48299K [0x00000000c0000000, 0x0000000100000000)
  region size 1024K, 1 young (1024K), 1 survivors (1024K)
 Metaspace       used 61625K, committed 63168K, reserved 1114112K
  class space    used 6170K, committed 6912K, reserved 1048576K
}
Event: 122,639 GC heap before
{Heap before GC invocations=144 (full 0):
 garbage-first heap   total 169984K, used 147627K [0x00000000c0000000, 0x0000000100000000)
  region size 1024K, 99 young (101376K), 1 survivors (1024K)
 Metaspace       used 61625K, committed 63168K, reserved 1114112K
  class space    used 6170K, committed 6912K, reserved 1048576K
}
Event: 122,643 GC heap after
{Heap after GC invocations=145 (full 0):
 garbage-first heap   total 169984K, used 48226K [0x00000000c0000000, 0x0000000100000000)
  region size 1024K, 1 young (1024K), 1 survivors (1024K)
 Metaspace       used 61625K, committed 63168K, reserved 1114112K
  class space    used 6170K, committed 6912K, reserved 1048576K
}
Event: 123,195 GC heap before
{Heap before GC invocations=145 (full 0):
 garbage-first heap   total 169984K, used 147554K [0x00000000c0000000, 0x0000000100000000)
  region size 1024K, 99 young (101376K), 1 survivors (1024K)
 Metaspace       used 61625K, committed 63168K, reserved 1114112K
  class space    used 6170K, committed 6912K, reserved 1048576K
}
Event: 123,210 GC heap after
{Heap after GC invocations=146 (full 0):
 garbage-first heap   total 169984K, used 51016K [0x00000000c0000000, 0x0000000100000000)
  region size 1024K, 4 young (4096K), 4 survivors (4096K)
 Metaspace       used 61625K, committed 63168K, reserved 1114112K
  class space    used 6170K, committed 6912K, reserved 1048576K
}
Event: 123,788 GC heap before
{Heap before GC invocations=146 (full 0):
 garbage-first heap   total 169984K, used 147272K [0x00000000c0000000, 0x0000000100000000)
  region size 1024K, 99 young (101376K), 4 survivors (4096K)
 Metaspace       used 61625K, committed 63168K, reserved 1114112K
  class space    used 6170K, committed 6912K, reserved 1048576K
}
Event: 123,793 GC heap after
{Heap after GC invocations=147 (full 0):
 garbage-first heap   total 169984K, used 50682K [0x00000000c0000000, 0x0000000100000000)
  region size 1024K, 3 young (3072K), 3 survivors (3072K)
 Metaspace       used 61625K, committed 63168K, reserved 1114112K
  class space    used 6170K, committed 6912K, reserved 1048576K
}

Dll operation events (20 events):
Event: 0,007 Attempting to load shared library /usr/lib/jvm/java-21-openjdk-amd64/lib/libjava.so
Event: 0,007 Loaded shared library /usr/lib/jvm/java-21-openjdk-amd64/lib/libjava.so
Event: 0,046 Attempting to load shared library /usr/lib/jvm/java-21-openjdk-amd64/lib/libjsvml.so
Event: 0,046 Loaded shared library /usr/lib/jvm/java-21-openjdk-amd64/lib/libjsvml.so
Event: 0,179 Attempting to load shared library /usr/lib/jvm/java-21-openjdk-amd64/lib/libzip.so
Event: 0,179 Loaded shared library /usr/lib/jvm/java-21-openjdk-amd64/lib/libzip.so
Event: 0,185 Attempting to load shared library /usr/lib/jvm/java-21-openjdk-amd64/lib/libinstrument.so
Event: 0,185 Loaded shared library /usr/lib/jvm/java-21-openjdk-amd64/lib/libinstrument.so
Event: 0,191 Attempting to load shared library /usr/lib/jvm/java-21-openjdk-amd64/lib/libnio.so
Event: 0,191 Loaded shared library /usr/lib/jvm/java-21-openjdk-amd64/lib/libnio.so
Event: 0,198 Attempting to load shared library /usr/lib/jvm/java-21-openjdk-amd64/lib/libzip.so
Event: 0,198 Loaded shared library /usr/lib/jvm/java-21-openjdk-amd64/lib/libzip.so
Event: 0,239 Attempting to load shared library /usr/lib/jvm/java-21-openjdk-amd64/lib/libjimage.so
Event: 0,239 Loaded shared library /usr/lib/jvm/java-21-openjdk-amd64/lib/libjimage.so
Event: 0,527 Attempting to load shared library /usr/lib/jvm/java-21-openjdk-amd64/lib/libverify.so
Event: 0,527 Loaded shared library /usr/lib/jvm/java-21-openjdk-amd64/lib/libverify.so
Event: 3,959 Attempting to load shared library /usr/lib/jvm/java-21-openjdk-amd64/lib/libnet.so
Event: 3,959 Loaded shared library /usr/lib/jvm/java-21-openjdk-amd64/lib/libnet.so
Event: 5,557 Attempting to load shared library /home/dan/.config/Code/User/globalStorage/redhat.java/1.56.0/config_linux/org.eclipse.equinox.launcher/org.eclipse.equinox.launcher.gtk.linux.x86_64_1.2.1600.v20260804-1928/eclipse_11924.so
Event: 5,557 Loaded shared library /home/dan/.config/Code/User/globalStorage/redhat.java/1.56.0/config_linux/org.eclipse.equinox.launcher/org.eclipse.equinox.launcher.gtk.linux.x86_64_1.2.1600.v20260804-1928/eclipse_11924.so

Deoptimization events (20 events):
Event: 109,247 Thread 0x00007c5d44725980 DEOPT PACKING pc=0x00007c5df985694c sp=0x00007c5de96fd890
Event: 109,247 Thread 0x00007c5d44725980 DEOPT UNPACKING pc=0x00007c5dffd8b72f sp=0x00007c5de96fcd90 mode 0
Event: 112,199 Thread 0x00007c5e1045ba20 DEOPT PACKING pc=0x00007c5dfa42a80e sp=0x00007c5de9afe5e0
Event: 112,199 Thread 0x00007c5e1045ba20 DEOPT UNPACKING pc=0x00007c5dffd8b72f sp=0x00007c5de9afdb50 mode 0
Event: 115,809 Thread 0x00007c5d7d21b300 Uncommon trap: trap_request=0xffffff45 fr.pc=0x00007c5e009e565c relative=0x0000000000000c3c
Event: 115,809 Thread 0x00007c5d7d21b300 Uncommon trap: reason=unstable_if action=reinterpret pc=0x00007c5e009e565c method=java.util.concurrent.locks.ReentrantReadWriteLock$Sync.tryReleaseShared(I)Z @ 129 c2
Event: 115,809 Thread 0x00007c5d7d21b300 DEOPT PACKING pc=0x00007c5e009e565c sp=0x00007c5de8efdff0
Event: 115,809 Thread 0x00007c5d7d21b300 DEOPT UNPACKING pc=0x00007c5dffd8af99 sp=0x00007c5de8efde68 mode 2
Event: 115,809 Thread 0x00007c5d545deaf0 Uncommon trap: trap_request=0xffffff45 fr.pc=0x00007c5e005d2310 relative=0x0000000000000390
Event: 115,809 Thread 0x00007c5d545deaf0 Uncommon trap: reason=unstable_if action=reinterpret pc=0x00007c5e005d2310 method=java.util.concurrent.locks.ReentrantReadWriteLock$Sync.tryAcquireShared(I)I @ 55 c2
Event: 115,809 Thread 0x00007c5d545deaf0 DEOPT PACKING pc=0x00007c5e005d2310 sp=0x00007c5df82fe350
Event: 115,809 Thread 0x00007c5d545deaf0 DEOPT UNPACKING pc=0x00007c5dffd8af99 sp=0x00007c5df82fe240 mode 2
Event: 115,818 Thread 0x00007c5d3c000fe0 DEOPT PACKING pc=0x00007c5df9e0577e sp=0x00007c5df80fe530
Event: 115,818 Thread 0x00007c5d3c000fe0 DEOPT UNPACKING pc=0x00007c5dffd8b72f sp=0x00007c5df80fda18 mode 0
Event: 116,501 Thread 0x00007c5e1045ba20 DEOPT PACKING pc=0x00007c5df9db721c sp=0x00007c5de9afdd40
Event: 116,501 Thread 0x00007c5e1045ba20 DEOPT UNPACKING pc=0x00007c5dffd8b72f sp=0x00007c5de9afd2f0 mode 0
Event: 122,060 Thread 0x00007c5d300549c0 Uncommon trap: trap_request=0xffffff45 fr.pc=0x00007c5e00c3d9c8 relative=0x00000000000010a8
Event: 122,060 Thread 0x00007c5d300549c0 Uncommon trap: reason=unstable_if action=reinterpret pc=0x00007c5e00c3d9c8 method=org.eclipse.core.internal.dtree.DeltaDataTree.getChildNodes(Lorg/eclipse/core/runtime/IPath;)[Lorg/eclipse/core/internal/dtree/AbstractDataTreeNode; @ 123 c2
Event: 122,060 Thread 0x00007c5d300549c0 DEOPT PACKING pc=0x00007c5e00c3d9c8 sp=0x00007c5de9dfe2c0
Event: 122,060 Thread 0x00007c5d300549c0 DEOPT UNPACKING pc=0x00007c5dffd8af99 sp=0x00007c5de9dfe208 mode 2

Classes loaded (20 events):
Event: 92,402 Loading class java/util/stream/Nodes$CollectorTask$OfRef
Event: 92,403 Loading class java/util/stream/Nodes$CollectorTask
Event: 92,403 Loading class java/util/stream/Nodes$CollectorTask done
Event: 92,403 Loading class java/util/stream/Nodes$CollectorTask$OfRef done
Event: 92,406 Loading class java/util/function/LongFunction
Event: 92,406 Loading class java/util/function/LongFunction done
Event: 92,406 Loading class java/util/stream/Nodes$ConcNode
Event: 92,406 Loading class java/util/stream/Nodes$AbstractConcNode
Event: 92,407 Loading class java/util/stream/Nodes$AbstractConcNode done
Event: 92,407 Loading class java/util/stream/Nodes$ConcNode done
Event: 92,933 Loading class java/util/stream/Nodes$ToArrayTask$OfRef
Event: 92,933 Loading class java/util/stream/Nodes$ToArrayTask
Event: 92,934 Loading class java/util/stream/Nodes$ToArrayTask done
Event: 92,934 Loading class java/util/stream/Nodes$ToArrayTask$OfRef done
Event: 92,935 Loading class java/io/ObjectOutputStream$BlockDataOutputStream
Event: 92,936 Loading class java/io/ObjectOutputStream$BlockDataOutputStream done
Event: 92,936 Loading class java/io/ObjectOutputStream$HandleTable
Event: 92,936 Loading class java/io/ObjectOutputStream$HandleTable done
Event: 92,936 Loading class java/io/ObjectOutputStream$ReplaceTable
Event: 92,936 Loading class java/io/ObjectOutputStream$ReplaceTable done

Classes unloaded (7 events):
Event: 14,896 Thread 0x00007c5e10105ce0 Unloading class 0x00007c5d9c1ae800 'java/lang/invoke/LambdaForm$MH+0x00007c5d9c1ae800'
Event: 14,896 Thread 0x00007c5e10105ce0 Unloading class 0x00007c5d9c1ae400 'java/lang/invoke/LambdaForm$MH+0x00007c5d9c1ae400'
Event: 14,896 Thread 0x00007c5e10105ce0 Unloading class 0x00007c5d9c1ae000 'java/lang/invoke/LambdaForm$MH+0x00007c5d9c1ae000'
Event: 14,896 Thread 0x00007c5e10105ce0 Unloading class 0x00007c5d9c1adc00 'java/lang/invoke/LambdaForm$MH+0x00007c5d9c1adc00'
Event: 14,896 Thread 0x00007c5e10105ce0 Unloading class 0x00007c5d9c1ad800 'java/lang/invoke/LambdaForm$BMH+0x00007c5d9c1ad800'
Event: 14,896 Thread 0x00007c5e10105ce0 Unloading class 0x00007c5d9c1ad400 'java/lang/invoke/LambdaForm$DMH+0x00007c5d9c1ad400'
Event: 14,896 Thread 0x00007c5e10105ce0 Unloading class 0x00007c5d9c1ac400 'java/lang/invoke/LambdaForm$DMH+0x00007c5d9c1ac400'

Classes redefined (0 events):
No events

Internal exceptions (20 events):
Event: 19,511 Thread 0x00007c5d3c000fe0 Exception <a 'java/lang/NoSuchMethodError'{0x00000000c321d958}: 'java.lang.Object java.lang.invoke.Invokers$Holder.linkToTargetMethod(java.lang.Object, java.lang.Object, int, java.lang.Object)'> (0x00000000c321d958) 
thrown [./src/hotspot/share/interpreter/linkResolver.cpp, line 772]
Event: 19,802 Thread 0x00007c5e1045ba20 Exception <a 'java/io/FileNotFoundException'{0x00000000c2d0da40}> (0x00000000c2d0da40) 
thrown [./src/hotspot/share/prims/jni.cpp, line 520]
Event: 20,279 Thread 0x00007c5d380011d0 Exception <a 'java/lang/NoSuchMethodError'{0x00000000c27b7700}: 'int java.lang.invoke.DirectMethodHandle$Holder.invokeSpecialIFC(java.lang.Object, java.lang.Object, java.lang.Object, java.lang.Object)'> (0x00000000c27b7700) 
thrown [./src/hotspot/share/interpreter/linkResolver.cpp, line 772]
Event: 20,349 Thread 0x00007c5e1045ba20 Exception <a 'java/lang/IncompatibleClassChangeError'{0x00000000c2502848}: Found class java.lang.Object, but interface was expected> (0x00000000c2502848) 
thrown [./src/hotspot/share/interpreter/linkResolver.cpp, line 840]
Event: 20,687 Thread 0x00007c5d380011d0 Exception <a 'java/lang/NoSuchMethodError'{0x00000000c248f3e0}: 'int java.lang.invoke.DirectMethodHandle$Holder.invokeInterface(java.lang.Object, java.lang.Object)'> (0x00000000c248f3e0) 
thrown [./src/hotspot/share/interpreter/linkResolver.cpp, line 772]
Event: 20,687 Thread 0x00007c5d380011d0 Exception <a 'java/lang/IncompatibleClassChangeError'{0x00000000c24923f0}: Found class java.lang.Object, but interface was expected> (0x00000000c24923f0) 
thrown [./src/hotspot/share/interpreter/linkResolver.cpp, line 840]
Event: 21,331 Thread 0x00007c5d380011d0 Exception <a 'java/lang/NoSuchMethodError'{0x00000000c47e1e40}: 'java.lang.Object java.lang.invoke.DelegatingMethodHandle$Holder.reinvoke_L(java.lang.Object, int, long, java.lang.Object, java.lang.Object, int, java.lang.Object)'> (0x00000000c47e1e40) 
thrown [./src/hotspot/share/interpreter/linkResolver.cpp, line 772]
Event: 21,600 Thread 0x00007c5d380011d0 Exception <a 'java/lang/NoSuchMethodError'{0x00000000c3485f10}: 'java.lang.Object java.lang.invoke.Invokers$Holder.invoke_MT(java.lang.Object, java.lang.Object, java.lang.Object, java.lang.Object, java.lang.Object, java.lang.Object, java.lang.Object, java.lang.Object, java.lang.Object, java.lang.Object)'> (0x00000000c3485f10) 
thrown [./src/hotspot/share/interpreter/linkResolver.cpp, line 772]
Event: 24,975 Thread 0x00007c5d380011d0 Exception <a 'java/lang/NoSuchMethodError'{0x00000000c4134b18}: 'int java.lang.invoke.Invokers$Holder.invokeExact_MT(java.lang.Object, java.lang.Object)'> (0x00000000c4134b18) 
thrown [./src/hotspot/share/interpreter/linkResolver.cpp, line 772]
Event: 28,551 Thread 0x00007c5d3c003370 Exception <a 'java/io/FileNotFoundException'{0x00000000c9c5e840}> (0x00000000c9c5e840) 
thrown [./src/hotspot/share/prims/jni.cpp, line 520]
Event: 28,552 Thread 0x00007c5d3c003370 Exception <a 'java/io/FileNotFoundException'{0x00000000c9c5fd00}> (0x00000000c9c5fd00) 
thrown [./src/hotspot/share/prims/jni.cpp, line 520]
Event: 28,552 Thread 0x00007c5d3c003370 Exception <a 'java/io/FileNotFoundException'{0x00000000c9c60d08}> (0x00000000c9c60d08) 
thrown [./src/hotspot/share/prims/jni.cpp, line 520]
Event: 28,713 Thread 0x00007c5d3c003370 Exception <a 'java/io/FileNotFoundException'{0x00000000c983b8c8}> (0x00000000c983b8c8) 
thrown [./src/hotspot/share/prims/jni.cpp, line 520]
Event: 28,713 Thread 0x00007c5d3c003370 Exception <a 'java/io/FileNotFoundException'{0x00000000c983c630}> (0x00000000c983c630) 
thrown [./src/hotspot/share/prims/jni.cpp, line 520]
Event: 29,134 Thread 0x00007c5d3c000fe0 Exception <a 'java/lang/NoSuchMethodError'{0x00000000c928b2d8}: 'java.lang.Object java.lang.invoke.DirectMethodHandle$Holder.invokeSpecial(java.lang.Object, java.lang.Object, int, long)'> (0x00000000c928b2d8) 
thrown [./src/hotspot/share/interpreter/linkResolver.cpp, line 772]
Event: 30,373 Thread 0x00007c5d3c000fe0 Exception <a 'java/lang/NoSuchMethodError'{0x00000000c5b32ff8}: 'java.lang.Object java.lang.invoke.DirectMethodHandle$Holder.invokeStatic(java.lang.Object, java.lang.Object, int, java.lang.Object)'> (0x00000000c5b32ff8) 
thrown [./src/hotspot/share/interpreter/linkResolver.cpp, line 772]
Event: 30,374 Thread 0x00007c5d3c003370 Exception <a 'java/lang/NoSuchMethodError'{0x00000000c5b3c2a0}: 'java.lang.Object java.lang.invoke.DirectMethodHandle$Holder.newInvokeSpecial(java.lang.Object, java.lang.Object, int)'> (0x00000000c5b3c2a0) 
thrown [./src/hotspot/share/interpreter/linkResolver.cpp, line 772]
Event: 92,930 Thread 0x00007c5d3c26fa00 Implicit null exception at 0x00007c5e007f2d06 to 0x00007c5e007f2fa0
Event: 93,625 Thread 0x00007c5d3c26fa00 Exception <a 'java/lang/NoSuchMethodError'{0x00000000c95dade8}: 'java.lang.Object java.lang.invoke.DirectMethodHandle$Holder.newInvokeSpecial(java.lang.Object, java.lang.Object, java.lang.Object, java.lang.Object, java.lang.Object, java.lang.Object, java.lang.Object, java.lang.Object)'> (0x00000000c95dade8) 
thrown [./src/hotspot/share/interpreter/linkResolver.cpp, line 772]
Event: 124,100 Thread 0x00007c5d30041730 Implicit null exception at 0x00007c5e0064da5c to 0x0000000000000000

ZGC Phase Switch (0 events):
No events

VM Operations (20 events):
Event: 120,318 Executing non-safepoint VM operation: RendezvousGCThreads
Event: 120,318 Executing non-safepoint VM operation: RendezvousGCThreads done
Event: 120,393 Executing safepoint VM operation: G1CollectForAllocation (G1 Evacuation Pause)
Event: 120,395 Executing safepoint VM operation: G1CollectForAllocation (G1 Evacuation Pause) done
Event: 120,817 Executing safepoint VM operation: G1CollectForAllocation (G1 Evacuation Pause)
Event: 120,822 Executing safepoint VM operation: G1CollectForAllocation (G1 Evacuation Pause) done
Event: 121,305 Executing safepoint VM operation: G1CollectForAllocation (G1 Evacuation Pause)
Event: 121,306 Executing safepoint VM operation: G1CollectForAllocation (G1 Evacuation Pause) done
Event: 121,306 Executing safepoint VM operation: G1CollectForAllocation (GCLocker Initiated GC)
Event: 121,320 Executing safepoint VM operation: G1CollectForAllocation (GCLocker Initiated GC) done
Event: 121,849 Executing safepoint VM operation: G1CollectForAllocation (G1 Evacuation Pause)
Event: 121,854 Executing safepoint VM operation: G1CollectForAllocation (G1 Evacuation Pause) done
Event: 122,222 Executing safepoint VM operation: G1CollectForAllocation (G1 Evacuation Pause)
Event: 122,225 Executing safepoint VM operation: G1CollectForAllocation (G1 Evacuation Pause) done
Event: 122,639 Executing safepoint VM operation: G1CollectForAllocation (G1 Evacuation Pause)
Event: 122,645 Executing safepoint VM operation: G1CollectForAllocation (G1 Evacuation Pause) done
Event: 123,194 Executing safepoint VM operation: G1CollectForAllocation (G1 Evacuation Pause)
Event: 123,211 Executing safepoint VM operation: G1CollectForAllocation (G1 Evacuation Pause) done
Event: 123,788 Executing safepoint VM operation: G1CollectForAllocation (G1 Evacuation Pause)
Event: 123,793 Executing safepoint VM operation: G1CollectForAllocation (G1 Evacuation Pause) done

Memory protections (20 events):
Event: 122,281 Protecting memory [0x00007c5de8d00000,0x00007c5de8d04000] with protection modes 0
Event: 122,333 Protecting memory [0x00007c5de8d00000,0x00007c5de8d04000] with protection modes 0
Event: 122,391 Protecting memory [0x00007c5de8d00000,0x00007c5de8d04000] with protection modes 0
Event: 122,443 Protecting memory [0x00007c5de8d00000,0x00007c5de8d04000] with protection modes 0
Event: 122,507 Protecting memory [0x00007c5de8d00000,0x00007c5de8d04000] with protection modes 0
Event: 122,616 Protecting memory [0x00007c5de8d00000,0x00007c5de8d04000] with protection modes 0
Event: 122,698 Protecting memory [0x00007c5de8d00000,0x00007c5de8d04000] with protection modes 0
Event: 122,801 Protecting memory [0x00007c5de8d00000,0x00007c5de8d04000] with protection modes 0
Event: 122,901 Protecting memory [0x00007c5de8d00000,0x00007c5de8d04000] with protection modes 0
Event: 122,985 Protecting memory [0x00007c5de8d00000,0x00007c5de8d04000] with protection modes 0
Event: 123,059 Protecting memory [0x00007c5de8d00000,0x00007c5de8d04000] with protection modes 0
Event: 123,177 Protecting memory [0x00007c5de8d00000,0x00007c5de8d04000] with protection modes 0
Event: 123,433 Protecting memory [0x00007c5de8d00000,0x00007c5de8d04000] with protection modes 0
Event: 123,505 Protecting memory [0x00007c5de8d00000,0x00007c5de8d04000] with protection modes 0
Event: 123,570 Protecting memory [0x00007c5de8d00000,0x00007c5de8d04000] with protection modes 0
Event: 123,645 Protecting memory [0x00007c5de8d00000,0x00007c5de8d04000] with protection modes 0
Event: 123,710 Protecting memory [0x00007c5de8d00000,0x00007c5de8d04000] with protection modes 0
Event: 123,802 Protecting memory [0x00007c5de8d00000,0x00007c5de8d04000] with protection modes 0
Event: 123,929 Protecting memory [0x00007c5de8d00000,0x00007c5de8d04000] with protection modes 0
Event: 124,088 Protecting memory [0x00007c5de8d00000,0x00007c5de8d04000] with protection modes 0

Nmethod flushes (20 events):
Event: 26,263 Thread 0x00007c5e10105ce0 flushing  nmethod 0x00007c5df8f92390
Event: 26,263 Thread 0x00007c5e10105ce0 flushing  nmethod 0x00007c5df8f92710
Event: 26,263 Thread 0x00007c5e10105ce0 flushing  nmethod 0x00007c5df8f93c90
Event: 26,263 Thread 0x00007c5e10105ce0 flushing  nmethod 0x00007c5df8f94b90
Event: 26,263 Thread 0x00007c5e10105ce0 flushing  nmethod 0x00007c5df8f95390
Event: 26,263 Thread 0x00007c5e10105ce0 flushing  nmethod 0x00007c5df8f98f10
Event: 26,263 Thread 0x00007c5e10105ce0 flushing  nmethod 0x00007c5df8f99d10
Event: 26,263 Thread 0x00007c5e10105ce0 flushing  nmethod 0x00007c5df8fb1a90
Event: 26,263 Thread 0x00007c5e10105ce0 flushing  nmethod 0x00007c5df8fb2310
Event: 26,263 Thread 0x00007c5e10105ce0 flushing  nmethod 0x00007c5df8fb7e10
Event: 26,263 Thread 0x00007c5e10105ce0 flushing  nmethod 0x00007c5df8fb8d10
Event: 26,263 Thread 0x00007c5e10105ce0 flushing  nmethod 0x00007c5df8fb9410
Event: 26,263 Thread 0x00007c5e10105ce0 flushing  nmethod 0x00007c5df8fb9890
Event: 26,263 Thread 0x00007c5e10105ce0 flushing  nmethod 0x00007c5df8fba390
Event: 26,263 Thread 0x00007c5e10105ce0 flushing  nmethod 0x00007c5df8fba790
Event: 26,263 Thread 0x00007c5e10105ce0 flushing  nmethod 0x00007c5df8fbad10
Event: 26,263 Thread 0x00007c5e10105ce0 flushing  nmethod 0x00007c5df8fd6410
Event: 26,263 Thread 0x00007c5e10105ce0 flushing  nmethod 0x00007c5df8fd6910
Event: 26,263 Thread 0x00007c5e10105ce0 flushing  nmethod 0x00007c5df8fd6e90
Event: 26,263 Thread 0x00007c5e10105ce0 flushing  nmethod 0x00007c5df8fffa90

Events (20 events):
Event: 123,027 Thread 0x00007c5d30101a10 Thread exited: 0x00007c5d30101a10
Event: 123,059 Thread 0x00007c5d3c003370 Thread added: 0x00007c5d30101a10
Event: 123,112 Thread 0x00007c5d30101a10 Thread exited: 0x00007c5d30101a10
Event: 123,177 Thread 0x00007c5d44725980 Thread added: 0x00007c5d60014f30
Event: 123,371 Thread 0x00007c5d60014f30 Thread exited: 0x00007c5d60014f30
Event: 123,433 Thread 0x00007c5d30416e90 Thread added: 0x00007c5d7ca89ec0
Event: 123,488 Thread 0x00007c5d7ca89ec0 Thread exited: 0x00007c5d7ca89ec0
Event: 123,504 Thread 0x00007c5d44725980 Thread added: 0x00007c5d60014f30
Event: 123,553 Thread 0x00007c5d60014f30 Thread exited: 0x00007c5d60014f30
Event: 123,570 Thread 0x00007c5d44725980 Thread added: 0x00007c5d60014f30
Event: 123,613 Thread 0x00007c5d60014f30 Thread exited: 0x00007c5d60014f30
Event: 123,645 Thread 0x00007c5d7caf9920 Thread added: 0x00007c5d780096a0
Event: 123,696 Thread 0x00007c5d780096a0 Thread exited: 0x00007c5d780096a0
Event: 123,710 Thread 0x00007c5d6001db50 Thread added: 0x00007c5d7ca89ec0
Event: 123,751 Thread 0x00007c5d7ca89ec0 Thread exited: 0x00007c5d7ca89ec0
Event: 123,800 Thread 0x00007c5d4471f440 Thread added: 0x00007c5d702fdec0
Event: 123,864 Thread 0x00007c5d702fdec0 Thread exited: 0x00007c5d702fdec0
Event: 123,928 Thread 0x00007c5d7caf9920 Thread added: 0x00007c5d780096a0
Event: 124,052 Thread 0x00007c5d780096a0 Thread exited: 0x00007c5d780096a0
Event: 124,085 Thread 0x00007c5d7d21b300 Thread added: 0x00007c5d50004f90


Dynamic libraries:
c0000000-ca400000 rw-p 00000000 00:00 0 
ca400000-ffe00000 ---p 00000000 00:00 0 
ffe00000-fff0d000 rw-p 00cdb000 08:03 21796318                           /usr/lib/jvm/java-21-openjdk-amd64/lib/server/classes.jsa
fff0d000-100000000 rw-p 00000000 00:00 0 
610212aba000-610212abb000 r--p 00000000 08:03 21778492                   /usr/lib/jvm/java-21-openjdk-amd64/bin/java
610212abb000-610212abc000 r-xp 00001000 08:03 21778492                   /usr/lib/jvm/java-21-openjdk-amd64/bin/java
610212abc000-610212abd000 r--p 00002000 08:03 21778492                   /usr/lib/jvm/java-21-openjdk-amd64/bin/java
610212abd000-610212abe000 r--p 00002000 08:03 21778492                   /usr/lib/jvm/java-21-openjdk-amd64/bin/java
610212abe000-610212abf000 rw-p 00003000 08:03 21778492                   /usr/lib/jvm/java-21-openjdk-amd64/bin/java
610214dda000-610214e22000 rw-p 00000000 00:00 0                          [heap]
7c5d27800000-7c5d2fe54000 r--s 00000000 08:03 21796317                   /usr/lib/jvm/java-21-openjdk-amd64/lib/modules
7c5d30000000-7c5d30930000 rw-p 00000000 00:00 0 
7c5d30930000-7c5d34000000 ---p 00000000 00:00 0 
7c5d38000000-7c5d38096000 rw-p 00000000 00:00 0 
7c5d38096000-7c5d3c000000 ---p 00000000 00:00 0 
7c5d3c000000-7c5d3c2f5000 rw-p 00000000 00:00 0 
7c5d3c2f5000-7c5d40000000 ---p 00000000 00:00 0 
7c5d40000000-7c5d4014d000 rw-p 00000000 00:00 0 
7c5d4014d000-7c5d44000000 ---p 00000000 00:00 0 
7c5d44000000-7c5d44727000 rw-p 00000000 00:00 0 
7c5d44727000-7c5d48000000 ---p 00000000 00:00 0 
7c5d48000000-7c5d48021000 rw-p 00000000 00:00 0 
7c5d48021000-7c5d4c000000 ---p 00000000 00:00 0 
7c5d4c000000-7c5d4c498000 rw-p 00000000 00:00 0 
7c5d4c498000-7c5d50000000 ---p 00000000 00:00 0 
7c5d50000000-7c5d50068000 rw-p 00000000 00:00 0 
7c5d50068000-7c5d54000000 ---p 00000000 00:00 0 
7c5d54000000-7c5d54afe000 rw-p 00000000 00:00 0 
7c5d54afe000-7c5d58000000 ---p 00000000 00:00 0 
7c5d58000000-7c5d5803d000 rw-p 00000000 00:00 0 
7c5d5803d000-7c5d5c000000 ---p 00000000 00:00 0 
7c5d5c000000-7c5d5c048000 rw-p 00000000 00:00 0 
7c5d5c048000-7c5d60000000 ---p 00000000 00:00 0 
7c5d60000000-7c5d60068000 rw-p 00000000 00:00 0 
7c5d60068000-7c5d64000000 ---p 00000000 00:00 0 
7c5d64000000-7c5d64021000 rw-p 00000000 00:00 0 
7c5d64021000-7c5d68000000 ---p 00000000 00:00 0 
7c5d68000000-7c5d68055000 rw-p 00000000 00:00 0 
7c5d68055000-7c5d6c000000 ---p 00000000 00:00 0 
7c5d6c000000-7c5d6c3c3000 rw-p 00000000 00:00 0 
7c5d6c3c3000-7c5d70000000 ---p 00000000 00:00 0 
7c5d70000000-7c5d70b50000 rw-p 00000000 00:00 0 
7c5d70b50000-7c5d74000000 ---p 00000000 00:00 0 
7c5d74000000-7c5d74f7b000 rw-p 00000000 00:00 0 
7c5d74f7b000-7c5d78000000 ---p 00000000 00:00 0 
7c5d78000000-7c5d78308000 rw-p 00000000 00:00 0 
7c5d78308000-7c5d7c000000 ---p 00000000 00:00 0 
7c5d7c000000-7c5d7e935000 rw-p 00000000 00:00 0 
7c5d7e935000-7c5d80000000 ---p 00000000 00:00 0 
7c5d80000000-7c5d80021000 rw-p 00000000 00:00 0 
7c5d80021000-7c5d84000000 ---p 00000000 00:00 0 
7c5d84000000-7c5d8457b000 rw-p 00000000 00:00 0 
7c5d8457b000-7c5d88000000 ---p 00000000 00:00 0 
7c5d88000000-7c5d88021000 rw-p 00000000 00:00 0 
7c5d88021000-7c5d8c000000 ---p 00000000 00:00 0 
7c5d8c000000-7c5d8c021000 rw-p 00000000 00:00 0 
7c5d8c021000-7c5d90000000 ---p 00000000 00:00 0 
7c5d90000000-7c5d9003b000 rw-p 00000000 00:00 0 
7c5d9003b000-7c5d94000000 ---p 00000000 00:00 0 
7c5d97000000-7c5d97400000 rw-p 00000000 00:00 0 
7c5d97400000-7c5d97780000 rw-p 00000000 00:00 0 
7c5d97780000-7c5d97800000 rw-p 00000000 00:00 0 
7c5d97800000-7c5d97900000 rw-p 00000000 00:00 0 
7c5d97900000-7c5d97a00000 rw-p 00000000 00:00 0 
7c5d97a00000-7c5d97b00000 rw-p 00000000 00:00 0 
7c5d97b00000-7c5d97c00000 rw-p 00000000 00:00 0 
7c5d97c00000-7c5d981c0000 rw-p 00000000 00:00 0 
7c5d981c0000-7c5d98300000 rw-p 00000000 00:00 0 
7c5d98300000-7c5d98400000 rw-p 00000000 00:00 0 
7c5d98400000-7c5d98be0000 rw-p 00000000 00:00 0 
7c5d98be0000-7c5d98d00000 rw-p 00000000 00:00 0 
7c5d98d00000-7c5d99180000 rw-p 00000000 00:00 0 
7c5d99180000-7c5d99200000 rw-p 00000000 00:00 0 
7c5d99200000-7c5d997c0000 rw-p 00000000 00:00 0 
7c5d997c0000-7c5d99800000 rw-p 00000000 00:00 0 
7c5d99800000-7c5d99900000 rw-p 00000000 00:00 0 
7c5d99900000-7c5d99a00000 rw-p 00000000 00:00 0 
7c5d99a00000-7c5d9a300000 rw-p 00000000 00:00 0 
7c5d9a300000-7c5d9a3f0000 rw-p 00000000 00:00 0 
7c5d9a3f0000-7c5d9a400000 ---p 00000000 00:00 0 
7c5d9a400000-7c5d9a700000 rw-p 00000000 00:00 0 
7c5d9a700000-7c5d9b000000 ---p 00000000 00:00 0 
7c5d9b000000-7c5d9bc9c000 rw-p 00001000 08:03 21796318                   /usr/lib/jvm/java-21-openjdk-amd64/lib/server/classes.jsa
7c5d9bc9c000-7c5d9c000000 ---p 00000000 00:00 0 
7c5d9c000000-7c5d9c040000 rw-p 00000000 00:00 0 
7c5d9c040000-7c5d9c0c0000 rw-p 00000000 00:00 0 
7c5d9c0c0000-7c5d9c100000 rw-p 00000000 00:00 0 
7c5d9c100000-7c5d9c1e0000 rw-p 00000000 00:00 0 
7c5d9c1e0000-7c5d9c200000 rw-p 00000000 00:00 0 
7c5d9c200000-7c5d9c340000 rw-p 00000000 00:00 0 
7c5d9c340000-7c5d9c380000 rw-p 00000000 00:00 0 
7c5d9c380000-7c5d9c660000 rw-p 00000000 00:00 0 
7c5d9c660000-7c5d9c670000 rw-p 00000000 00:00 0 
7c5d9c670000-7c5d9c680000 ---p 00000000 00:00 0 
7c5d9c680000-7c5d9c6d0000 rw-p 00000000 00:00 0 
7c5d9c6d0000-7c5ddc000000 ---p 00000000 00:00 0 
7c5ddc000000-7c5ddc021000 rw-p 00000000 00:00 0 
7c5ddc021000-7c5de0000000 ---p 00000000 00:00 0 
7c5de0000000-7c5de0021000 rw-p 00000000 00:00 0 
7c5de0021000-7c5de4000000 ---p 00000000 00:00 0 
7c5de4000000-7c5de4326000 rw-p 00000000 00:00 0 
7c5de4326000-7c5de8000000 ---p 00000000 00:00 0 
7c5de8c00000-7c5de8c04000 ---p 00000000 00:00 0 
7c5de8c04000-7c5de8d00000 rw-p 00000000 00:00 0 
7c5de8d00000-7c5de8d04000 ---p 00000000 00:00 0 
7c5de8d04000-7c5de8e00000 rw-p 00000000 00:00 0 
7c5de8e00000-7c5de8e04000 ---p 00000000 00:00 0 
7c5de8e04000-7c5de8f00000 rw-p 00000000 00:00 0 
7c5de8f00000-7c5de8f04000 ---p 00000000 00:00 0 
7c5de8f04000-7c5de9000000 rw-p 00000000 00:00 0 
7c5de9000000-7c5de9004000 ---p 00000000 00:00 0 
7c5de9004000-7c5de9100000 rw-p 00000000 00:00 0 
7c5de9100000-7c5de9104000 ---p 00000000 00:00 0 
7c5de9104000-7c5de9200000 rw-p 00000000 00:00 0 
7c5de9200000-7c5de9204000 ---p 00000000 00:00 0 
7c5de9204000-7c5de9300000 rw-p 00000000 00:00 0 
7c5de9300000-7c5de9304000 ---p 00000000 00:00 0 
7c5de9304000-7c5de9400000 rw-p 00000000 00:00 0 
7c5de9400000-7c5de9404000 ---p 00000000 00:00 0 
7c5de9404000-7c5de9500000 rw-p 00000000 00:00 0 
7c5de9500000-7c5de9504000 ---p 00000000 00:00 0 
7c5de9504000-7c5de9600000 rw-p 00000000 00:00 0 
7c5de9600000-7c5de9604000 ---p 00000000 00:00 0 
7c5de9604000-7c5de9700000 rw-p 00000000 00:00 0 
7c5de9700000-7c5de9704000 ---p 00000000 00:00 0 
7c5de9704000-7c5de9800000 rw-p 00000000 00:00 0 
7c5de9800000-7c5de9804000 ---p 00000000 00:00 0 
7c5de9804000-7c5de9900000 rw-p 00000000 00:00 0 
7c5de9900000-7c5de9904000 ---p 00000000 00:00 0 
7c5de9904000-7c5de9a00000 rw-p 00000000 00:00 0 
7c5de9a00000-7c5de9a04000 ---p 00000000 00:00 0 
7c5de9a04000-7c5de9b00000 rw-p 00000000 00:00 0 
7c5de9b00000-7c5de9b04000 ---p 00000000 00:00 0 
7c5de9b04000-7c5de9c00000 rw-p 00000000 00:00 0 
7c5de9c00000-7c5de9c04000 ---p 00000000 00:00 0 
7c5de9c04000-7c5de9d00000 rw-p 00000000 00:00 0 
7c5de9d00000-7c5de9d04000 ---p 00000000 00:00 0 
7c5de9d04000-7c5de9e00000 rw-p 00000000 00:00 0 
7c5de9e00000-7c5de9e04000 ---p 00000000 00:00 0 
7c5de9e04000-7c5de9f00000 rw-p 00000000 00:00 0 
7c5de9f00000-7c5de9f04000 ---p 00000000 00:00 0 
7c5de9f04000-7c5dea000000 rw-p 00000000 00:00 0 
7c5dea000000-7c5dec021000 rw-p 00000000 00:00 0 
7c5dec021000-7c5df0000000 ---p 00000000 00:00 0 
7c5df0000000-7c5df0021000 rw-p 00000000 00:00 0 
7c5df0021000-7c5df4000000 ---p 00000000 00:00 0 
7c5df4000000-7c5df4021000 rw-p 00000000 00:00 0 
7c5df4021000-7c5df8004000 ---p 00000000 00:00 0 
7c5df8004000-7c5df8100000 rw-p 00000000 00:00 0 
7c5df8100000-7c5df8104000 ---p 00000000 00:00 0 
7c5df8104000-7c5df8200000 rw-p 00000000 00:00 0 
7c5df8200000-7c5df8204000 ---p 00000000 00:00 0 
7c5df8204000-7c5df8300000 rw-p 00000000 00:00 0 
7c5df8300000-7c5df8304000 ---p 00000000 00:00 0 
7c5df8304000-7c5df8400000 rw-p 00000000 00:00 0 
7c5df8400000-7c5df8404000 ---p 00000000 00:00 0 
7c5df8404000-7c5df8500000 rw-p 00000000 00:00 0 
7c5df8500000-7c5df8504000 ---p 00000000 00:00 0 
7c5df8504000-7c5df8600000 rw-p 00000000 00:00 0 
7c5df8600000-7c5df8604000 ---p 00000000 00:00 0 
7c5df8604000-7c5df8700000 rw-p 00000000 00:00 0 
7c5df8700000-7c5df8704000 ---p 00000000 00:00 0 
7c5df8704000-7c5df8800000 rw-p 00000000 00:00 0 
7c5df8800000-7c5dfa8e0000 rwxp 00000000 00:00 0 
7c5dfa8e0000-7c5dffd37000 ---p 00000000 00:00 0 
7c5dffd37000-7c5dfffa7000 rwxp 00000000 00:00 0 
7c5dfffa7000-7c5e002c8000 ---p 00000000 00:00 0 
7c5e002c8000-7c5e00d38000 rwxp 00000000 00:00 0 
7c5e00d38000-7c5e07800000 ---p 00000000 00:00 0 
7c5e07800000-7c5e0fe54000 r--s 00000000 08:03 21796317                   /usr/lib/jvm/java-21-openjdk-amd64/lib/modules
7c5e0ff00000-7c5e0ff04000 ---p 00000000 00:00 0 
7c5e0ff04000-7c5e10000000 rw-p 00000000 00:00 0 
7c5e10000000-7c5e10465000 rw-p 00000000 00:00 0 
7c5e10465000-7c5e14000000 ---p 00000000 00:00 0 
7c5e1402c000-7c5e14030000 ---p 00000000 00:00 0 
7c5e14030000-7c5e1412c000 rw-p 00000000 00:00 0 
7c5e1412c000-7c5e14130000 ---p 00000000 00:00 0 
7c5e14130000-7c5e1422c000 rw-p 00000000 00:00 0 
7c5e1422c000-7c5e1422d000 ---p 00000000 00:00 0 
7c5e1422d000-7c5e1432d000 rw-p 00000000 00:00 0 
7c5e1432d000-7c5e1432e000 ---p 00000000 00:00 0 
7c5e1432e000-7c5e1442e000 rw-p 00000000 00:00 0 
7c5e1442e000-7c5e1442f000 ---p 00000000 00:00 0 
7c5e1442f000-7c5e1452f000 rw-p 00000000 00:00 0 
7c5e1452f000-7c5e14533000 ---p 00000000 00:00 0 
7c5e14533000-7c5e1462f000 rw-p 00000000 00:00 0 
7c5e1462f000-7c5e14633000 ---p 00000000 00:00 0 
7c5e14633000-7c5e1472f000 rw-p 00000000 00:00 0 
7c5e1472f000-7c5e14733000 ---p 00000000 00:00 0 
7c5e14733000-7c5e1482f000 rw-p 00000000 00:00 0 
7c5e1482f000-7c5e14834000 r--p 00000000 08:03 21796301                   /usr/lib/jvm/java-21-openjdk-amd64/lib/libjsvml.so
7c5e14834000-7c5e14875000 r-xp 00005000 08:03 21796301                   /usr/lib/jvm/java-21-openjdk-amd64/lib/libjsvml.so
7c5e14875000-7c5e148fe000 r--p 00046000 08:03 21796301                   /usr/lib/jvm/java-21-openjdk-amd64/lib/libjsvml.so
7c5e148fe000-7c5e148ff000 r--p 000ce000 08:03 21796301                   /usr/lib/jvm/java-21-openjdk-amd64/lib/libjsvml.so
7c5e148ff000-7c5e14900000 rw-p 000cf000 08:03 21796301                   /usr/lib/jvm/java-21-openjdk-amd64/lib/libjsvml.so
7c5e14900000-7c5e14904000 ---p 00000000 00:00 0 
7c5e14904000-7c5e14a00000 rw-p 00000000 00:00 0 
7c5e14a00000-7c5e14a04000 ---p 00000000 00:00 0 
7c5e14a04000-7c5e14b00000 rw-p 00000000 00:00 0 
7c5e14b00000-7c5e14b04000 ---p 00000000 00:00 0 
7c5e14b04000-7c5e14c00000 rw-p 00000000 00:00 0 
7c5e14c00000-7c5e14c04000 ---p 00000000 00:00 0 
7c5e14c04000-7c5e14d00000 rw-p 00000000 00:00 0 
7c5e14d00000-7c5e14d04000 ---p 00000000 00:00 0 
7c5e14d04000-7c5e14e00000 rw-p 00000000 00:00 0 
7c5e14e00000-7c5e155f0000 r--p 00000000 08:03 19530095                   /usr/lib/locale/locale-archive
7c5e15675000-7c5e15679000 ---p 00000000 00:00 0 
7c5e15679000-7c5e15775000 rw-p 00000000 00:00 0 
7c5e15775000-7c5e15776000 ---p 00000000 00:00 0 
7c5e15776000-7c5e15876000 rw-p 00000000 00:00 0 
7c5e15876000-7c5e15877000 ---p 00000000 00:00 0 
7c5e15877000-7c5e15977000 rw-p 00000000 00:00 0 
7c5e15977000-7c5e159f8000 rw-p 00000000 00:00 0 
7c5e159f8000-7c5e159f9000 ---p 00000000 00:00 0 
7c5e159f9000-7c5e15af9000 rw-p 00000000 00:00 0 
7c5e15af9000-7c5e15afa000 ---p 00000000 00:00 0 
7c5e15afa000-7c5e15bfa000 rw-p 00000000 00:00 0 
7c5e15bfa000-7c5e15ffe000 rw-p 00000000 00:00 0 
7c5e15ffe000-7c5e15fff000 ---p 00000000 00:00 0 
7c5e15fff000-7c5e160ff000 rw-p 00000000 00:00 0 
7c5e160ff000-7c5e16100000 ---p 00000000 00:00 0 
7c5e16100000-7c5e16200000 rw-p 00000000 00:00 0 
7c5e16200000-7c5e16490000 rw-p 00000000 00:00 0 
7c5e16490000-7c5e171f8000 ---p 00000000 00:00 0 
7c5e171f8000-7c5e17252000 rw-p 00000000 00:00 0 
7c5e17252000-7c5e173ff000 ---p 00000000 00:00 0 
7c5e173ff000-7c5e17452000 rw-p 00000000 00:00 0 
7c5e17452000-7c5e175ff000 ---p 00000000 00:00 0 
7c5e175ff000-7c5e17600000 rw-p 00000000 00:00 0 
7c5e17611000-7c5e17615000 r--p 00000000 08:03 17046020                   /home/dan/.config/Code/User/globalStorage/redhat.java/1.56.0/config_linux/org.eclipse.equinox.launcher/org.eclipse.equinox.launcher.gtk.linux.x86_64_1.2.1600.v20260804-1928/eclipse_11924.so
7c5e17615000-7c5e1761f000 r-xp 00004000 08:03 17046020                   /home/dan/.config/Code/User/globalStorage/redhat.java/1.56.0/config_linux/org.eclipse.equinox.launcher/org.eclipse.equinox.launcher.gtk.linux.x86_64_1.2.1600.v20260804-1928/eclipse_11924.so
7c5e1761f000-7c5e17622000 r--p 0000e000 08:03 17046020                   /home/dan/.config/Code/User/globalStorage/redhat.java/1.56.0/config_linux/org.eclipse.equinox.launcher/org.eclipse.equinox.launcher.gtk.linux.x86_64_1.2.1600.v20260804-1928/eclipse_11924.so
7c5e17622000-7c5e17623000 r--p 00010000 08:03 17046020                   /home/dan/.config/Code/User/globalStorage/redhat.java/1.56.0/config_linux/org.eclipse.equinox.launcher/org.eclipse.equinox.launcher.gtk.linux.x86_64_1.2.1600.v20260804-1928/eclipse_11924.so
7c5e17623000-7c5e17624000 rw-p 00011000 08:03 17046020                   /home/dan/.config/Code/User/globalStorage/redhat.java/1.56.0/config_linux/org.eclipse.equinox.launcher/org.eclipse.equinox.launcher.gtk.linux.x86_64_1.2.1600.v20260804-1928/eclipse_11924.so
7c5e17624000-7c5e17625000 rw-p 00000000 00:00 0 
7c5e17625000-7c5e17626000 ---p 00000000 00:00 0 
7c5e17626000-7c5e17726000 rw-p 00000000 00:00 0 
7c5e17726000-7c5e17b3f000 rw-p 00000000 00:00 0 
7c5e17b3f000-7c5e17c15000 ---p 00000000 00:00 0 
7c5e17c15000-7c5e17c57000 rw-p 00000000 00:00 0 
7c5e17c57000-7c5e17d00000 ---p 00000000 00:00 0 
7c5e17d00000-7c5e17d04000 ---p 00000000 00:00 0 
7c5e17d04000-7c5e17e00000 rw-p 00000000 00:00 0 
7c5e17e00000-7c5e17e9d000 r--p 00000000 08:03 19532135                   /usr/lib/x86_64-linux-gnu/libstdc++.so.6.0.33
7c5e17e9d000-7c5e17fe5000 r-xp 0009d000 08:03 19532135                   /usr/lib/x86_64-linux-gnu/libstdc++.so.6.0.33
7c5e17fe5000-7c5e1806c000 r--p 001e5000 08:03 19532135                   /usr/lib/x86_64-linux-gnu/libstdc++.so.6.0.33
7c5e1806c000-7c5e18077000 r--p 0026b000 08:03 19532135                   /usr/lib/x86_64-linux-gnu/libstdc++.so.6.0.33
7c5e18077000-7c5e1807a000 rw-p 00276000 08:03 19532135                   /usr/lib/x86_64-linux-gnu/libstdc++.so.6.0.33
7c5e1807a000-7c5e1807e000 rw-p 00000000 00:00 0 
7c5e18082000-7c5e18083000 r--p 00000000 08:03 19532385                   /usr/lib/x86_64-linux-gnu/libdl.so.2
7c5e18083000-7c5e18084000 r-xp 00001000 08:03 19532385                   /usr/lib/x86_64-linux-gnu/libdl.so.2
7c5e18084000-7c5e18085000 r--p 00002000 08:03 19532385                   /usr/lib/x86_64-linux-gnu/libdl.so.2
7c5e18085000-7c5e18086000 r--p 00002000 08:03 19532385                   /usr/lib/x86_64-linux-gnu/libdl.so.2
7c5e18086000-7c5e18087000 rw-p 00003000 08:03 19532385                   /usr/lib/x86_64-linux-gnu/libdl.so.2
7c5e18087000-7c5e180ac000 r--p 00000000 08:03 20981337                   /usr/share/locale-langpack/pt_BR/LC_MESSAGES/libc.mo
7c5e180ac000-7c5e180b0000 r--p 00000000 08:03 21796315                   /usr/lib/jvm/java-21-openjdk-amd64/lib/libverify.so
7c5e180b0000-7c5e180b7000 r-xp 00004000 08:03 21796315                   /usr/lib/jvm/java-21-openjdk-amd64/lib/libverify.so
7c5e180b7000-7c5e180b9000 r--p 0000b000 08:03 21796315                   /usr/lib/jvm/java-21-openjdk-amd64/lib/libverify.so
7c5e180b9000-7c5e180bb000 r--p 0000c000 08:03 21796315                   /usr/lib/jvm/java-21-openjdk-amd64/lib/libverify.so
7c5e180bb000-7c5e180bc000 rw-p 0000e000 08:03 21796315                   /usr/lib/jvm/java-21-openjdk-amd64/lib/libverify.so
7c5e180bc000-7c5e18117000 rw-p 00000000 00:00 0 
7c5e18117000-7c5e18127000 r--p 00000000 08:03 19532458                   /usr/lib/x86_64-linux-gnu/libm.so.6
7c5e18127000-7c5e181a6000 r-xp 00010000 08:03 19532458                   /usr/lib/x86_64-linux-gnu/libm.so.6
7c5e181a6000-7c5e181fe000 r--p 0008f000 08:03 19532458                   /usr/lib/x86_64-linux-gnu/libm.so.6
7c5e181fe000-7c5e181ff000 r--p 000e7000 08:03 19532458                   /usr/lib/x86_64-linux-gnu/libm.so.6
7c5e181ff000-7c5e18200000 rw-p 000e8000 08:03 19532458                   /usr/lib/x86_64-linux-gnu/libm.so.6
7c5e18200000-7c5e184a3000 r--p 00000000 08:03 21796321                   /usr/lib/jvm/java-21-openjdk-amd64/lib/server/libjvm.so
7c5e184a3000-7c5e1931f000 r-xp 002a3000 08:03 21796321                   /usr/lib/jvm/java-21-openjdk-amd64/lib/server/libjvm.so
7c5e1931f000-7c5e195fa000 r--p 0111f000 08:03 21796321                   /usr/lib/jvm/java-21-openjdk-amd64/lib/server/libjvm.so
7c5e195fa000-7c5e196ce000 r--p 013f9000 08:03 21796321                   /usr/lib/jvm/java-21-openjdk-amd64/lib/server/libjvm.so
7c5e196ce000-7c5e196fe000 rw-p 014cd000 08:03 21796321                   /usr/lib/jvm/java-21-openjdk-amd64/lib/server/libjvm.so
7c5e196fe000-7c5e19764000 rw-p 00000000 00:00 0 
7c5e19767000-7c5e19768000 r--p 00000000 08:03 19534656                   /usr/lib/x86_64-linux-gnu/libpthread.so.0
7c5e19768000-7c5e19769000 r-xp 00001000 08:03 19534656                   /usr/lib/x86_64-linux-gnu/libpthread.so.0
7c5e19769000-7c5e1976a000 r--p 00002000 08:03 19534656                   /usr/lib/x86_64-linux-gnu/libpthread.so.0
7c5e1976a000-7c5e1976b000 r--p 00002000 08:03 19534656                   /usr/lib/x86_64-linux-gnu/libpthread.so.0
7c5e1976b000-7c5e1976c000 rw-p 00003000 08:03 19534656                   /usr/lib/x86_64-linux-gnu/libpthread.so.0
7c5e1976c000-7c5e1976f000 r--p 00000000 08:03 21796308                   /usr/lib/jvm/java-21-openjdk-amd64/lib/libnet.so
7c5e1976f000-7c5e19777000 r-xp 00003000 08:03 21796308                   /usr/lib/jvm/java-21-openjdk-amd64/lib/libnet.so
7c5e19777000-7c5e19779000 r--p 0000b000 08:03 21796308                   /usr/lib/jvm/java-21-openjdk-amd64/lib/libnet.so
7c5e19779000-7c5e1977a000 r--p 0000c000 08:03 21796308                   /usr/lib/jvm/java-21-openjdk-amd64/lib/libnet.so
7c5e1977a000-7c5e1977b000 rw-p 0000d000 08:03 21796308                   /usr/lib/jvm/java-21-openjdk-amd64/lib/libnet.so
7c5e1977b000-7c5e19782000 r--p 00000000 08:03 21796309                   /usr/lib/jvm/java-21-openjdk-amd64/lib/libnio.so
7c5e19782000-7c5e1978b000 r-xp 00007000 08:03 21796309                   /usr/lib/jvm/java-21-openjdk-amd64/lib/libnio.so
7c5e1978b000-7c5e1978f000 r--p 00010000 08:03 21796309                   /usr/lib/jvm/java-21-openjdk-amd64/lib/libnio.so
7c5e1978f000-7c5e19790000 r--p 00014000 08:03 21796309                   /usr/lib/jvm/java-21-openjdk-amd64/lib/libnio.so
7c5e19790000-7c5e19791000 rw-p 00015000 08:03 21796309                   /usr/lib/jvm/java-21-openjdk-amd64/lib/libnio.so
7c5e19791000-7c5e19793000 r--p 00000000 08:03 21796316                   /usr/lib/jvm/java-21-openjdk-amd64/lib/libzip.so
7c5e19793000-7c5e19798000 r-xp 00002000 08:03 21796316                   /usr/lib/jvm/java-21-openjdk-amd64/lib/libzip.so
7c5e19798000-7c5e1979a000 r--p 00007000 08:03 21796316                   /usr/lib/jvm/java-21-openjdk-amd64/lib/libzip.so
7c5e1979a000-7c5e1979b000 r--p 00008000 08:03 21796316                   /usr/lib/jvm/java-21-openjdk-amd64/lib/libzip.so
7c5e1979b000-7c5e1979c000 rw-p 00009000 08:03 21796316                   /usr/lib/jvm/java-21-openjdk-amd64/lib/libzip.so
7c5e1979c000-7c5e19800000 rw-p 00000000 00:00 0 
7c5e19800000-7c5e19828000 r--p 00000000 08:03 19531357                   /usr/lib/x86_64-linux-gnu/libc.so.6
7c5e19828000-7c5e199b1000 r-xp 00028000 08:03 19531357                   /usr/lib/x86_64-linux-gnu/libc.so.6
7c5e199b1000-7c5e19a00000 r--p 001b1000 08:03 19531357                   /usr/lib/x86_64-linux-gnu/libc.so.6
7c5e19a00000-7c5e19a04000 r--p 001ff000 08:03 19531357                   /usr/lib/x86_64-linux-gnu/libc.so.6
7c5e19a04000-7c5e19a06000 rw-p 00203000 08:03 19531357                   /usr/lib/x86_64-linux-gnu/libc.so.6
7c5e19a06000-7c5e19a13000 rw-p 00000000 00:00 0 
7c5e19a14000-7c5e19a1b000 r--s 00000000 08:03 19682396                   /usr/lib/x86_64-linux-gnu/gconv/gconv-modules.cache
7c5e19a1b000-7c5e19a20000 rw-p 00000000 00:00 0 
7c5e19a20000-7c5e19a27000 ---p 00000000 00:00 0 
7c5e19a27000-7c5e19a34000 r--p 00000000 08:03 21796294                   /usr/lib/jvm/java-21-openjdk-amd64/lib/libjava.so
7c5e19a34000-7c5e19a43000 r-xp 0000d000 08:03 21796294                   /usr/lib/jvm/java-21-openjdk-amd64/lib/libjava.so
7c5e19a43000-7c5e19a48000 r--p 0001c000 08:03 21796294                   /usr/lib/jvm/java-21-openjdk-amd64/lib/libjava.so
7c5e19a48000-7c5e19a49000 r--p 00021000 08:03 21796294                   /usr/lib/jvm/java-21-openjdk-amd64/lib/libjava.so
7c5e19a49000-7c5e19a4a000 rw-p 00022000 08:03 21796294                   /usr/lib/jvm/java-21-openjdk-amd64/lib/libjava.so
7c5e19a4a000-7c5e19a4b000 rw-p 00000000 00:00 0 
7c5e19a4b000-7c5e19a4d000 r--p 00000000 08:03 21796289                   /usr/lib/jvm/java-21-openjdk-amd64/lib/libinstrument.so
7c5e19a4d000-7c5e19a53000 r-xp 00002000 08:03 21796289                   /usr/lib/jvm/java-21-openjdk-amd64/lib/libinstrument.so
7c5e19a53000-7c5e19a56000 r--p 00008000 08:03 21796289                   /usr/lib/jvm/java-21-openjdk-amd64/lib/libinstrument.so
7c5e19a56000-7c5e19a57000 r--p 0000a000 08:03 21796289                   /usr/lib/jvm/java-21-openjdk-amd64/lib/libinstrument.so
7c5e19a57000-7c5e19a58000 rw-p 0000b000 08:03 21796289                   /usr/lib/jvm/java-21-openjdk-amd64/lib/libinstrument.so
7c5e19a58000-7c5e19a5c000 r--p 00000000 08:03 19532130                   /usr/lib/x86_64-linux-gnu/libgcc_s.so.1
7c5e19a5c000-7c5e19a80000 r-xp 00004000 08:03 19532130                   /usr/lib/x86_64-linux-gnu/libgcc_s.so.1
7c5e19a80000-7c5e19a84000 r--p 00028000 08:03 19532130                   /usr/lib/x86_64-linux-gnu/libgcc_s.so.1
7c5e19a84000-7c5e19a85000 r--p 0002b000 08:03 19532130                   /usr/lib/x86_64-linux-gnu/libgcc_s.so.1
7c5e19a85000-7c5e19a86000 rw-p 0002c000 08:03 19532130                   /usr/lib/x86_64-linux-gnu/libgcc_s.so.1
7c5e19a86000-7c5e19a88000 rw-p 00000000 00:00 0 
7c5e19a88000-7c5e19a8a000 r--p 00000000 08:03 21796298                   /usr/lib/jvm/java-21-openjdk-amd64/lib/libjli.so
7c5e19a8a000-7c5e19a94000 r-xp 00002000 08:03 21796298                   /usr/lib/jvm/java-21-openjdk-amd64/lib/libjli.so
7c5e19a94000-7c5e19a97000 r--p 0000c000 08:03 21796298                   /usr/lib/jvm/java-21-openjdk-amd64/lib/libjli.so
7c5e19a97000-7c5e19a98000 r--p 0000f000 08:03 21796298                   /usr/lib/jvm/java-21-openjdk-amd64/lib/libjli.so
7c5e19a98000-7c5e19a99000 rw-p 00010000 08:03 21796298                   /usr/lib/jvm/java-21-openjdk-amd64/lib/libjli.so
7c5e19a99000-7c5e19a9b000 r--p 00000000 08:03 19529884                   /usr/lib/x86_64-linux-gnu/libz.so.1.3
7c5e19a9b000-7c5e19aad000 r-xp 00002000 08:03 19529884                   /usr/lib/x86_64-linux-gnu/libz.so.1.3
7c5e19aad000-7c5e19ab3000 r--p 00014000 08:03 19529884                   /usr/lib/x86_64-linux-gnu/libz.so.1.3
7c5e19ab3000-7c5e19ab4000 r--p 0001a000 08:03 19529884                   /usr/lib/x86_64-linux-gnu/libz.so.1.3
7c5e19ab4000-7c5e19ab5000 rw-p 0001b000 08:03 19529884                   /usr/lib/x86_64-linux-gnu/libz.so.1.3
7c5e19ab5000-7c5e19abd000 rw-s 00000000 08:03 28180540                   /tmp/hsperfdata_dan/5007
7c5e19abd000-7c5e19abe000 ---p 00000000 00:00 0 
7c5e19abe000-7c5e19abf000 r--p 00000000 00:00 0 
7c5e19abf000-7c5e19ac0000 ---p 00000000 00:00 0 
7c5e19ac0000-7c5e19ac2000 r--p 00000000 08:03 21796297                   /usr/lib/jvm/java-21-openjdk-amd64/lib/libjimage.so
7c5e19ac2000-7c5e19ac5000 r-xp 00002000 08:03 21796297                   /usr/lib/jvm/java-21-openjdk-amd64/lib/libjimage.so
7c5e19ac5000-7c5e19ac6000 r--p 00005000 08:03 21796297                   /usr/lib/jvm/java-21-openjdk-amd64/lib/libjimage.so
7c5e19ac6000-7c5e19ac7000 r--p 00006000 08:03 21796297                   /usr/lib/jvm/java-21-openjdk-amd64/lib/libjimage.so
7c5e19ac7000-7c5e19ac8000 rw-p 00007000 08:03 21796297                   /usr/lib/jvm/java-21-openjdk-amd64/lib/libjimage.so
7c5e19ac8000-7c5e19aca000 rw-p 00000000 00:00 0 
7c5e19aca000-7c5e19ace000 r--p 00000000 00:00 0                          [vvar]
7c5e19ace000-7c5e19ad0000 r--p 00000000 00:00 0                          [vvar_vclock]
7c5e19ad0000-7c5e19ad2000 r-xp 00000000 00:00 0                          [vdso]
7c5e19ad2000-7c5e19ad3000 r--p 00000000 08:03 19531111                   /usr/lib/x86_64-linux-gnu/ld-linux-x86-64.so.2
7c5e19ad3000-7c5e19afe000 r-xp 00001000 08:03 19531111                   /usr/lib/x86_64-linux-gnu/ld-linux-x86-64.so.2
7c5e19afe000-7c5e19b08000 r--p 0002c000 08:03 19531111                   /usr/lib/x86_64-linux-gnu/ld-linux-x86-64.so.2
7c5e19b08000-7c5e19b0a000 r--p 00036000 08:03 19531111                   /usr/lib/x86_64-linux-gnu/ld-linux-x86-64.so.2
7c5e19b0a000-7c5e19b0c000 rw-p 00038000 08:03 19531111                   /usr/lib/x86_64-linux-gnu/ld-linux-x86-64.so.2
7ffc4929a000-7ffc492bc000 rw-p 00000000 00:00 0                          [stack]
ffffffffff600000-ffffffffff601000 --xp 00000000 00:00 0                  [vsyscall]
Total number of mappings: 349

JVMTI agents:
/home/dan/.vscode/extensions/redhat.java-1.56.0-linux-x64/lombok/lombok-1.18.39-4050.jar path:none, loaded, initialized, instrumentlib options:none


VM Arguments:
jvm_args: --add-modules=ALL-SYSTEM --add-opens=java.base/java.util=ALL-UNNAMED --add-opens=java.base/java.lang=ALL-UNNAMED --add-opens=java.base/sun.nio.fs=ALL-UNNAMED -Declipse.application=org.eclipse.jdt.ls.core.id1 -Dosgi.bundles.defaultStartLevel=4 -Declipse.product=org.eclipse.jdt.ls.core.product -Djava.import.generatesMetadataFilesAtProjectRoot=false -Dm2e.project.cache.size=50 -DDetectVMInstallationsJob.disabled=true -Dfile.encoding=utf8 -Xlog:disable -Xmx1G -javaagent:/home/dan/.vscode/extensions/redhat.java-1.56.0-linux-x64/lombok/lombok-1.18.39-4050.jar -XX:+HeapDumpOnOutOfMemoryError -XX:HeapDumpPath=/home/dan/.config/Code/User/workspaceStorage/bf427f17b0473f652d9fdfa36f8c12e8/redhat.java -Daether.dependencyCollector.impl=bf 
java_command: /home/dan/.vscode/extensions/redhat.java-1.56.0-linux-x64/server/plugins/org.eclipse.equinox.launcher_1.8.0.v20260804-1928.jar -configuration /home/dan/.config/Code/User/globalStorage/redhat.java/1.56.0/config_linux -data /home/dan/.config/Code/User/workspaceStorage/bf427f17b0473f652d9fdfa36f8c12e8/redhat.java/jdt_ws --stdio
java_class_path (initial): /home/dan/.vscode/extensions/redhat.java-1.56.0-linux-x64/server/plugins/org.eclipse.equinox.launcher_1.8.0.v20260804-1928.jar
Launcher Type: SUN_STANDARD

[Global flags]
     intx CICompilerCount                          = 3                                         {product} {ergonomic}
     uint ConcGCThreads                            = 1                                         {product} {ergonomic}
     uint G1ConcRefinementThreads                  = 4                                         {product} {ergonomic}
   size_t G1HeapRegionSize                         = 1048576                                   {product} {ergonomic}
    uintx GCDrainStackTargetSize                   = 64                                        {product} {ergonomic}
     bool HeapDumpOnOutOfMemoryError               = true                                   {manageable} {command line}
    ccstr HeapDumpPath                             = /home/dan/.config/Code/User/workspaceStorage/bf427f17b0473f652d9fdfa36f8c12e8/redhat.java         {manageable} {command line}
   size_t InitialHeapSize                          = 130023424                                 {product} {ergonomic}
   size_t MarkStackSize                            = 4194304                                   {product} {ergonomic}
   size_t MaxHeapSize                              = 1073741824                                {product} {command line}
   size_t MaxNewSize                               = 643825664                                 {product} {ergonomic}
   size_t MinHeapDeltaBytes                        = 1048576                                   {product} {ergonomic}
   size_t MinHeapSize                              = 8388608                                   {product} {ergonomic}
    uintx NonNMethodCodeHeapSize                   = 5832780                                {pd product} {ergonomic}
    uintx NonProfiledCodeHeapSize                  = 122912730                              {pd product} {ergonomic}
    uintx ProfiledCodeHeapSize                     = 122912730                              {pd product} {ergonomic}
    uintx ReservedCodeCacheSize                    = 251658240                              {pd product} {ergonomic}
     bool SegmentedCodeCache                       = true                                      {product} {ergonomic}
   size_t SoftMaxHeapSize                          = 1073741824                             {manageable} {ergonomic}
     bool UseCompressedOops                        = true                           {product lp64_product} {ergonomic}
     bool UseG1GC                                  = true                                      {product} {ergonomic}

Logging:
Log output configuration:
 #0: stdout all=off uptime,level,tags foldmultilines=false
 #1: stderr all=off uptime,level,tags foldmultilines=false

Release file:
IMPLEMENTOR="Ubuntu"
JAVA_RUNTIME_VERSION="21.0.12.1+1-1-24.04.4-Ubuntu"
JAVA_VERSION="21.0.12.1"
JAVA_VERSION_DATE="2026-08-18"
LIBC="gnu"
MODULES="java.base java.compiler java.datatransfer java.xml java.prefs java.desktop java.instrument java.logging java.management java.security.sasl java.naming java.rmi java.management.rmi java.net.http java.scripting java.security.jgss java.transaction.xa java.sql java.sql.rowset java.xml.crypto java.se java.smartcardio jdk.accessibility jdk.internal.jvmstat jdk.attach jdk.charsets jdk.internal.opt jdk.zipfs jdk.compiler jdk.crypto.ec jdk.crypto.cryptoki jdk.dynalink jdk.internal.ed jdk.editpad jdk.hotspot.agent jdk.httpserver jdk.incubator.vector jdk.internal.le jdk.internal.vm.ci jdk.internal.vm.compiler jdk.internal.vm.compiler.management jdk.jartool jdk.javadoc jdk.jcmd jdk.management jdk.management.agent jdk.jconsole jdk.jdeps jdk.jdwp.agent jdk.jdi jdk.jfr jdk.jlink jdk.jpackage jdk.jshell jdk.jsobject jdk.jstatd jdk.localedata jdk.management.jfr jdk.naming.dns jdk.naming.rmi jdk.net jdk.nio.mapmode jdk.random jdk.sctp jdk.security.auth jdk.security.jgss jdk.unsupported jdk.unsupported.desktop jdk.xml.dom"
OS_ARCH="x86_64"
OS_NAME="Linux"
SOURCE=""

Environment Variables:
PATH=/home/dan/.local/bin:/usr/local/sbin:/usr/local/bin:/usr/sbin:/usr/bin:/sbin:/bin:/usr/games:/usr/local/games:/snap/bin
SHELL=/bin/bash
DISPLAY=:0
LANG=pt_BR.UTF-8
LC_NUMERIC=es_AR.UTF-8

Active Locale:
LC_ALL=LC_CTYPE=pt_BR.UTF-8;LC_NUMERIC=es_AR.UTF-8;LC_TIME=pt_BR.UTF-8;LC_COLLATE=pt_BR.UTF-8;LC_MONETARY=es_AR.UTF-8;LC_MESSAGES=pt_BR.UTF-8;LC_PAPER=es_AR.UTF-8;LC_NAME=es_AR.UTF-8;LC_ADDRESS=es_AR.UTF-8;LC_TELEPHONE=es_AR.UTF-8;LC_MEASUREMENT=es_AR.UTF-8;LC_IDENTIFICATION=es_AR.UTF-8
LC_COLLATE=pt_BR.UTF-8
LC_CTYPE=pt_BR.UTF-8
LC_MESSAGES=pt_BR.UTF-8
LC_MONETARY=es_AR.UTF-8
LC_NUMERIC=es_AR.UTF-8
LC_TIME=pt_BR.UTF-8

Signal Handlers:
   SIGSEGV: crash_handler in libjvm.so, mask=11100100010111111101111111111110, flags=SA_RESTART|SA_SIGINFO, unblocked
    SIGBUS: crash_handler in libjvm.so, mask=11100100010111111101111111111110, flags=SA_RESTART|SA_SIGINFO, unblocked
    SIGFPE: crash_handler in libjvm.so, mask=11100100010111111101111111111110, flags=SA_RESTART|SA_SIGINFO, unblocked
   SIGPIPE: javaSignalHandler in libjvm.so, mask=11100100010111111101111111111110, flags=SA_RESTART|SA_SIGINFO, blocked
   SIGXFSZ: javaSignalHandler in libjvm.so, mask=11100100010111111101111111111110, flags=SA_RESTART|SA_SIGINFO, blocked
    SIGILL: crash_handler in libjvm.so, mask=11100100010111111101111111111110, flags=SA_RESTART|SA_SIGINFO, unblocked
   SIGUSR2: SR_handler in libjvm.so, mask=00000000000000000000000000000000, flags=SA_RESTART|SA_SIGINFO, blocked
    SIGHUP: UserHandler in libjvm.so, mask=11100100010111111101111111111110, flags=SA_RESTART|SA_SIGINFO, blocked
    SIGINT: UserHandler in libjvm.so, mask=11100100010111111101111111111110, flags=SA_RESTART|SA_SIGINFO, blocked
   SIGTERM: UserHandler in libjvm.so, mask=11100100010111111101111111111110, flags=SA_RESTART|SA_SIGINFO, blocked
   SIGQUIT: UserHandler in libjvm.so, mask=11100100010111111101111111111110, flags=SA_RESTART|SA_SIGINFO, blocked
   SIGTRAP: crash_handler in libjvm.so, mask=11100100010111111101111111111110, flags=SA_RESTART|SA_SIGINFO, unblocked


Periodic native trim disabled

---------------  S Y S T E M  ---------------

OS:
DISTRIB_ID=LinuxMint
DISTRIB_RELEASE=22.3
DISTRIB_CODENAME=zena
DISTRIB_DESCRIPTION="Linux Mint 22.3 Zena"
uname: Linux 7.0.0-34-generic #34~24.04.1-Ubuntu SMP PREEMPT_DYNAMIC Fri Sep  4 15:38:29 UTC 2 x86_64
OS uptime: 0 days 0:26 hours
libc: glibc 2.39 NPTL 2.39 
rlimit (soft/hard): STACK 8192k/infinity , CORE 0k/infinity , NPROC 25917/25917 , NOFILE 1048576/1048576 , AS infinity/infinity , CPU infinity/infinity , DATA infinity/infinity , FSIZE infinity/infinity , MEMLOCK 1000960k/1000960k
load average: 14,44 8,48 4,19

/proc/meminfo:
MemTotal:        8007692 kB
MemFree:          363164 kB
MemAvailable:    3544380 kB
Buffers:          173288 kB
Cached:          3406428 kB
SwapCached:         2260 kB
Active:          1829244 kB
Inactive:        5240728 kB
Active(anon):    1461268 kB
Inactive(anon):  2285524 kB
Active(file):     367976 kB
Inactive(file):  2955204 kB
Unevictable:       73820 kB
Mlocked:             168 kB
SwapTotal:       4194300 kB
SwapFree:        4191940 kB
Zswap:                 0 kB
Zswapped:              0 kB
Dirty:              7736 kB
Writeback:            28 kB
AnonPages:       3562124 kB
Mapped:           946384 kB
Shmem:            256508 kB
KReclaimable:     158036 kB
Slab:             290144 kB
SReclaimable:     158036 kB
SUnreclaim:       132108 kB
KernelStack:       19756 kB
PageTables:        51896 kB
SecPageTables:         0 kB
NFS_Unstable:          0 kB
Bounce:                0 kB
WritebackTmp:          0 kB
CommitLimit:     8198144 kB
Committed_AS:   15425832 kB
VmallocTotal:   34359738367 kB
VmallocUsed:       53132 kB
VmallocChunk:          0 kB
Percpu:             2800 kB
HardwareCorrupted:     0 kB
AnonHugePages:         0 kB
ShmemHugePages:        0 kB
ShmemPmdMapped:        0 kB
FileHugePages:     10240 kB
FilePmdMapped:         0 kB
CmaTotal:              0 kB
CmaFree:           11340 kB
Unaccepted:            0 kB
Balloon:               0 kB
HugePages_Total:       0
HugePages_Free:        0
HugePages_Rsvd:        0
HugePages_Surp:        0
Hugepagesize:       2048 kB
Hugetlb:               0 kB
DirectMap4k:      142516 kB
DirectMap2M:     8126464 kB

/sys/kernel/mm/transparent_hugepage/enabled: always [madvise] never
/sys/kernel/mm/transparent_hugepage/hpage_pmd_size: 2097152
/sys/kernel/mm/transparent_hugepage/defrag (defrag/compaction efforts parameter): always defer defer+madvise [madvise] never

Process Memory:
Virtual Size: 4886884K (peak: 4891764K)
Resident Set Size: 451740K (peak: 451740K) (anon: 420456K, file: 31284K, shmem: 0K)
Swapped out: 0K
C-Heap outstanding allocations: 81448K, retained: 55047K
glibc malloc tunables: (default)

/proc/sys/kernel/threads-max (system-wide limit on the number of threads): 51835
/proc/sys/vm/max_map_count (maximum number of memory map areas a process may have): 1048576
/proc/sys/vm/swappiness (control to define how aggressively the kernel swaps out anonymous memory): 10
/proc/sys/kernel/pid_max (system-wide limit on number of process identifiers): 4194304

container information not found.
Steal ticks since vm start: 0
Steal ticks percentage since vm start:  0,000

CPU: total 4 (initial active 4) (2 cores per cpu, 2 threads per core) family 6 model 58 stepping 9 microcode 0x21, cx8, cmov, fxsr, ht, mmx, sse, sse2, sse3, ssse3, sse4.1, sse4.2, popcnt, tsc, tscinvbit, avx, aes, erms, clmul, vzeroupper, clflush, rdtscp, f16c
CPU Model and flags from /proc/cpuinfo:
model name	: Intel(R) Core(TM) i5-3230M CPU @ 2.60GHz
flags		: fpu vme de pse tsc msr pae mce cx8 apic sep mtrr pge mca cmov pat pse36 clflush dts acpi mmx fxsr sse sse2 ss ht tm pbe syscall nx rdtscp lm constant_tsc arch_perfmon pebs bts rep_good nopl xtopology nonstop_tsc cpuid aperfmperf pni pclmulqdq dtes64 monitor ds_cpl est tm2 ssse3 cx16 xtpr pdcm pcid sse4_1 sse4_2 x2apic popcnt tsc_deadline_timer aes xsave avx f16c rdrand lahf_lm cpuid_fault epb pti ssbd ibrs ibpb stibp fsgsbase smep erms xsaveopt dtherm ida arat pln pts md_clear flush_l1d

Online cpus: 0-3
Offline cpus: 
BIOS frequency limitation: <Not Available>
Frequency switch latency (ns): 20000
Available cpu frequencies: <Not Available>
Current governor: schedutil
Core performance/turbo boost: <Not Available>

Memory: 4k page, physical 8007692k(3544380k free), swap 4194300k(4191940k free)
Page Sizes: 4k

vm_info: OpenJDK 64-Bit Server VM (21.0.12.1+1-1-24.04.4-Ubuntu) for linux-amd64 JRE (21.0.12.1+1-1-24.04.4-Ubuntu), built on 2026-09-04T06:14:02Z by "buildd" with gcc 13.3.0

END.
