#
# A fatal error has been detected by the Java Runtime Environment:
#
#  Internal Error (type.cpp:2199), pid=36024, tid=36038
#  Error: ShouldNotReachHere()
#
# JRE version: OpenJDK Runtime Environment (21.0.11+10) (build 21.0.11+10-1-24.04.2-Ubuntu)
# Java VM: OpenJDK 64-Bit Server VM (21.0.11+10-1-24.04.2-Ubuntu, mixed mode, sharing, tiered, compressed oops, compressed class ptrs, g1 gc, linux-amd64)
# Problematic frame:
# V  [libjvm.so+0xfaffb9]  TypeTuple::make_domain(ciInstanceKlass*, ciSignature*, Type::InterfaceHandling)+0x359
#
# Core dump will be written. Default location: Core dumps may be processed with "/usr/lib/systemd/systemd-coredump %P %u %g %s %t 9223372036854775808 %h %d" (or dumping to /home/dan/Documentos/Estudos-Java/maratona-java/core.36024)
#
# If you would like to submit a bug report, please visit:
#   https://bugs.launchpad.net/ubuntu/+source/openjdk-21
#

---------------  S U M M A R Y ------------

Command Line: --add-modules=ALL-SYSTEM --add-opens=java.base/java.util=ALL-UNNAMED --add-opens=java.base/java.lang=ALL-UNNAMED --add-opens=java.base/sun.nio.fs=ALL-UNNAMED -Declipse.application=org.eclipse.jdt.ls.core.id1 -Dosgi.bundles.defaultStartLevel=4 -Declipse.product=org.eclipse.jdt.ls.core.product -Djava.import.generatesMetadataFilesAtProjectRoot=false -DDetectVMInstallationsJob.disabled=true -Dfile.encoding=utf8 -Xlog:disable -Xmx1G -javaagent:/home/dan/.vscode/extensions/redhat.java-1.55.0-linux-x64/lombok/lombok-1.18.39-4050.jar -XX:+HeapDumpOnOutOfMemoryError -XX:HeapDumpPath=/home/dan/.config/Code/User/workspaceStorage/3e564cfedea14a04fad4b011b1314378/redhat.java -Daether.dependencyCollector.impl=bf /home/dan/.vscode/extensions/redhat.java-1.55.0-linux-x64/server/plugins/org.eclipse.equinox.launcher_1.7.200.v20260619-2039.jar -configuration /home/dan/.config/Code/User/globalStorage/redhat.java/1.55.0/config_linux -data /home/dan/.config/Code/User/workspaceStorage/3e564cfedea14a04fad4b011b1314378/redhat.java/jdt_ws --pipe=/run/user/1000/lsp-81d2e7e5c79df3740de3be89a151b241.sock

Host: Intel(R) Core(TM) i5-3230M CPU @ 2.60GHz, 4 cores, 7G, Linux Mint 22.3 Zena
Time: Tue Aug 25 14:46:19 2026 -03 elapsed time: 273.829245 seconds (0d 0h 4m 33s)

---------------  T H R E A D  ---------------

Current thread (0x00007d51f41174d0):  JavaThread "C2 CompilerThread0" daemon [_thread_in_native, id=36038, stack(0x00007d51d8d00000,0x00007d51d8e00000) (1024K)]


Current CompileTask:
C2:273829 14512       4       org.eclipse.jdt.internal.core.JavaProject::filterLimitedModules (179 bytes)

Stack: [0x00007d51d8d00000,0x00007d51d8e00000],  sp=0x00007d51d8dfbe50,  free space=1007k
Native frames: (J=compiled Java code, j=interpreted, Vv=VM code, C=native code)
V  [libjvm.so+0xfaffb9]  TypeTuple::make_domain(ciInstanceKlass*, ciSignature*, Type::InterfaceHandling)+0x359  (type.cpp:2199)
V  [libjvm.so+0xfb1394]  TypeFunc::make(ciMethod*)+0x74
V  [libjvm.so+0x891f26]  GraphKit::record_profiled_arguments_for_speculation(ciMethod*, Bytecodes::Code)+0x36
V  [libjvm.so+0x75c1fd]  Parse::do_call()+0x1cd
V  [libjvm.so+0xd37551]  Parse::do_one_block()+0x1a1
V  [libjvm.so+0xd37b39]  Parse::do_all_blocks()+0xe9
V  [libjvm.so+0xd3a208]  Parse::Parse(JVMState*, ciMethod*, float)+0x6c8
V  [libjvm.so+0x58f38b]  ParseGenerator::generate(JVMState*)+0x8b
V  [libjvm.so+0x590dcd]  PredictedCallGenerator::generate(JVMState*)+0x31d
V  [libjvm.so+0x75c233]  Parse::do_call()+0x203
V  [libjvm.so+0xd37551]  Parse::do_one_block()+0x1a1
V  [libjvm.so+0xd37b39]  Parse::do_all_blocks()+0xe9
V  [libjvm.so+0xd3a208]  Parse::Parse(JVMState*, ciMethod*, float)+0x6c8
V  [libjvm.so+0x58f38b]  ParseGenerator::generate(JVMState*)+0x8b
V  [libjvm.so+0x75c233]  Parse::do_call()+0x203
V  [libjvm.so+0xd37551]  Parse::do_one_block()+0x1a1
V  [libjvm.so+0xd37b39]  Parse::do_all_blocks()+0xe9
V  [libjvm.so+0xd3a208]  Parse::Parse(JVMState*, ciMethod*, float)+0x6c8
V  [libjvm.so+0x58f38b]  ParseGenerator::generate(JVMState*)+0x8b
V  [libjvm.so+0x590dcd]  PredictedCallGenerator::generate(JVMState*)+0x31d
V  [libjvm.so+0x590dcd]  PredictedCallGenerator::generate(JVMState*)+0x31d
V  [libjvm.so+0x75c233]  Parse::do_call()+0x203
V  [libjvm.so+0xd37551]  Parse::do_one_block()+0x1a1
V  [libjvm.so+0xd37b39]  Parse::do_all_blocks()+0xe9
V  [libjvm.so+0xd3a208]  Parse::Parse(JVMState*, ciMethod*, float)+0x6c8
V  [libjvm.so+0x58f38b]  ParseGenerator::generate(JVMState*)+0x8b
V  [libjvm.so+0x66ab3d]  Compile::Compile(ciEnv*, ciMethod*, int, Options, DirectiveSet*)+0xd0d
V  [libjvm.so+0x58e15d]  C2Compiler::compile_method(ciEnv*, ciMethod*, int, bool, DirectiveSet*)+0x19d
V  [libjvm.so+0x670ff3]  CompileBroker::invoke_compiler_on_method(CompileTask*)+0xc73
V  [libjvm.so+0x674218]  CompileBroker::compiler_thread_loop()+0x6d8
V  [libjvm.so+0x92c516]  JavaThread::thread_main_inner()+0x1e6
V  [libjvm.so+0xf90cb7]  Thread::call_run()+0xa7
V  [libjvm.so+0xd06fd5]  thread_native_entry(Thread*)+0xd5
C  [libc.so.6+0x9cb84]
Registers:
RAX=0x00007d51fb5ce000, RBX=0x0000000000000000, RCX=0xffffffff83488130, RDX=0x000000008348812c
RSP=0x00007d51d8dfbe50, RBP=0x00007d51d8dfbe90, RSI=0x0000000000000897, RDI=0x00007d51fada6eb8
R8 =0x00007d51fb1508c0, R9 =0x00007d5158275c70, R10=0x0000000080000001, R11=0x00007d5159104be8
R12=0x00007d515851d2d0, R13=0x00007d51faded728, R14=0x00007d51591044b8, R15=0x0000000000000007
RIP=0x00007d51fabaffb9, EFLAGS=0x0000000000010282, CSGSFS=0x002b000000000033, ERR=0x0000000000000006
  TRAPNO=0x000000000000000e

XMM[0]=0x00007d5158008a30 0x00007d51580039f8
XMM[1]=0x00007d5158008a30 0x00007d51580039f8
XMM[2]=0x0000000000000000 0x3f816872b020c49c
XMM[3]=0x00007d51d40e4d80 0x00007d5158979a20
XMM[4]=0x00007d5158979a20 0x00007d51d40e9ae8
XMM[5]=0x00007d51d40ea208 0x00007d51d40e4d80
XMM[6]=0x00007d5158979a20 0x00007d51d40e4d80
XMM[7]=0x00007d51588b5eb0 0x00007d5158979cf8
XMM[8]=0x00007d51583a9a58 0x00007d51d40eaa30
XMM[9]=0x00007d51583bb360 0x00007d51583bb300
XMM[10]=0x00007d51583bad00 0x00007d51583badc0
XMM[11]=0x00007d51583bad60 0x00007d51583bae20
XMM[12]=0x00007d51583baca0 0x00007d51583bac40
XMM[13]=0x0000000000000000 0x0000000000000000
XMM[14]=0x0000000000000000 0x0000000000000000
XMM[15]=0xcafebabecafebabe 0xcafebabecafebabe
  MXCSR=0x00001fa2


Register to memory mapping:

RAX=0x00007d51fb5ce000 points into unknown readable memory: 0x0000000000000058 | 58 00 00 00 00 00 00 00
RBX=0x0 is null
RCX=0xffffffff83488130 is an unknown value
RDX=0x000000008348812c is an unknown value
RSP=0x00007d51d8dfbe50 is pointing into the stack for thread: 0x00007d51f41174d0
RBP=0x00007d51d8dfbe90 is pointing into the stack for thread: 0x00007d51f41174d0
RSI=0x0000000000000897 is an unknown value
RDI=0x00007d51fada6eb8: <offset 0x00000000011a6eb8> in /usr/lib/jvm/java-21-openjdk-amd64/lib/server/libjvm.so at 0x00007d51f9c00000
R8 =0x00007d51fb1508c0: <offset 0x00000000015508c0> in /usr/lib/jvm/java-21-openjdk-amd64/lib/server/libjvm.so at 0x00007d51f9c00000
R9 =0x00007d5158275c70 points into unknown readable memory: 0x0000000200000001 | 01 00 00 00 02 00 00 00
R10=0x0000000080000001 is an unknown value
R11=0x00007d5159104be8 points into unknown readable memory: 0x0000000000150005 | 05 00 15 00 00 00 00 00
R12=0x00007d515851d2d0 points into unknown readable memory: 0x00007d51f41232a0 | a0 32 12 f4 51 7d 00 00
R13=0x00007d51faded728: <offset 0x00000000011ed728> in /usr/lib/jvm/java-21-openjdk-amd64/lib/server/libjvm.so at 0x00007d51f9c00000
R14=0x00007d51591044b8 points into unknown readable memory: 0x00007d5159104498 | 98 44 10 59 51 7d 00 00
R15=0x0000000000000007 is an unknown value

Top of Stack: (sp=0x00007d51d8dfbe50)
0x00007d51d8dfbe50:   00007d51d8dfe6b0 0000000000000001   ....Q}..........
0x00007d51d8dfbe60:   00007d51d8dfbef0 00007d51591043d8   ....Q}...C.YQ}..
0x00007d51d8dfbe70:   00007d51d8dfdb90 00007d51d8dfc0f0   ....Q}......Q}..
0x00007d51d8dfbe80:   0000000000000000 00007d51d8dfc0f0   ............Q}..
0x00007d51d8dfbe90:   00007d51d8dfbec0 00007d51fabb1394   ....Q}......Q}..
0x00007d51d8dfbea0:   00000000000000b6 00007d51580037b8   .........7.XQ}..
0x00007d51d8dfbeb0:   00007d51d8dfc0f0 0000000000000000   ....Q}..........
0x00007d51d8dfbec0:   00007d51d8dfbf20 00007d51fa491f26    ...Q}..&.I.Q}..
0x00007d51d8dfbed0:   00007d51589038f0 00007d5159102eb8   .8.XQ}.....YQ}..
0x00007d51d8dfbee0:   00007d51f41174d0 00007d51580037b8   .t..Q}...7.XQ}..
0x00007d51d8dfbef0:   00007d51d8dfbf30 00007d51591043d8   0...Q}...C.YQ}..
0x00007d51d8dfbf00:   00007d51580037b8 00007d515c489300   .7.XQ}....H\Q}..
0x00007d51d8dfbf10:   0000000000000000 00007d51d8dfc0f0   ............Q}..
0x00007d51d8dfbf20:   00007d51d8dfbff0 00007d51fa35c1fd   ....Q}....5.Q}..
0x00007d51d8dfbf30:   0000000000000000 0000000000000001   ................
0x00007d51d8dfbf40:   01007d51d8dfbf80 00007d5159103698   ....Q}...6.YQ}..
0x00007d51d8dfbf50:   00007d5100000000 fffffffc00000000   ....Q}..........
0x00007d51d8dfbf60:   00007d515c488ea0 00007d51f9fd4500   ..H\Q}...E..Q}..
0x00007d51d8dfbf70:   00007d515851d200 00000000000000b6   ..QXQ}..........
0x00007d51d8dfbf80:   00007d51d8dfbff0 01007d51fa9495ba   ....Q}......Q}..
0x00007d51d8dfbf90:   00007d51591044b8 0000000000000001   .D.YQ}..........
0x00007d51d8dfbfa0:   00007d51d8dfbff0 00007d51d8dfc0f0   ....Q}......Q}..
0x00007d51d8dfbfb0:   00007d510000000c 00007d51591043a0   ....Q}...C.YQ}..
0x00007d51d8dfbfc0:   00007d5100000001 00007d51d8dfc0f0   ....Q}......Q}..
0x00007d51d8dfbfd0:   0000000000000015 00007d51d8dfc1f8   ............Q}..
0x00007d51d8dfbfe0:   0000000000000000 0000000000000002   ................
0x00007d51d8dfbff0:   00007d51d8dfc030 00007d51fa937551   0...Q}..Qu..Q}..
0x00007d51d8dfc000:   00007d51d8dfc090 00007d51589077c8   ....Q}...w.XQ}..
0x00007d51d8dfc010:   0000000000000000 0000000000000001   ................
0x00007d51d8dfc020:   00007d51d8dfc0f0 0000000000000002   ....Q}..........
0x00007d51d8dfc030:   00007d51d8dfc090 00007d51fa937b39   ....Q}..9{..Q}..
0x00007d51d8dfc040:   00007d51d8dfc0f0 00007d5158907728   ....Q}..(w.XQ}..

Instructions: (pc=0x00007d51fabaffb9)
0x00007d51fabafeb9:   d2 e8 31 c1 48 ff 49 89 c4 e9 12 fe ff ff 66 0f
0x00007d51fabafec9:   1f 84 00 00 00 00 00 8b 4d c8 31 d2 be 01 00 00
0x00007d51fabafed9:   00 4c 89 5d c0 44 89 4d cc e8 d9 f9 ff ff 44 8b
0x00007d51fabafee9:   4d cc 4c 8b 5d c0 4c 8d 05 ca 09 5a 00 e9 bd fe
0x00007d51fabafef9:   ff ff 0f 1f 44 00 00 48 89 cf 31 d2 be 20 00 00
0x00007d51fabaff09:   00 e8 e1 c0 48 ff 48 89 c7 e9 00 ff ff ff 66 0f
0x00007d51fabaff19:   1f 84 00 00 00 00 00 41 8d 77 05 49 89 f7 48 c1
0x00007d51fabaff29:   e6 03 48 39 f0 72 67 4c 01 e6 48 89 77 18 48 8b
0x00007d51fabaff39:   05 1a 08 5a 00 49 89 04 24 48 8b 05 1f 08 5a 00
0x00007d51fabaff49:   49 89 44 24 08 48 8b 05 e3 07 5a 00 49 89 44 24
0x00007d51fabaff59:   10 48 8b 05 b7 05 5a 00 49 89 44 24 18 48 8b 05
0x00007d51fabaff69:   c3 07 5a 00 49 89 44 24 20 b8 05 00 00 00 e9 e3
0x00007d51fabaff79:   fd ff ff 0f 1f 40 00 8b 4d c8 31 d2 be 01 00 00
0x00007d51fabaff89:   00 48 89 df e8 2e f9 ff ff e9 98 fd ff ff 31 d2
0x00007d51fabaff99:   e8 52 c0 48 ff 49 89 c4 eb 94 48 8d 05 c6 cf 51
0x00007d51fabaffa9:   00 be 97 08 00 00 48 8d 3d 02 6f 1f 00 48 8b 00
0x00007d51fabaffb9:   c6 00 58 e8 6f 4a 70 ff 90 66 66 2e 0f 1f 84 00
0x00007d51fabaffc9:   00 00 00 00 0f 1f 00 f3 0f 1e fa 55 48 89 e5 41
0x00007d51fabaffd9:   56 41 55 41 89 f5 41 54 53 4c 8b 77 28 66 48 8d
0x00007d51fabaffe9:   3d 92 7f 51 00 66 66 48 e8 4a 25 2f ff 49 63 56
0x00007d51fabafff9:   18 48 8b 00 48 8b 80 08 07 00 00 48 8b 80 80 00
0x00007d51fabb0009:   00 00 48 8b b8 50 03 00 00 48 8d 05 27 d9 51 00
0x00007d51fabb0019:   44 8b 24 90 48 8b 5f 18 48 8b 47 20 41 8d 74 24
0x00007d51fabb0029:   05 49 89 f4 48 29 d8 48 c1 e6 03 48 39 f0 0f 82
0x00007d51fabb0039:   43 01 00 00 48 01 de 48 89 77 18 48 8b 05 0d 07
0x00007d51fabb0049:   5a 00 48 89 03 48 8b 05 13 07 5a 00 48 89 43 08
0x00007d51fabb0059:   48 8b 05 d8 06 5a 00 48 89 43 10 48 8b 05 ad 04
0x00007d51fabb0069:   5a 00 48 89 43 18 48 8b 05 ba 06 5a 00 48 89 43
0x00007d51fabb0079:   20 49 63 4e 18 8d 41 fc 83 f8 0a 0f 87 3d 01 00
0x00007d51fabb0089:   00 48 8d 15 bf d6 23 00 48 63 04 82 48 01 d0 3e
0x00007d51fabb0099:   ff e0 0f 1f 44 00 00 8d 41 f4 83 f8 01 0f 86 04
0x00007d51fabb00a9:   01 00 00 48 8d 05 0d 08 5a 00 48 8b 04 c8 48 89


Stack slot to memory mapping:

stack at sp + 0 slots: 0x00007d51d8dfe6b0 is pointing into the stack for thread: 0x00007d51f41174d0
stack at sp + 1 slots: 0x0000000000000001 is an unknown value
stack at sp + 2 slots: 0x00007d51d8dfbef0 is pointing into the stack for thread: 0x00007d51f41174d0
stack at sp + 3 slots: 0x00007d51591043d8 points into unknown readable memory: 0x00007d51fb09ee98 | 98 ee 09 fb 51 7d 00 00
stack at sp + 4 slots: 0x00007d51d8dfdb90 is pointing into the stack for thread: 0x00007d51f41174d0
stack at sp + 5 slots: 0x00007d51d8dfc0f0 is pointing into the stack for thread: 0x00007d51f41174d0
stack at sp + 6 slots: 0x0 is null
stack at sp + 7 slots: 0x00007d51d8dfc0f0 is pointing into the stack for thread: 0x00007d51f41174d0


---------------  P R O C E S S  ---------------

Threads class SMR info:
_java_thread_list=0x00007d51240061e0, length=43, elements={
0x00007d51f4018e70, 0x00007d51f4110050, 0x00007d51f41115d0, 0x00007d51f4112d80,
0x00007d51f41143d0, 0x00007d51f4115980, 0x00007d51f41174d0, 0x00007d51f4118ba0,
0x00007d51f41a0070, 0x00007d51f4251a30, 0x00007d51f44469b0, 0x00007d51f4462150,
0x00007d51f4488ba0, 0x00007d51f47b3ad0, 0x00007d51f44a9ec0, 0x00007d51206aa990,
0x00007d51208a8600, 0x00007d51200256c0, 0x00007d511800b1d0, 0x00007d51209ad340,
0x00007d51f4260a10, 0x00007d51f47ec350, 0x00007d51f47ed6a0, 0x00007d5128150c60,
0x00007d5128151ef0, 0x00007d51282020f0, 0x00007d5128204870, 0x00007d511c012f10,
0x00007d51442935e0, 0x00007d517c002440, 0x00007d516c003ee0, 0x00007d51cc07dd60,
0x00007d51d410b010, 0x00007d51284050f0, 0x00007d5128408fa0, 0x00007d51d41320e0,
0x00007d5124042d00, 0x00007d514434ec70, 0x00007d515c3c2230, 0x00007d51f44223d0,
0x00007d51240581d0, 0x00007d51442eede0, 0x00007d51244b41e0
}

Java Threads: ( => current thread )
  0x00007d51f4018e70 JavaThread "main"                              [_thread_blocked, id=36025, stack(0x00007d51f9b00000,0x00007d51f9c00000) (1024K)]
  0x00007d51f4110050 JavaThread "Reference Handler"          daemon [_thread_blocked, id=36033, stack(0x00007d51f81f5000,0x00007d51f82f5000) (1024K)]
  0x00007d51f41115d0 JavaThread "Finalizer"                  daemon [_thread_blocked, id=36034, stack(0x00007d51f80f5000,0x00007d51f81f5000) (1024K)]
  0x00007d51f4112d80 JavaThread "Signal Dispatcher"          daemon [_thread_blocked, id=36035, stack(0x00007d51f3f00000,0x00007d51f4000000) (1024K)]
  0x00007d51f41143d0 JavaThread "Service Thread"             daemon [_thread_blocked, id=36036, stack(0x00007d51d8f00000,0x00007d51d9000000) (1024K)]
  0x00007d51f4115980 JavaThread "Monitor Deflation Thread"   daemon [_thread_blocked, id=36037, stack(0x00007d51d8e00000,0x00007d51d8f00000) (1024K)]
=>0x00007d51f41174d0 JavaThread "C2 CompilerThread0"         daemon [_thread_in_native, id=36038, stack(0x00007d51d8d00000,0x00007d51d8e00000) (1024K)]
  0x00007d51f4118ba0 JavaThread "C1 CompilerThread0"         daemon [_thread_blocked, id=36039, stack(0x00007d51d8c00000,0x00007d51d8d00000) (1024K)]
  0x00007d51f41a0070 JavaThread "Common-Cleaner"             daemon [_thread_blocked, id=36040, stack(0x00007d51d8b00000,0x00007d51d8c00000) (1024K)]
  0x00007d51f4251a30 JavaThread "Notification Thread"        daemon [_thread_blocked, id=36042, stack(0x00007d51d8900000,0x00007d51d8a00000) (1024K)]
  0x00007d51f44469b0 JavaThread "Active Thread: Equinox Container: be801012-aa5c-4800-8afb-edbafe5a16de"        [_thread_blocked, id=36050, stack(0x00007d51d80fd000,0x00007d51d81fd000) (1024K)]
  0x00007d51f4462150 JavaThread "Framework Event Dispatcher: Equinox Container: be801012-aa5c-4800-8afb-edbafe5a16de" daemon [_thread_blocked, id=36051, stack(0x00007d5182f00000,0x00007d5183000000) (1024K)]
  0x00007d51f4488ba0 JavaThread "Start Level: Equinox Container: be801012-aa5c-4800-8afb-edbafe5a16de" daemon [_thread_blocked, id=36052, stack(0x00007d5182e00000,0x00007d5182f00000) (1024K)]
  0x00007d51f47b3ad0 JavaThread "Bundle File Closer"         daemon [_thread_blocked, id=36053, stack(0x00007d5182d00000,0x00007d5182e00000) (1024K)]
  0x00007d51f44a9ec0 JavaThread "Refresh Thread: Equinox Container: be801012-aa5c-4800-8afb-edbafe5a16de" daemon [_thread_blocked, id=36054, stack(0x00007d5182c00000,0x00007d5182d00000) (1024K)]
  0x00007d51206aa990 JavaThread "SCR Component Actor"        daemon [_thread_blocked, id=36056, stack(0x00007d5182b00000,0x00007d5182c00000) (1024K)]
  0x00007d51208a8600 JavaThread "Worker-JM"                         [_thread_blocked, id=36058, stack(0x00007d5182a00000,0x00007d5182b00000) (1024K)]
  0x00007d51200256c0 JavaThread "Worker-1"                          [_thread_blocked, id=36060, stack(0x00007d5182800000,0x00007d5182900000) (1024K)]
  0x00007d511800b1d0 JavaThread "Worker-2"                          [_thread_blocked, id=36061, stack(0x00007d5182700000,0x00007d5182800000) (1024K)]
  0x00007d51209ad340 JavaThread "Java indexing"              daemon [_thread_blocked, id=36062, stack(0x00007d5182600000,0x00007d5182700000) (1024K)]
  0x00007d51f4260a10 JavaThread "pool-2-thread-1"                   [_thread_blocked, id=36067, stack(0x00007d5182100000,0x00007d5182200000) (1024K)]
  0x00007d51f47ec350 JavaThread "WorkspaceEventsHandler"            [_thread_blocked, id=36077, stack(0x00007d5182000000,0x00007d5182100000) (1024K)]
  0x00007d51f47ed6a0 JavaThread "pool-1-thread-1"                   [_thread_in_native, id=36078, stack(0x00007d5181f00000,0x00007d5182000000) (1024K)]
  0x00007d5128150c60 JavaThread "Compiler Source File Reader" daemon [_thread_blocked, id=36104, stack(0x00007d5181c00000,0x00007d5181d00000) (1024K)]
  0x00007d5128151ef0 JavaThread "Compiler Source File Reader" daemon [_thread_blocked, id=36105, stack(0x00007d5181b00000,0x00007d5181c00000) (1024K)]
  0x00007d51282020f0 JavaThread "Compiler Class File Writer" daemon [_thread_blocked, id=36109, stack(0x00007d5181900000,0x00007d5181a00000) (1024K)]
  0x00007d5128204870 JavaThread "Compiler Class File Writer" daemon [_thread_blocked, id=36112, stack(0x00007d5181800000,0x00007d5181900000) (1024K)]
  0x00007d511c012f10 JavaThread "PatternSearchJob-worker-1"  daemon [_thread_blocked, id=36129, stack(0x00007d5181600000,0x00007d5181700000) (1024K)]
  0x00007d51442935e0 JavaThread "ForkJoinPool.commonPool-worker-3" daemon [_thread_blocked, id=36163, stack(0x00007d51d82fd000,0x00007d51d83fd000) (1024K)]
  0x00007d517c002440 JavaThread "PatternSearchJob-worker-2"  daemon [_thread_blocked, id=36167, stack(0x00007d51d83fd000,0x00007d51d84fd000) (1024K)]
  0x00007d516c003ee0 JavaThread "Attach Listener"            daemon [_thread_blocked, id=36226, stack(0x00007d51d81fd000,0x00007d51d82fd000) (1024K)]
  0x00007d51cc07dd60 JavaThread "Cleaner-0"                  daemon [_thread_blocked, id=36259, stack(0x00007d5181500000,0x00007d5181600000) (1024K)]
  0x00007d51d410b010 JavaThread "Java Debug Server"          daemon [_thread_in_native, id=36346, stack(0x00007d51d84fd000,0x00007d51d85fd000) (1024K)]
  0x00007d51284050f0 JavaThread "RxSchedulerPurge-1"         daemon [_thread_blocked, id=36348, stack(0x00007d5181300000,0x00007d5181400000) (1024K)]
  0x00007d5128408fa0 JavaThread "RxCachedWorkerPoolEvictor-1" daemon [_thread_blocked, id=36349, stack(0x00007d5181200000,0x00007d5181300000) (1024K)]
  0x00007d51d41320e0 JavaThread "ForkJoinPool.commonPool-worker-4" daemon [_thread_blocked, id=37091, stack(0x00007d5181700000,0x00007d5181800000) (1024K)]
  0x00007d5124042d00 JavaThread "Worker-7"                          [_thread_blocked, id=37127, stack(0x00007d51d8a00000,0x00007d51d8b00000) (1024K)]
  0x00007d514434ec70 JavaThread "ForkJoinPool.commonPool-worker-5" daemon [_thread_blocked, id=37128, stack(0x00007d5181d00000,0x00007d5181e00000) (1024K)]
  0x00007d515c3c2230 JavaThread "Compiler Processing Task"   daemon [_thread_blocked, id=37129, stack(0x00007d5182900000,0x00007d5182a00000) (1024K)]
  0x00007d51f44223d0 JavaThread "PatternSearchJob-worker-3"  daemon [_thread_blocked, id=37194, stack(0x00007d5182200000,0x00007d5182300000) (1024K)]
  0x00007d51240581d0 JavaThread "Worker-8"                          [_thread_blocked, id=37217, stack(0x00007d5182400000,0x00007d5182500000) (1024K)]
  0x00007d51442eede0 JavaThread "pool-1-thread-2"                   [_thread_blocked, id=37268, stack(0x00007d5182500000,0x00007d5182600000) (1024K)]
  0x00007d51244b41e0 JavaThread "Worker-9"                          [_thread_blocked, id=37560, stack(0x00007d5182300000,0x00007d5182400000) (1024K)]
Total: 43

Other Threads:
  0x00007d51f4105c70 VMThread "VM Thread"                           [id=36032, stack(0x00007d51f82f6000,0x00007d51f83f6000) (1024K)]
  0x00007d51f40f3730 WatcherThread "VM Periodic Task Thread"        [id=36031, stack(0x00007d51f83f7000,0x00007d51f84f7000) (1024K)]
  0x00007d51f40548c0 WorkerThread "GC Thread#0"                     [id=36026, stack(0x00007d51f8d00000,0x00007d51f8e00000) (1024K)]
  0x00007d5170006990 WorkerThread "GC Thread#1"                     [id=36043, stack(0x00007d51d8800000,0x00007d51d8900000) (1024K)]
  0x00007d51700074c0 WorkerThread "GC Thread#2"                     [id=36044, stack(0x00007d51d86ff000,0x00007d51d87ff000) (1024K)]
  0x00007d517000b880 WorkerThread "GC Thread#3"                     [id=36045, stack(0x00007d51d85fe000,0x00007d51d86fe000) (1024K)]
  0x00007d51f405dea0 ConcurrentGCThread "G1 Main Marker"            [id=36027, stack(0x00007d51f8bff000,0x00007d51f8cff000) (1024K)]
  0x00007d51f405ede0 WorkerThread "G1 Conc#0"                       [id=36028, stack(0x00007d51f8afe000,0x00007d51f8bfe000) (1024K)]
  0x00007d51f40e0e10 ConcurrentGCThread "G1 Refine#0"               [id=36029, stack(0x00007d51f85f9000,0x00007d51f86f9000) (1024K)]
  0x00007d51f40e1d70 ConcurrentGCThread "G1 Service"                [id=36030, stack(0x00007d51f84f8000,0x00007d51f85f8000) (1024K)]
Total: 10

Threads with active compile tasks:
C2 CompilerThread0  273845 14512       4       org.eclipse.jdt.internal.core.JavaProject::filterLimitedModules (179 bytes)
Total: 1

VM state: not at safepoint (normal execution)

VM Mutex/Monitor currently owned by a thread: None

Heap address: 0x00000000c0000000, size: 1024 MB, Compressed Oops mode: 32-bit

CDS archive(s) mapped at: [0x00007d5183000000-0x00007d5183c9c000-0x00007d5183c9c000), size 13221888, SharedBaseAddress: 0x00007d5183000000, ArchiveRelocationMode: 1.
Compressed class space mapped at: 0x00007d5184000000-0x00007d51c4000000, reserved size: 1073741824
Narrow klass base: 0x00007d5183000000, Narrow klass shift: 0, Narrow klass range: 0x100000000

GC Precious Log:
 CardTable entry size: 512
 Card Set container configuration: InlinePtr #cards 5 size 8 Array Of Cards #cards 12 size 40 Howl #buckets 4 coarsen threshold 1843 Howl Bitmap #cards 512 size 80 coarsen threshold 460 Card regions per heap region 1 cards per card region 2048
 CPUs: 4 total, 4 available
 Memory: 7820M
 Large Page Support: Disabled
 NUMA Support: Disabled
 Compressed Oops: Enabled (32-bit)
 Heap Region Size: 1M
 Heap Min Capacity: 8M
 Heap Initial Capacity: 124M
 Heap Max Capacity: 1G
 Pre-touch: Disabled
 Parallel Workers: 4
 Concurrent Workers: 1
 Concurrent Refinement Workers: 4
 Periodic GC: Disabled

Heap:
 garbage-first heap   total 532480K, used 369154K [0x00000000c0000000, 0x0000000100000000)
  region size 1024K, 142 young (145408K), 11 survivors (11264K)
 Metaspace       used 83970K, committed 85696K, reserved 1179648K
  class space    used 8989K, committed 9664K, reserved 1048576K

Heap Regions: E=young(eden), S=young(survivor), O=old, HS=humongous(starts), HC=humongous(continues), CS=collection set, F=free, TAMS=top-at-mark-start, PB=parsable bottom
|   0|0x00000000c0000000, 0x00000000c0100000, 0x00000000c0100000|100%| O|  |TAMS 0x00000000c0000000| PB 0x00000000c0000000| Untracked 
|   1|0x00000000c0100000, 0x00000000c0200000, 0x00000000c0200000|100%| O|  |TAMS 0x00000000c0100000| PB 0x00000000c0100000| Untracked 
|   2|0x00000000c0200000, 0x00000000c0300000, 0x00000000c0300000|100%| O|  |TAMS 0x00000000c0200000| PB 0x00000000c0200000| Untracked 
|   3|0x00000000c0300000, 0x00000000c0400000, 0x00000000c0400000|100%| O|  |TAMS 0x00000000c0300000| PB 0x00000000c0300000| Untracked 
|   4|0x00000000c0400000, 0x00000000c0500000, 0x00000000c0500000|100%| O|Cm|TAMS 0x00000000c0400000| PB 0x00000000c0400000| Complete 
|   5|0x00000000c0500000, 0x00000000c0600000, 0x00000000c0600000|100%| O|  |TAMS 0x00000000c0500000| PB 0x00000000c0500000| Untracked 
|   6|0x00000000c0600000, 0x00000000c0700000, 0x00000000c0700000|100%| O|  |TAMS 0x00000000c0600000| PB 0x00000000c0600000| Untracked 
|   7|0x00000000c0700000, 0x00000000c0800000, 0x00000000c0800000|100%| O|  |TAMS 0x00000000c0700000| PB 0x00000000c0700000| Untracked 
|   8|0x00000000c0800000, 0x00000000c0900000, 0x00000000c0900000|100%| O|  |TAMS 0x00000000c0800000| PB 0x00000000c0800000| Untracked 
|   9|0x00000000c0900000, 0x00000000c0a00000, 0x00000000c0a00000|100%| O|  |TAMS 0x00000000c0900000| PB 0x00000000c0900000| Untracked 
|  10|0x00000000c0a00000, 0x00000000c0b00000, 0x00000000c0b00000|100%| O|  |TAMS 0x00000000c0a00000| PB 0x00000000c0a00000| Untracked 
|  11|0x00000000c0b00000, 0x00000000c0c00000, 0x00000000c0c00000|100%| O|  |TAMS 0x00000000c0b00000| PB 0x00000000c0b00000| Untracked 
|  12|0x00000000c0c00000, 0x00000000c0d00000, 0x00000000c0d00000|100%| O|  |TAMS 0x00000000c0c00000| PB 0x00000000c0c00000| Untracked 
|  13|0x00000000c0d00000, 0x00000000c0e00000, 0x00000000c0e00000|100%| O|  |TAMS 0x00000000c0d00000| PB 0x00000000c0d00000| Untracked 
|  14|0x00000000c0e00000, 0x00000000c0f00000, 0x00000000c0f00000|100%|HS|  |TAMS 0x00000000c0e00000| PB 0x00000000c0e00000| Complete 
|  15|0x00000000c0f00000, 0x00000000c1000000, 0x00000000c1000000|100%|HS|  |TAMS 0x00000000c0f00000| PB 0x00000000c0f00000| Complete 
|  16|0x00000000c1000000, 0x00000000c1100000, 0x00000000c1100000|100%| O|  |TAMS 0x00000000c1000000| PB 0x00000000c1000000| Untracked 
|  17|0x00000000c1100000, 0x00000000c1200000, 0x00000000c1200000|100%| O|  |TAMS 0x00000000c1100000| PB 0x00000000c1100000| Untracked 
|  18|0x00000000c1200000, 0x00000000c1300000, 0x00000000c1300000|100%| O|  |TAMS 0x00000000c1200000| PB 0x00000000c1200000| Untracked 
|  19|0x00000000c1300000, 0x00000000c1400000, 0x00000000c1400000|100%| O|  |TAMS 0x00000000c1300000| PB 0x00000000c1300000| Untracked 
|  20|0x00000000c1400000, 0x00000000c1500000, 0x00000000c1500000|100%| O|  |TAMS 0x00000000c1400000| PB 0x00000000c1400000| Untracked 
|  21|0x00000000c1500000, 0x00000000c1600000, 0x00000000c1600000|100%| O|  |TAMS 0x00000000c1500000| PB 0x00000000c1500000| Untracked 
|  22|0x00000000c1600000, 0x00000000c1700000, 0x00000000c1700000|100%| O|  |TAMS 0x00000000c1600000| PB 0x00000000c1600000| Untracked 
|  23|0x00000000c1700000, 0x00000000c1800000, 0x00000000c1800000|100%| O|  |TAMS 0x00000000c1700000| PB 0x00000000c1700000| Untracked 
|  24|0x00000000c1800000, 0x00000000c1900000, 0x00000000c1900000|100%| O|  |TAMS 0x00000000c1800000| PB 0x00000000c1800000| Untracked 
|  25|0x00000000c1900000, 0x00000000c1a00000, 0x00000000c1a00000|100%| O|  |TAMS 0x00000000c1900000| PB 0x00000000c1900000| Untracked 
|  26|0x00000000c1a00000, 0x00000000c1b00000, 0x00000000c1b00000|100%| O|  |TAMS 0x00000000c1a00000| PB 0x00000000c1a00000| Untracked 
|  27|0x00000000c1b00000, 0x00000000c1c00000, 0x00000000c1c00000|100%| O|  |TAMS 0x00000000c1b00000| PB 0x00000000c1b00000| Untracked 
|  28|0x00000000c1c00000, 0x00000000c1d00000, 0x00000000c1d00000|100%| O|  |TAMS 0x00000000c1c00000| PB 0x00000000c1c00000| Untracked 
|  29|0x00000000c1d00000, 0x00000000c1e00000, 0x00000000c1e00000|100%| O|  |TAMS 0x00000000c1d00000| PB 0x00000000c1d00000| Untracked 
|  30|0x00000000c1e00000, 0x00000000c1f00000, 0x00000000c1f00000|100%| O|  |TAMS 0x00000000c1e00000| PB 0x00000000c1e00000| Untracked 
|  31|0x00000000c1f00000, 0x00000000c2000000, 0x00000000c2000000|100%| O|  |TAMS 0x00000000c1f00000| PB 0x00000000c1f00000| Untracked 
|  32|0x00000000c2000000, 0x00000000c2100000, 0x00000000c2100000|100%| O|  |TAMS 0x00000000c2000000| PB 0x00000000c2000000| Untracked 
|  33|0x00000000c2100000, 0x00000000c2200000, 0x00000000c2200000|100%| O|  |TAMS 0x00000000c2100000| PB 0x00000000c2100000| Untracked 
|  34|0x00000000c2200000, 0x00000000c2300000, 0x00000000c2300000|100%| O|  |TAMS 0x00000000c2200000| PB 0x00000000c2200000| Untracked 
|  35|0x00000000c2300000, 0x00000000c2400000, 0x00000000c2400000|100%| O|  |TAMS 0x00000000c2300000| PB 0x00000000c2300000| Untracked 
|  36|0x00000000c2400000, 0x00000000c2500000, 0x00000000c2500000|100%| O|  |TAMS 0x00000000c2400000| PB 0x00000000c2400000| Untracked 
|  37|0x00000000c2500000, 0x00000000c2600000, 0x00000000c2600000|100%| O|  |TAMS 0x00000000c2500000| PB 0x00000000c2500000| Untracked 
|  38|0x00000000c2600000, 0x00000000c2700000, 0x00000000c2700000|100%| O|  |TAMS 0x00000000c2600000| PB 0x00000000c2600000| Untracked 
|  39|0x00000000c2700000, 0x00000000c2800000, 0x00000000c2800000|100%| O|  |TAMS 0x00000000c2700000| PB 0x00000000c2700000| Untracked 
|  40|0x00000000c2800000, 0x00000000c2900000, 0x00000000c2900000|100%| O|  |TAMS 0x00000000c2800000| PB 0x00000000c2800000| Untracked 
|  41|0x00000000c2900000, 0x00000000c2a00000, 0x00000000c2a00000|100%| O|  |TAMS 0x00000000c2900000| PB 0x00000000c2900000| Untracked 
|  42|0x00000000c2a00000, 0x00000000c2b00000, 0x00000000c2b00000|100%| O|  |TAMS 0x00000000c2a00000| PB 0x00000000c2a00000| Untracked 
|  43|0x00000000c2b00000, 0x00000000c2c00000, 0x00000000c2c00000|100%| O|  |TAMS 0x00000000c2b00000| PB 0x00000000c2b00000| Untracked 
|  44|0x00000000c2c00000, 0x00000000c2d00000, 0x00000000c2d00000|100%| O|  |TAMS 0x00000000c2c00000| PB 0x00000000c2c00000| Untracked 
|  45|0x00000000c2d00000, 0x00000000c2e00000, 0x00000000c2e00000|100%| O|Cm|TAMS 0x00000000c2d00000| PB 0x00000000c2d00000| Complete 
|  46|0x00000000c2e00000, 0x00000000c2f00000, 0x00000000c2f00000|100%| O|  |TAMS 0x00000000c2e00000| PB 0x00000000c2e00000| Untracked 
|  47|0x00000000c2f00000, 0x00000000c3000000, 0x00000000c3000000|100%| O|  |TAMS 0x00000000c2f00000| PB 0x00000000c2f00000| Untracked 
|  48|0x00000000c3000000, 0x00000000c3000000, 0x00000000c3100000|  0%| F|  |TAMS 0x00000000c3000000| PB 0x00000000c3000000| Untracked 
|  49|0x00000000c3100000, 0x00000000c3100000, 0x00000000c3200000|  0%| F|  |TAMS 0x00000000c3100000| PB 0x00000000c3100000| Untracked 
|  50|0x00000000c3200000, 0x00000000c3300000, 0x00000000c3300000|100%| O|  |TAMS 0x00000000c3200000| PB 0x00000000c3200000| Untracked 
|  51|0x00000000c3300000, 0x00000000c3300000, 0x00000000c3400000|  0%| F|  |TAMS 0x00000000c3300000| PB 0x00000000c3300000| Untracked 
|  52|0x00000000c3400000, 0x00000000c3500000, 0x00000000c3500000|100%| O|  |TAMS 0x00000000c3400000| PB 0x00000000c3400000| Untracked 
|  53|0x00000000c3500000, 0x00000000c3600000, 0x00000000c3600000|100%| O|  |TAMS 0x00000000c3500000| PB 0x00000000c3500000| Untracked 
|  54|0x00000000c3600000, 0x00000000c3700000, 0x00000000c3700000|100%| O|  |TAMS 0x00000000c3600000| PB 0x00000000c3600000| Untracked 
|  55|0x00000000c3700000, 0x00000000c3800000, 0x00000000c3800000|100%| O|  |TAMS 0x00000000c3700000| PB 0x00000000c3700000| Untracked 
|  56|0x00000000c3800000, 0x00000000c3800000, 0x00000000c3900000|  0%| F|  |TAMS 0x00000000c3800000| PB 0x00000000c3800000| Untracked 
|  57|0x00000000c3900000, 0x00000000c3a00000, 0x00000000c3a00000|100%| O|  |TAMS 0x00000000c3900000| PB 0x00000000c3900000| Untracked 
|  58|0x00000000c3a00000, 0x00000000c3a00000, 0x00000000c3b00000|  0%| F|  |TAMS 0x00000000c3a00000| PB 0x00000000c3a00000| Untracked 
|  59|0x00000000c3b00000, 0x00000000c3c00000, 0x00000000c3c00000|100%| O|  |TAMS 0x00000000c3b00000| PB 0x00000000c3b00000| Untracked 
|  60|0x00000000c3c00000, 0x00000000c3d00000, 0x00000000c3d00000|100%| O|  |TAMS 0x00000000c3c00000| PB 0x00000000c3c00000| Untracked 
|  61|0x00000000c3d00000, 0x00000000c3e00000, 0x00000000c3e00000|100%| O|  |TAMS 0x00000000c3d00000| PB 0x00000000c3d00000| Untracked 
|  62|0x00000000c3e00000, 0x00000000c3f00000, 0x00000000c3f00000|100%| O|  |TAMS 0x00000000c3e00000| PB 0x00000000c3e00000| Untracked 
|  63|0x00000000c3f00000, 0x00000000c3f00000, 0x00000000c4000000|  0%| F|  |TAMS 0x00000000c3f00000| PB 0x00000000c3f00000| Untracked 
|  64|0x00000000c4000000, 0x00000000c4100000, 0x00000000c4100000|100%| O|  |TAMS 0x00000000c4000000| PB 0x00000000c4000000| Untracked 
|  65|0x00000000c4100000, 0x00000000c4200000, 0x00000000c4200000|100%| O|  |TAMS 0x00000000c4100000| PB 0x00000000c4100000| Untracked 
|  66|0x00000000c4200000, 0x00000000c4300000, 0x00000000c4300000|100%| O|  |TAMS 0x00000000c4200000| PB 0x00000000c4200000| Untracked 
|  67|0x00000000c4300000, 0x00000000c4400000, 0x00000000c4400000|100%| O|  |TAMS 0x00000000c4300000| PB 0x00000000c4300000| Untracked 
|  68|0x00000000c4400000, 0x00000000c4400000, 0x00000000c4500000|  0%| F|  |TAMS 0x00000000c4400000| PB 0x00000000c4400000| Untracked 
|  69|0x00000000c4500000, 0x00000000c4600000, 0x00000000c4600000|100%| O|Cm|TAMS 0x00000000c4500000| PB 0x00000000c4500000| Complete 
|  70|0x00000000c4600000, 0x00000000c4700000, 0x00000000c4700000|100%| O|  |TAMS 0x00000000c4600000| PB 0x00000000c4600000| Untracked 
|  71|0x00000000c4700000, 0x00000000c4800000, 0x00000000c4800000|100%| O|  |TAMS 0x00000000c4700000| PB 0x00000000c4700000| Untracked 
|  72|0x00000000c4800000, 0x00000000c4800000, 0x00000000c4900000|  0%| F|  |TAMS 0x00000000c4800000| PB 0x00000000c4800000| Untracked 
|  73|0x00000000c4900000, 0x00000000c4a00000, 0x00000000c4a00000|100%| O|  |TAMS 0x00000000c4900000| PB 0x00000000c4900000| Untracked 
|  74|0x00000000c4a00000, 0x00000000c4b00000, 0x00000000c4b00000|100%| O|  |TAMS 0x00000000c4a00000| PB 0x00000000c4a00000| Untracked 
|  75|0x00000000c4b00000, 0x00000000c4c00000, 0x00000000c4c00000|100%| O|  |TAMS 0x00000000c4b00000| PB 0x00000000c4b00000| Untracked 
|  76|0x00000000c4c00000, 0x00000000c4d00000, 0x00000000c4d00000|100%| O|  |TAMS 0x00000000c4c00000| PB 0x00000000c4c00000| Untracked 
|  77|0x00000000c4d00000, 0x00000000c4e00000, 0x00000000c4e00000|100%| O|  |TAMS 0x00000000c4d00000| PB 0x00000000c4d00000| Untracked 
|  78|0x00000000c4e00000, 0x00000000c4f00000, 0x00000000c4f00000|100%| O|  |TAMS 0x00000000c4e00000| PB 0x00000000c4e00000| Untracked 
|  79|0x00000000c4f00000, 0x00000000c5000000, 0x00000000c5000000|100%| O|  |TAMS 0x00000000c4f00000| PB 0x00000000c4f00000| Untracked 
|  80|0x00000000c5000000, 0x00000000c5000000, 0x00000000c5100000|  0%| F|  |TAMS 0x00000000c5000000| PB 0x00000000c5000000| Untracked 
|  81|0x00000000c5100000, 0x00000000c5200000, 0x00000000c5200000|100%| O|  |TAMS 0x00000000c5100000| PB 0x00000000c5100000| Untracked 
|  82|0x00000000c5200000, 0x00000000c5300000, 0x00000000c5300000|100%| O|  |TAMS 0x00000000c5200000| PB 0x00000000c5200000| Untracked 
|  83|0x00000000c5300000, 0x00000000c5400000, 0x00000000c5400000|100%| O|  |TAMS 0x00000000c5300000| PB 0x00000000c5300000| Untracked 
|  84|0x00000000c5400000, 0x00000000c5400000, 0x00000000c5500000|  0%| F|  |TAMS 0x00000000c5400000| PB 0x00000000c5400000| Untracked 
|  85|0x00000000c5500000, 0x00000000c5600000, 0x00000000c5600000|100%| O|  |TAMS 0x00000000c5500000| PB 0x00000000c5500000| Untracked 
|  86|0x00000000c5600000, 0x00000000c5700000, 0x00000000c5700000|100%| O|  |TAMS 0x00000000c5600000| PB 0x00000000c5600000| Untracked 
|  87|0x00000000c5700000, 0x00000000c5800000, 0x00000000c5800000|100%| O|  |TAMS 0x00000000c5700000| PB 0x00000000c5700000| Untracked 
|  88|0x00000000c5800000, 0x00000000c5900000, 0x00000000c5900000|100%| O|  |TAMS 0x00000000c5800000| PB 0x00000000c5800000| Untracked 
|  89|0x00000000c5900000, 0x00000000c5a00000, 0x00000000c5a00000|100%| O|  |TAMS 0x00000000c5900000| PB 0x00000000c5900000| Untracked 
|  90|0x00000000c5a00000, 0x00000000c5a00000, 0x00000000c5b00000|  0%| F|  |TAMS 0x00000000c5a00000| PB 0x00000000c5a00000| Untracked 
|  91|0x00000000c5b00000, 0x00000000c5c00000, 0x00000000c5c00000|100%| O|  |TAMS 0x00000000c5b00000| PB 0x00000000c5b00000| Untracked 
|  92|0x00000000c5c00000, 0x00000000c5d00000, 0x00000000c5d00000|100%| O|  |TAMS 0x00000000c5c00000| PB 0x00000000c5c00000| Untracked 
|  93|0x00000000c5d00000, 0x00000000c5e00000, 0x00000000c5e00000|100%| O|  |TAMS 0x00000000c5d00000| PB 0x00000000c5d00000| Untracked 
|  94|0x00000000c5e00000, 0x00000000c5e00000, 0x00000000c5f00000|  0%| F|  |TAMS 0x00000000c5e00000| PB 0x00000000c5e00000| Untracked 
|  95|0x00000000c5f00000, 0x00000000c6000000, 0x00000000c6000000|100%| O|  |TAMS 0x00000000c5f00000| PB 0x00000000c5f00000| Untracked 
|  96|0x00000000c6000000, 0x00000000c6100000, 0x00000000c6100000|100%| O|  |TAMS 0x00000000c6000000| PB 0x00000000c6000000| Untracked 
|  97|0x00000000c6100000, 0x00000000c6200000, 0x00000000c6200000|100%| O|  |TAMS 0x00000000c6100000| PB 0x00000000c6100000| Untracked 
|  98|0x00000000c6200000, 0x00000000c6300000, 0x00000000c6300000|100%| O|  |TAMS 0x00000000c6200000| PB 0x00000000c6200000| Untracked 
|  99|0x00000000c6300000, 0x00000000c6400000, 0x00000000c6400000|100%| O|  |TAMS 0x00000000c6300000| PB 0x00000000c6300000| Untracked 
| 100|0x00000000c6400000, 0x00000000c6500000, 0x00000000c6500000|100%| O|  |TAMS 0x00000000c6400000| PB 0x00000000c6400000| Untracked 
| 101|0x00000000c6500000, 0x00000000c6600000, 0x00000000c6600000|100%| O|  |TAMS 0x00000000c6500000| PB 0x00000000c6500000| Untracked 
| 102|0x00000000c6600000, 0x00000000c6700000, 0x00000000c6700000|100%| O|Cm|TAMS 0x00000000c6600000| PB 0x00000000c6600000| Complete 
| 103|0x00000000c6700000, 0x00000000c6800000, 0x00000000c6800000|100%| O|  |TAMS 0x00000000c6700000| PB 0x00000000c6700000| Untracked 
| 104|0x00000000c6800000, 0x00000000c68d22e8, 0x00000000c6900000| 82%| O|  |TAMS 0x00000000c6800000| PB 0x00000000c6800000| Untracked 
| 105|0x00000000c6900000, 0x00000000c6900000, 0x00000000c6a00000|  0%| F|  |TAMS 0x00000000c6900000| PB 0x00000000c6900000| Untracked 
| 106|0x00000000c6a00000, 0x00000000c6b00000, 0x00000000c6b00000|100%| O|  |TAMS 0x00000000c6a00000| PB 0x00000000c6a00000| Untracked 
| 107|0x00000000c6b00000, 0x00000000c6c00000, 0x00000000c6c00000|100%| O|  |TAMS 0x00000000c6b00000| PB 0x00000000c6b00000| Untracked 
| 108|0x00000000c6c00000, 0x00000000c6d00000, 0x00000000c6d00000|100%| O|Cm|TAMS 0x00000000c6c00000| PB 0x00000000c6c00000| Complete 
| 109|0x00000000c6d00000, 0x00000000c6e00000, 0x00000000c6e00000|100%| O|Cm|TAMS 0x00000000c6d00000| PB 0x00000000c6d00000| Complete 
| 110|0x00000000c6e00000, 0x00000000c6f00000, 0x00000000c6f00000|100%| O|  |TAMS 0x00000000c6e00000| PB 0x00000000c6e00000| Untracked 
| 111|0x00000000c6f00000, 0x00000000c6f00000, 0x00000000c7000000|  0%| F|  |TAMS 0x00000000c6f00000| PB 0x00000000c6f00000| Untracked 
| 112|0x00000000c7000000, 0x00000000c7000000, 0x00000000c7100000|  0%| F|  |TAMS 0x00000000c7000000| PB 0x00000000c7000000| Untracked 
| 113|0x00000000c7100000, 0x00000000c7200000, 0x00000000c7200000|100%| O|  |TAMS 0x00000000c7100000| PB 0x00000000c7100000| Untracked 
| 114|0x00000000c7200000, 0x00000000c7200000, 0x00000000c7300000|  0%| F|  |TAMS 0x00000000c7200000| PB 0x00000000c7200000| Untracked 
| 115|0x00000000c7300000, 0x00000000c7300000, 0x00000000c7400000|  0%| F|  |TAMS 0x00000000c7300000| PB 0x00000000c7300000| Untracked 
| 116|0x00000000c7400000, 0x00000000c7500000, 0x00000000c7500000|100%| O|  |TAMS 0x00000000c7400000| PB 0x00000000c7400000| Untracked 
| 117|0x00000000c7500000, 0x00000000c7500000, 0x00000000c7600000|  0%| F|  |TAMS 0x00000000c7500000| PB 0x00000000c7500000| Untracked 
| 118|0x00000000c7600000, 0x00000000c7600000, 0x00000000c7700000|  0%| F|  |TAMS 0x00000000c7600000| PB 0x00000000c7600000| Untracked 
| 119|0x00000000c7700000, 0x00000000c7700000, 0x00000000c7800000|  0%| F|  |TAMS 0x00000000c7700000| PB 0x00000000c7700000| Untracked 
| 120|0x00000000c7800000, 0x00000000c7800000, 0x00000000c7900000|  0%| F|  |TAMS 0x00000000c7800000| PB 0x00000000c7800000| Untracked 
| 121|0x00000000c7900000, 0x00000000c7a00000, 0x00000000c7a00000|100%| O|Cm|TAMS 0x00000000c7900000| PB 0x00000000c7900000| Complete 
| 122|0x00000000c7a00000, 0x00000000c7b00000, 0x00000000c7b00000|100%| O|  |TAMS 0x00000000c7a00000| PB 0x00000000c7a00000| Untracked 
| 123|0x00000000c7b00000, 0x00000000c7c00000, 0x00000000c7c00000|100%| O|  |TAMS 0x00000000c7b00000| PB 0x00000000c7b00000| Untracked 
| 124|0x00000000c7c00000, 0x00000000c7d00000, 0x00000000c7d00000|100%| O|  |TAMS 0x00000000c7c00000| PB 0x00000000c7c00000| Untracked 
| 125|0x00000000c7d00000, 0x00000000c7e00000, 0x00000000c7e00000|100%| O|  |TAMS 0x00000000c7d00000| PB 0x00000000c7d00000| Untracked 
| 126|0x00000000c7e00000, 0x00000000c7f00000, 0x00000000c7f00000|100%| O|  |TAMS 0x00000000c7e00000| PB 0x00000000c7e00000| Untracked 
| 127|0x00000000c7f00000, 0x00000000c7f00000, 0x00000000c8000000|  0%| F|  |TAMS 0x00000000c7f00000| PB 0x00000000c7f00000| Untracked 
| 128|0x00000000c8000000, 0x00000000c8100000, 0x00000000c8100000|100%| O|Cm|TAMS 0x00000000c8000000| PB 0x00000000c8000000| Complete 
| 129|0x00000000c8100000, 0x00000000c8100000, 0x00000000c8200000|  0%| F|  |TAMS 0x00000000c8100000| PB 0x00000000c8100000| Untracked 
| 130|0x00000000c8200000, 0x00000000c8300000, 0x00000000c8300000|100%| O|  |TAMS 0x00000000c8200000| PB 0x00000000c8200000| Untracked 
| 131|0x00000000c8300000, 0x00000000c8300000, 0x00000000c8400000|  0%| F|  |TAMS 0x00000000c8300000| PB 0x00000000c8300000| Untracked 
| 132|0x00000000c8400000, 0x00000000c8500000, 0x00000000c8500000|100%| O|  |TAMS 0x00000000c8400000| PB 0x00000000c8400000| Untracked 
| 133|0x00000000c8500000, 0x00000000c8500000, 0x00000000c8600000|  0%| F|  |TAMS 0x00000000c8500000| PB 0x00000000c8500000| Untracked 
| 134|0x00000000c8600000, 0x00000000c8600000, 0x00000000c8700000|  0%| F|  |TAMS 0x00000000c8600000| PB 0x00000000c8600000| Untracked 
| 135|0x00000000c8700000, 0x00000000c8700000, 0x00000000c8800000|  0%| F|  |TAMS 0x00000000c8700000| PB 0x00000000c8700000| Untracked 
| 136|0x00000000c8800000, 0x00000000c8800000, 0x00000000c8900000|  0%| F|  |TAMS 0x00000000c8800000| PB 0x00000000c8800000| Untracked 
| 137|0x00000000c8900000, 0x00000000c8900000, 0x00000000c8a00000|  0%| F|  |TAMS 0x00000000c8900000| PB 0x00000000c8900000| Untracked 
| 138|0x00000000c8a00000, 0x00000000c8a00000, 0x00000000c8b00000|  0%| F|  |TAMS 0x00000000c8a00000| PB 0x00000000c8a00000| Untracked 
| 139|0x00000000c8b00000, 0x00000000c8c00000, 0x00000000c8c00000|100%| O|  |TAMS 0x00000000c8b00000| PB 0x00000000c8b00000| Untracked 
| 140|0x00000000c8c00000, 0x00000000c8d00000, 0x00000000c8d00000|100%| O|  |TAMS 0x00000000c8c00000| PB 0x00000000c8c00000| Untracked 
| 141|0x00000000c8d00000, 0x00000000c8d00000, 0x00000000c8e00000|  0%| F|  |TAMS 0x00000000c8d00000| PB 0x00000000c8d00000| Untracked 
| 142|0x00000000c8e00000, 0x00000000c8f00000, 0x00000000c8f00000|100%| O|  |TAMS 0x00000000c8e00000| PB 0x00000000c8e00000| Untracked 
| 143|0x00000000c8f00000, 0x00000000c8f00000, 0x00000000c9000000|  0%| F|  |TAMS 0x00000000c8f00000| PB 0x00000000c8f00000| Untracked 
| 144|0x00000000c9000000, 0x00000000c9100000, 0x00000000c9100000|100%| O|  |TAMS 0x00000000c9000000| PB 0x00000000c9000000| Untracked 
| 145|0x00000000c9100000, 0x00000000c9200000, 0x00000000c9200000|100%| O|  |TAMS 0x00000000c9100000| PB 0x00000000c9100000| Untracked 
| 146|0x00000000c9200000, 0x00000000c9300000, 0x00000000c9300000|100%| O|  |TAMS 0x00000000c9200000| PB 0x00000000c9200000| Untracked 
| 147|0x00000000c9300000, 0x00000000c9400000, 0x00000000c9400000|100%| O|Cm|TAMS 0x00000000c9300000| PB 0x00000000c9300000| Complete 
| 148|0x00000000c9400000, 0x00000000c9500000, 0x00000000c9500000|100%| O|  |TAMS 0x00000000c9400000| PB 0x00000000c9400000| Untracked 
| 149|0x00000000c9500000, 0x00000000c9600000, 0x00000000c9600000|100%| O|  |TAMS 0x00000000c9500000| PB 0x00000000c9500000| Untracked 
| 150|0x00000000c9600000, 0x00000000c9700000, 0x00000000c9700000|100%| O|Cm|TAMS 0x00000000c9600000| PB 0x00000000c9600000| Complete 
| 151|0x00000000c9700000, 0x00000000c9800000, 0x00000000c9800000|100%| O|  |TAMS 0x00000000c9700000| PB 0x00000000c9700000| Untracked 
| 152|0x00000000c9800000, 0x00000000c9900000, 0x00000000c9900000|100%| O|  |TAMS 0x00000000c9800000| PB 0x00000000c9800000| Untracked 
| 153|0x00000000c9900000, 0x00000000c9900000, 0x00000000c9a00000|  0%| F|  |TAMS 0x00000000c9900000| PB 0x00000000c9900000| Untracked 
| 154|0x00000000c9a00000, 0x00000000c9a00000, 0x00000000c9b00000|  0%| F|  |TAMS 0x00000000c9a00000| PB 0x00000000c9a00000| Untracked 
| 155|0x00000000c9b00000, 0x00000000c9b00000, 0x00000000c9c00000|  0%| F|  |TAMS 0x00000000c9b00000| PB 0x00000000c9b00000| Untracked 
| 156|0x00000000c9c00000, 0x00000000c9cae888, 0x00000000c9d00000| 68%| S|CS|TAMS 0x00000000c9c00000| PB 0x00000000c9c00000| Complete 
| 157|0x00000000c9d00000, 0x00000000c9e00000, 0x00000000c9e00000|100%| S|CS|TAMS 0x00000000c9d00000| PB 0x00000000c9d00000| Complete 
| 158|0x00000000c9e00000, 0x00000000c9f00000, 0x00000000c9f00000|100%| O|  |TAMS 0x00000000c9e00000| PB 0x00000000c9e00000| Untracked 
| 159|0x00000000c9f00000, 0x00000000ca000000, 0x00000000ca000000|100%| O|  |TAMS 0x00000000c9f00000| PB 0x00000000c9f00000| Untracked 
| 160|0x00000000ca000000, 0x00000000ca100000, 0x00000000ca100000|100%| S|CS|TAMS 0x00000000ca000000| PB 0x00000000ca000000| Complete 
| 161|0x00000000ca100000, 0x00000000ca100000, 0x00000000ca200000|  0%| F|  |TAMS 0x00000000ca100000| PB 0x00000000ca100000| Untracked 
| 162|0x00000000ca200000, 0x00000000ca300000, 0x00000000ca300000|100%| S|CS|TAMS 0x00000000ca200000| PB 0x00000000ca200000| Complete 
| 163|0x00000000ca300000, 0x00000000ca400000, 0x00000000ca400000|100%| S|CS|TAMS 0x00000000ca300000| PB 0x00000000ca300000| Complete 
| 164|0x00000000ca400000, 0x00000000ca500000, 0x00000000ca500000|100%| O|Cm|TAMS 0x00000000ca400000| PB 0x00000000ca400000| Complete 
| 165|0x00000000ca500000, 0x00000000ca600000, 0x00000000ca600000|100%| O|  |TAMS 0x00000000ca500000| PB 0x00000000ca500000| Untracked 
| 166|0x00000000ca600000, 0x00000000ca700000, 0x00000000ca700000|100%| S|CS|TAMS 0x00000000ca600000| PB 0x00000000ca600000| Complete 
| 167|0x00000000ca700000, 0x00000000ca800000, 0x00000000ca800000|100%| S|CS|TAMS 0x00000000ca700000| PB 0x00000000ca700000| Complete 
| 168|0x00000000ca800000, 0x00000000ca900000, 0x00000000ca900000|100%| S|CS|TAMS 0x00000000ca800000| PB 0x00000000ca800000| Complete 
| 169|0x00000000ca900000, 0x00000000caa00000, 0x00000000caa00000|100%| S|CS|TAMS 0x00000000ca900000| PB 0x00000000ca900000| Complete 
| 170|0x00000000caa00000, 0x00000000cab00000, 0x00000000cab00000|100%| S|CS|TAMS 0x00000000caa00000| PB 0x00000000caa00000| Complete 
| 171|0x00000000cab00000, 0x00000000cac00000, 0x00000000cac00000|100%| S|CS|TAMS 0x00000000cab00000| PB 0x00000000cab00000| Complete 
| 172|0x00000000cac00000, 0x00000000cac00000, 0x00000000cad00000|  0%| F|  |TAMS 0x00000000cac00000| PB 0x00000000cac00000| Untracked 
| 173|0x00000000cad00000, 0x00000000cae00000, 0x00000000cae00000|100%| O|  |TAMS 0x00000000cad00000| PB 0x00000000cad00000| Untracked 
| 174|0x00000000cae00000, 0x00000000caf00000, 0x00000000caf00000|100%| O|  |TAMS 0x00000000cae00000| PB 0x00000000cae00000| Untracked 
| 175|0x00000000caf00000, 0x00000000caf00000, 0x00000000cb000000|  0%| F|  |TAMS 0x00000000caf00000| PB 0x00000000caf00000| Untracked 
| 176|0x00000000cb000000, 0x00000000cb000000, 0x00000000cb100000|  0%| F|  |TAMS 0x00000000cb000000| PB 0x00000000cb000000| Untracked 
| 177|0x00000000cb100000, 0x00000000cb200000, 0x00000000cb200000|100%| O|  |TAMS 0x00000000cb100000| PB 0x00000000cb100000| Untracked 
| 178|0x00000000cb200000, 0x00000000cb300000, 0x00000000cb300000|100%| O|  |TAMS 0x00000000cb200000| PB 0x00000000cb200000| Untracked 
| 179|0x00000000cb300000, 0x00000000cb400000, 0x00000000cb400000|100%| O|  |TAMS 0x00000000cb300000| PB 0x00000000cb300000| Untracked 
| 180|0x00000000cb400000, 0x00000000cb400000, 0x00000000cb500000|  0%| F|  |TAMS 0x00000000cb400000| PB 0x00000000cb400000| Untracked 
| 181|0x00000000cb500000, 0x00000000cb500000, 0x00000000cb600000|  0%| F|  |TAMS 0x00000000cb500000| PB 0x00000000cb500000| Untracked 
| 182|0x00000000cb600000, 0x00000000cb600000, 0x00000000cb700000|  0%| F|  |TAMS 0x00000000cb600000| PB 0x00000000cb600000| Untracked 
| 183|0x00000000cb700000, 0x00000000cb700000, 0x00000000cb800000|  0%| F|  |TAMS 0x00000000cb700000| PB 0x00000000cb700000| Untracked 
| 184|0x00000000cb800000, 0x00000000cb900000, 0x00000000cb900000|100%| O|  |TAMS 0x00000000cb800000| PB 0x00000000cb800000| Untracked 
| 185|0x00000000cb900000, 0x00000000cb900000, 0x00000000cba00000|  0%| F|  |TAMS 0x00000000cb900000| PB 0x00000000cb900000| Untracked 
| 186|0x00000000cba00000, 0x00000000cbb00000, 0x00000000cbb00000|100%| O|Cm|TAMS 0x00000000cba00000| PB 0x00000000cba00000| Complete 
| 187|0x00000000cbb00000, 0x00000000cbc00000, 0x00000000cbc00000|100%| O|  |TAMS 0x00000000cbb00000| PB 0x00000000cbb00000| Untracked 
| 188|0x00000000cbc00000, 0x00000000cbd00000, 0x00000000cbd00000|100%| O|Cm|TAMS 0x00000000cbc00000| PB 0x00000000cbc00000| Complete 
| 189|0x00000000cbd00000, 0x00000000cbe00000, 0x00000000cbe00000|100%| O|  |TAMS 0x00000000cbd00000| PB 0x00000000cbd00000| Untracked 
| 190|0x00000000cbe00000, 0x00000000cbf00000, 0x00000000cbf00000|100%| O|  |TAMS 0x00000000cbe00000| PB 0x00000000cbe00000| Untracked 
| 191|0x00000000cbf00000, 0x00000000cbf00000, 0x00000000cc000000|  0%| F|  |TAMS 0x00000000cbf00000| PB 0x00000000cbf00000| Untracked 
| 192|0x00000000cc000000, 0x00000000cc000000, 0x00000000cc100000|  0%| F|  |TAMS 0x00000000cc000000| PB 0x00000000cc000000| Untracked 
| 193|0x00000000cc100000, 0x00000000cc100000, 0x00000000cc200000|  0%| F|  |TAMS 0x00000000cc100000| PB 0x00000000cc100000| Untracked 
| 194|0x00000000cc200000, 0x00000000cc300000, 0x00000000cc300000|100%| O|  |TAMS 0x00000000cc200000| PB 0x00000000cc200000| Untracked 
| 195|0x00000000cc300000, 0x00000000cc400000, 0x00000000cc400000|100%| O|  |TAMS 0x00000000cc300000| PB 0x00000000cc300000| Untracked 
| 196|0x00000000cc400000, 0x00000000cc500000, 0x00000000cc500000|100%| O|  |TAMS 0x00000000cc400000| PB 0x00000000cc400000| Untracked 
| 197|0x00000000cc500000, 0x00000000cc500000, 0x00000000cc600000|  0%| F|  |TAMS 0x00000000cc500000| PB 0x00000000cc500000| Untracked 
| 198|0x00000000cc600000, 0x00000000cc600000, 0x00000000cc700000|  0%| F|  |TAMS 0x00000000cc600000| PB 0x00000000cc600000| Untracked 
| 199|0x00000000cc700000, 0x00000000cc700000, 0x00000000cc800000|  0%| F|  |TAMS 0x00000000cc700000| PB 0x00000000cc700000| Untracked 
| 200|0x00000000cc800000, 0x00000000cc800000, 0x00000000cc900000|  0%| F|  |TAMS 0x00000000cc800000| PB 0x00000000cc800000| Untracked 
| 201|0x00000000cc900000, 0x00000000cc900000, 0x00000000cca00000|  0%| F|  |TAMS 0x00000000cc900000| PB 0x00000000cc900000| Untracked 
| 202|0x00000000cca00000, 0x00000000cca00000, 0x00000000ccb00000|  0%| F|  |TAMS 0x00000000cca00000| PB 0x00000000cca00000| Untracked 
| 203|0x00000000ccb00000, 0x00000000ccb00000, 0x00000000ccc00000|  0%| F|  |TAMS 0x00000000ccb00000| PB 0x00000000ccb00000| Untracked 
| 204|0x00000000ccc00000, 0x00000000ccc00000, 0x00000000ccd00000|  0%| F|  |TAMS 0x00000000ccc00000| PB 0x00000000ccc00000| Untracked 
| 205|0x00000000ccd00000, 0x00000000cce00000, 0x00000000cce00000|100%| O|  |TAMS 0x00000000ccd00000| PB 0x00000000ccd00000| Untracked 
| 206|0x00000000cce00000, 0x00000000cce00000, 0x00000000ccf00000|  0%| F|  |TAMS 0x00000000cce00000| PB 0x00000000cce00000| Untracked 
| 207|0x00000000ccf00000, 0x00000000ccf00000, 0x00000000cd000000|  0%| F|  |TAMS 0x00000000ccf00000| PB 0x00000000ccf00000| Untracked 
| 208|0x00000000cd000000, 0x00000000cd100000, 0x00000000cd100000|100%| O|  |TAMS 0x00000000cd000000| PB 0x00000000cd000000| Untracked 
| 209|0x00000000cd100000, 0x00000000cd200000, 0x00000000cd200000|100%| O|  |TAMS 0x00000000cd100000| PB 0x00000000cd100000| Untracked 
| 210|0x00000000cd200000, 0x00000000cd300000, 0x00000000cd300000|100%| O|  |TAMS 0x00000000cd200000| PB 0x00000000cd200000| Untracked 
| 211|0x00000000cd300000, 0x00000000cd400000, 0x00000000cd400000|100%| O|Cm|TAMS 0x00000000cd300000| PB 0x00000000cd300000| Complete 
| 212|0x00000000cd400000, 0x00000000cd400000, 0x00000000cd500000|  0%| F|  |TAMS 0x00000000cd400000| PB 0x00000000cd400000| Untracked 
| 213|0x00000000cd500000, 0x00000000cd500000, 0x00000000cd600000|  0%| F|  |TAMS 0x00000000cd500000| PB 0x00000000cd500000| Untracked 
| 214|0x00000000cd600000, 0x00000000cd700000, 0x00000000cd700000|100%| O|  |TAMS 0x00000000cd600000| PB 0x00000000cd600000| Untracked 
| 215|0x00000000cd700000, 0x00000000cd700000, 0x00000000cd800000|  0%| F|  |TAMS 0x00000000cd700000| PB 0x00000000cd700000| Untracked 
| 216|0x00000000cd800000, 0x00000000cd800000, 0x00000000cd900000|  0%| F|  |TAMS 0x00000000cd800000| PB 0x00000000cd800000| Untracked 
| 217|0x00000000cd900000, 0x00000000cd900000, 0x00000000cda00000|  0%| F|  |TAMS 0x00000000cd900000| PB 0x00000000cd900000| Untracked 
| 218|0x00000000cda00000, 0x00000000cda00000, 0x00000000cdb00000|  0%| F|  |TAMS 0x00000000cda00000| PB 0x00000000cda00000| Untracked 
| 219|0x00000000cdb00000, 0x00000000cdc00000, 0x00000000cdc00000|100%| O|  |TAMS 0x00000000cdb00000| PB 0x00000000cdb00000| Untracked 
| 220|0x00000000cdc00000, 0x00000000cdd00000, 0x00000000cdd00000|100%| O|Cm|TAMS 0x00000000cdc00000| PB 0x00000000cdc00000| Complete 
| 221|0x00000000cdd00000, 0x00000000cde00000, 0x00000000cde00000|100%| O|  |TAMS 0x00000000cdd00000| PB 0x00000000cdd00000| Untracked 
| 222|0x00000000cde00000, 0x00000000cdf00000, 0x00000000cdf00000|100%| O|  |TAMS 0x00000000cde00000| PB 0x00000000cde00000| Untracked 
| 223|0x00000000cdf00000, 0x00000000ce000000, 0x00000000ce000000|100%| O|  |TAMS 0x00000000cdf00000| PB 0x00000000cdf00000| Untracked 
| 224|0x00000000ce000000, 0x00000000ce100000, 0x00000000ce100000|100%| O|  |TAMS 0x00000000ce000000| PB 0x00000000ce000000| Untracked 
| 225|0x00000000ce100000, 0x00000000ce200000, 0x00000000ce200000|100%| O|  |TAMS 0x00000000ce100000| PB 0x00000000ce100000| Untracked 
| 226|0x00000000ce200000, 0x00000000ce300000, 0x00000000ce300000|100%| O|  |TAMS 0x00000000ce200000| PB 0x00000000ce200000| Untracked 
| 227|0x00000000ce300000, 0x00000000ce400000, 0x00000000ce400000|100%| O|  |TAMS 0x00000000ce300000| PB 0x00000000ce300000| Untracked 
| 228|0x00000000ce400000, 0x00000000ce500000, 0x00000000ce500000|100%| O|  |TAMS 0x00000000ce400000| PB 0x00000000ce400000| Untracked 
| 229|0x00000000ce500000, 0x00000000ce600000, 0x00000000ce600000|100%| O|  |TAMS 0x00000000ce500000| PB 0x00000000ce500000| Untracked 
| 230|0x00000000ce600000, 0x00000000ce700000, 0x00000000ce700000|100%| O|  |TAMS 0x00000000ce600000| PB 0x00000000ce600000| Untracked 
| 231|0x00000000ce700000, 0x00000000ce700000, 0x00000000ce800000|  0%| F|  |TAMS 0x00000000ce700000| PB 0x00000000ce700000| Untracked 
| 232|0x00000000ce800000, 0x00000000ce800000, 0x00000000ce900000|  0%| F|  |TAMS 0x00000000ce800000| PB 0x00000000ce800000| Untracked 
| 233|0x00000000ce900000, 0x00000000ce900000, 0x00000000cea00000|  0%| F|  |TAMS 0x00000000ce900000| PB 0x00000000ce900000| Untracked 
| 234|0x00000000cea00000, 0x00000000ceb00000, 0x00000000ceb00000|100%| O|  |TAMS 0x00000000cea00000| PB 0x00000000cea00000| Untracked 
| 235|0x00000000ceb00000, 0x00000000cec00000, 0x00000000cec00000|100%| O|  |TAMS 0x00000000ceb00000| PB 0x00000000ceb00000| Untracked 
| 236|0x00000000cec00000, 0x00000000ced00000, 0x00000000ced00000|100%| O|  |TAMS 0x00000000cec00000| PB 0x00000000cec00000| Untracked 
| 237|0x00000000ced00000, 0x00000000cee00000, 0x00000000cee00000|100%| O|  |TAMS 0x00000000ced00000| PB 0x00000000ced00000| Untracked 
| 238|0x00000000cee00000, 0x00000000cef00000, 0x00000000cef00000|100%| O|  |TAMS 0x00000000cee00000| PB 0x00000000cee00000| Untracked 
| 239|0x00000000cef00000, 0x00000000cef00000, 0x00000000cf000000|  0%| F|  |TAMS 0x00000000cef00000| PB 0x00000000cef00000| Untracked 
| 240|0x00000000cf000000, 0x00000000cf000000, 0x00000000cf100000|  0%| F|  |TAMS 0x00000000cf000000| PB 0x00000000cf000000| Untracked 
| 241|0x00000000cf100000, 0x00000000cf100000, 0x00000000cf200000|  0%| F|  |TAMS 0x00000000cf100000| PB 0x00000000cf100000| Untracked 
| 242|0x00000000cf200000, 0x00000000cf200000, 0x00000000cf300000|  0%| F|  |TAMS 0x00000000cf200000| PB 0x00000000cf200000| Untracked 
| 243|0x00000000cf300000, 0x00000000cf400000, 0x00000000cf400000|100%| O|  |TAMS 0x00000000cf300000| PB 0x00000000cf300000| Untracked 
| 244|0x00000000cf400000, 0x00000000cf400000, 0x00000000cf500000|  0%| F|  |TAMS 0x00000000cf400000| PB 0x00000000cf400000| Untracked 
| 245|0x00000000cf500000, 0x00000000cf600000, 0x00000000cf600000|100%| O|  |TAMS 0x00000000cf500000| PB 0x00000000cf500000| Untracked 
| 246|0x00000000cf600000, 0x00000000cf600000, 0x00000000cf700000|  0%| F|  |TAMS 0x00000000cf600000| PB 0x00000000cf600000| Untracked 
| 247|0x00000000cf700000, 0x00000000cf800000, 0x00000000cf800000|100%| O|Cm|TAMS 0x00000000cf700000| PB 0x00000000cf700000| Complete 
| 248|0x00000000cf800000, 0x00000000cf900000, 0x00000000cf900000|100%| O|Cm|TAMS 0x00000000cf800000| PB 0x00000000cf800000| Complete 
| 249|0x00000000cf900000, 0x00000000cfa00000, 0x00000000cfa00000|100%| O|  |TAMS 0x00000000cf900000| PB 0x00000000cf900000| Untracked 
| 250|0x00000000cfa00000, 0x00000000cfb00000, 0x00000000cfb00000|100%| O|  |TAMS 0x00000000cfa00000| PB 0x00000000cfa00000| Untracked 
| 251|0x00000000cfb00000, 0x00000000cfc00000, 0x00000000cfc00000|100%| O|Cm|TAMS 0x00000000cfb00000| PB 0x00000000cfb00000| Complete 
| 252|0x00000000cfc00000, 0x00000000cfd00000, 0x00000000cfd00000|100%| O|  |TAMS 0x00000000cfc00000| PB 0x00000000cfc00000| Untracked 
| 253|0x00000000cfd00000, 0x00000000cfe00000, 0x00000000cfe00000|100%| O|  |TAMS 0x00000000cfd00000| PB 0x00000000cfd00000| Untracked 
| 254|0x00000000cfe00000, 0x00000000cff00000, 0x00000000cff00000|100%| O|  |TAMS 0x00000000cfe00000| PB 0x00000000cfe00000| Untracked 
| 255|0x00000000cff00000, 0x00000000cff00000, 0x00000000d0000000|  0%| F|  |TAMS 0x00000000cff00000| PB 0x00000000cff00000| Untracked 
| 256|0x00000000d0000000, 0x00000000d0000000, 0x00000000d0100000|  0%| F|  |TAMS 0x00000000d0000000| PB 0x00000000d0000000| Untracked 
| 257|0x00000000d0100000, 0x00000000d0100000, 0x00000000d0200000|  0%| F|  |TAMS 0x00000000d0100000| PB 0x00000000d0100000| Untracked 
| 258|0x00000000d0200000, 0x00000000d0200000, 0x00000000d0300000|  0%| F|  |TAMS 0x00000000d0200000| PB 0x00000000d0200000| Untracked 
| 259|0x00000000d0300000, 0x00000000d0300000, 0x00000000d0400000|  0%| F|  |TAMS 0x00000000d0300000| PB 0x00000000d0300000| Untracked 
| 260|0x00000000d0400000, 0x00000000d0400000, 0x00000000d0500000|  0%| F|  |TAMS 0x00000000d0400000| PB 0x00000000d0400000| Untracked 
| 261|0x00000000d0500000, 0x00000000d0500000, 0x00000000d0600000|  0%| F|  |TAMS 0x00000000d0500000| PB 0x00000000d0500000| Untracked 
| 262|0x00000000d0600000, 0x00000000d0600000, 0x00000000d0700000|  0%| F|  |TAMS 0x00000000d0600000| PB 0x00000000d0600000| Untracked 
| 263|0x00000000d0700000, 0x00000000d0700000, 0x00000000d0800000|  0%| F|  |TAMS 0x00000000d0700000| PB 0x00000000d0700000| Untracked 
| 264|0x00000000d0800000, 0x00000000d0900000, 0x00000000d0900000|100%| O|  |TAMS 0x00000000d0800000| PB 0x00000000d0800000| Untracked 
| 265|0x00000000d0900000, 0x00000000d0900000, 0x00000000d0a00000|  0%| F|  |TAMS 0x00000000d0900000| PB 0x00000000d0900000| Untracked 
| 266|0x00000000d0a00000, 0x00000000d0b00000, 0x00000000d0b00000|100%| O|Cm|TAMS 0x00000000d0a00000| PB 0x00000000d0a00000| Complete 
| 267|0x00000000d0b00000, 0x00000000d0c00000, 0x00000000d0c00000|100%| O|Cm|TAMS 0x00000000d0b00000| PB 0x00000000d0b00000| Complete 
| 268|0x00000000d0c00000, 0x00000000d0d00000, 0x00000000d0d00000|100%| O|  |TAMS 0x00000000d0c00000| PB 0x00000000d0c00000| Untracked 
| 269|0x00000000d0d00000, 0x00000000d0e00000, 0x00000000d0e00000|100%| O|  |TAMS 0x00000000d0d00000| PB 0x00000000d0d00000| Untracked 
| 270|0x00000000d0e00000, 0x00000000d0e00000, 0x00000000d0f00000|  0%| F|  |TAMS 0x00000000d0e00000| PB 0x00000000d0e00000| Untracked 
| 271|0x00000000d0f00000, 0x00000000d1000000, 0x00000000d1000000|100%| O|  |TAMS 0x00000000d0f00000| PB 0x00000000d0f00000| Untracked 
| 272|0x00000000d1000000, 0x00000000d1000000, 0x00000000d1100000|  0%| F|  |TAMS 0x00000000d1000000| PB 0x00000000d1000000| Untracked 
| 273|0x00000000d1100000, 0x00000000d1100000, 0x00000000d1200000|  0%| F|  |TAMS 0x00000000d1100000| PB 0x00000000d1100000| Untracked 
| 274|0x00000000d1200000, 0x00000000d1200000, 0x00000000d1300000|  0%| F|  |TAMS 0x00000000d1200000| PB 0x00000000d1200000| Untracked 
| 275|0x00000000d1300000, 0x00000000d1400000, 0x00000000d1400000|100%| O|  |TAMS 0x00000000d1300000| PB 0x00000000d1300000| Untracked 
| 276|0x00000000d1400000, 0x00000000d1500000, 0x00000000d1500000|100%| O|  |TAMS 0x00000000d1400000| PB 0x00000000d1400000| Untracked 
| 277|0x00000000d1500000, 0x00000000d1600000, 0x00000000d1600000|100%| O|  |TAMS 0x00000000d1500000| PB 0x00000000d1500000| Untracked 
| 278|0x00000000d1600000, 0x00000000d1700000, 0x00000000d1700000|100%| O|  |TAMS 0x00000000d1600000| PB 0x00000000d1600000| Untracked 
| 279|0x00000000d1700000, 0x00000000d1800000, 0x00000000d1800000|100%| O|  |TAMS 0x00000000d1700000| PB 0x00000000d1700000| Untracked 
| 280|0x00000000d1800000, 0x00000000d1900000, 0x00000000d1900000|100%| O|Cm|TAMS 0x00000000d1800000| PB 0x00000000d1800000| Complete 
| 281|0x00000000d1900000, 0x00000000d1a00000, 0x00000000d1a00000|100%| O|  |TAMS 0x00000000d1900000| PB 0x00000000d1900000| Untracked 
| 282|0x00000000d1a00000, 0x00000000d1a00000, 0x00000000d1b00000|  0%| F|  |TAMS 0x00000000d1a00000| PB 0x00000000d1a00000| Untracked 
| 283|0x00000000d1b00000, 0x00000000d1c00000, 0x00000000d1c00000|100%| O|  |TAMS 0x00000000d1b00000| PB 0x00000000d1b00000| Untracked 
| 284|0x00000000d1c00000, 0x00000000d1d00000, 0x00000000d1d00000|100%| O|  |TAMS 0x00000000d1c00000| PB 0x00000000d1c00000| Untracked 
| 285|0x00000000d1d00000, 0x00000000d1e00000, 0x00000000d1e00000|100%| O|  |TAMS 0x00000000d1d00000| PB 0x00000000d1d00000| Untracked 
| 286|0x00000000d1e00000, 0x00000000d1f00000, 0x00000000d1f00000|100%| O|  |TAMS 0x00000000d1e00000| PB 0x00000000d1e00000| Untracked 
| 287|0x00000000d1f00000, 0x00000000d2000000, 0x00000000d2000000|100%| O|  |TAMS 0x00000000d1f00000| PB 0x00000000d1f00000| Untracked 
| 288|0x00000000d2000000, 0x00000000d2100000, 0x00000000d2100000|100%| O|  |TAMS 0x00000000d2000000| PB 0x00000000d2000000| Untracked 
| 289|0x00000000d2100000, 0x00000000d2200000, 0x00000000d2200000|100%| O|  |TAMS 0x00000000d2100000| PB 0x00000000d2100000| Untracked 
| 290|0x00000000d2200000, 0x00000000d2300000, 0x00000000d2300000|100%| O|  |TAMS 0x00000000d2200000| PB 0x00000000d2200000| Untracked 
| 291|0x00000000d2300000, 0x00000000d2400000, 0x00000000d2400000|100%| O|  |TAMS 0x00000000d2300000| PB 0x00000000d2300000| Untracked 
| 292|0x00000000d2400000, 0x00000000d2500000, 0x00000000d2500000|100%| O|  |TAMS 0x00000000d2400000| PB 0x00000000d2400000| Untracked 
| 293|0x00000000d2500000, 0x00000000d2600000, 0x00000000d2600000|100%| O|  |TAMS 0x00000000d2500000| PB 0x00000000d2500000| Untracked 
| 294|0x00000000d2600000, 0x00000000d2700000, 0x00000000d2700000|100%| O|  |TAMS 0x00000000d2600000| PB 0x00000000d2600000| Untracked 
| 295|0x00000000d2700000, 0x00000000d2800000, 0x00000000d2800000|100%| O|  |TAMS 0x00000000d2700000| PB 0x00000000d2700000| Untracked 
| 296|0x00000000d2800000, 0x00000000d2900000, 0x00000000d2900000|100%| O|  |TAMS 0x00000000d2800000| PB 0x00000000d2800000| Untracked 
| 297|0x00000000d2900000, 0x00000000d2a00000, 0x00000000d2a00000|100%| O|  |TAMS 0x00000000d2900000| PB 0x00000000d2900000| Untracked 
| 298|0x00000000d2a00000, 0x00000000d2b00000, 0x00000000d2b00000|100%| O|  |TAMS 0x00000000d2a00000| PB 0x00000000d2a00000| Untracked 
| 299|0x00000000d2b00000, 0x00000000d2c00000, 0x00000000d2c00000|100%| O|  |TAMS 0x00000000d2b00000| PB 0x00000000d2b00000| Untracked 
| 300|0x00000000d2c00000, 0x00000000d2d00000, 0x00000000d2d00000|100%| O|  |TAMS 0x00000000d2c00000| PB 0x00000000d2c00000| Untracked 
| 301|0x00000000d2d00000, 0x00000000d2e00000, 0x00000000d2e00000|100%| O|  |TAMS 0x00000000d2d00000| PB 0x00000000d2d00000| Untracked 
| 302|0x00000000d2e00000, 0x00000000d2f00000, 0x00000000d2f00000|100%| O|  |TAMS 0x00000000d2e00000| PB 0x00000000d2e00000| Untracked 
| 303|0x00000000d2f00000, 0x00000000d3000000, 0x00000000d3000000|100%| O|  |TAMS 0x00000000d2f00000| PB 0x00000000d2f00000| Untracked 
| 304|0x00000000d3000000, 0x00000000d3100000, 0x00000000d3100000|100%| O|  |TAMS 0x00000000d3000000| PB 0x00000000d3000000| Untracked 
| 305|0x00000000d3100000, 0x00000000d3100000, 0x00000000d3200000|  0%| F|  |TAMS 0x00000000d3100000| PB 0x00000000d3100000| Untracked 
| 306|0x00000000d3200000, 0x00000000d3200000, 0x00000000d3300000|  0%| F|  |TAMS 0x00000000d3200000| PB 0x00000000d3200000| Untracked 
| 307|0x00000000d3300000, 0x00000000d3300000, 0x00000000d3400000|  0%| F|  |TAMS 0x00000000d3300000| PB 0x00000000d3300000| Untracked 
| 308|0x00000000d3400000, 0x00000000d3400000, 0x00000000d3500000|  0%| F|  |TAMS 0x00000000d3400000| PB 0x00000000d3400000| Untracked 
| 309|0x00000000d3500000, 0x00000000d3500000, 0x00000000d3600000|  0%| F|  |TAMS 0x00000000d3500000| PB 0x00000000d3500000| Untracked 
| 310|0x00000000d3600000, 0x00000000d3600000, 0x00000000d3700000|  0%| F|  |TAMS 0x00000000d3600000| PB 0x00000000d3600000| Untracked 
| 311|0x00000000d3700000, 0x00000000d3700000, 0x00000000d3800000|  0%| F|  |TAMS 0x00000000d3700000| PB 0x00000000d3700000| Untracked 
| 312|0x00000000d3800000, 0x00000000d3800000, 0x00000000d3900000|  0%| F|  |TAMS 0x00000000d3800000| PB 0x00000000d3800000| Untracked 
| 313|0x00000000d3900000, 0x00000000d3900000, 0x00000000d3a00000|  0%| F|  |TAMS 0x00000000d3900000| PB 0x00000000d3900000| Untracked 
| 314|0x00000000d3a00000, 0x00000000d3a00000, 0x00000000d3b00000|  0%| F|  |TAMS 0x00000000d3a00000| PB 0x00000000d3a00000| Untracked 
| 315|0x00000000d3b00000, 0x00000000d3b00000, 0x00000000d3c00000|  0%| F|  |TAMS 0x00000000d3b00000| PB 0x00000000d3b00000| Untracked 
| 316|0x00000000d3c00000, 0x00000000d3d00000, 0x00000000d3d00000|100%| O|  |TAMS 0x00000000d3c00000| PB 0x00000000d3c00000| Untracked 
| 317|0x00000000d3d00000, 0x00000000d3d00000, 0x00000000d3e00000|  0%| F|  |TAMS 0x00000000d3d00000| PB 0x00000000d3d00000| Untracked 
| 318|0x00000000d3e00000, 0x00000000d3f00000, 0x00000000d3f00000|100%| O|  |TAMS 0x00000000d3e00000| PB 0x00000000d3e00000| Untracked 
| 319|0x00000000d3f00000, 0x00000000d4000000, 0x00000000d4000000|100%| O|  |TAMS 0x00000000d3f00000| PB 0x00000000d3f00000| Untracked 
| 320|0x00000000d4000000, 0x00000000d4000000, 0x00000000d4100000|  0%| F|  |TAMS 0x00000000d4000000| PB 0x00000000d4000000| Untracked 
| 321|0x00000000d4100000, 0x00000000d4100000, 0x00000000d4200000|  0%| F|  |TAMS 0x00000000d4100000| PB 0x00000000d4100000| Untracked 
| 322|0x00000000d4200000, 0x00000000d4200000, 0x00000000d4300000|  0%| F|  |TAMS 0x00000000d4200000| PB 0x00000000d4200000| Untracked 
| 323|0x00000000d4300000, 0x00000000d4300000, 0x00000000d4400000|  0%| F|  |TAMS 0x00000000d4300000| PB 0x00000000d4300000| Untracked 
| 324|0x00000000d4400000, 0x00000000d4400000, 0x00000000d4500000|  0%| F|  |TAMS 0x00000000d4400000| PB 0x00000000d4400000| Untracked 
| 325|0x00000000d4500000, 0x00000000d4500000, 0x00000000d4600000|  0%| F|  |TAMS 0x00000000d4500000| PB 0x00000000d4500000| Untracked 
| 326|0x00000000d4600000, 0x00000000d4600000, 0x00000000d4700000|  0%| F|  |TAMS 0x00000000d4600000| PB 0x00000000d4600000| Untracked 
| 327|0x00000000d4700000, 0x00000000d4800000, 0x00000000d4800000|100%| O|  |TAMS 0x00000000d4700000| PB 0x00000000d4700000| Untracked 
| 328|0x00000000d4800000, 0x00000000d4800000, 0x00000000d4900000|  0%| F|  |TAMS 0x00000000d4800000| PB 0x00000000d4800000| Untracked 
| 329|0x00000000d4900000, 0x00000000d4900000, 0x00000000d4a00000|  0%| F|  |TAMS 0x00000000d4900000| PB 0x00000000d4900000| Untracked 
| 330|0x00000000d4a00000, 0x00000000d4a00000, 0x00000000d4b00000|  0%| F|  |TAMS 0x00000000d4a00000| PB 0x00000000d4a00000| Untracked 
| 331|0x00000000d4b00000, 0x00000000d4b00000, 0x00000000d4c00000|  0%| F|  |TAMS 0x00000000d4b00000| PB 0x00000000d4b00000| Untracked 
| 332|0x00000000d4c00000, 0x00000000d4c00000, 0x00000000d4d00000|  0%| F|  |TAMS 0x00000000d4c00000| PB 0x00000000d4c00000| Untracked 
| 333|0x00000000d4d00000, 0x00000000d4d00000, 0x00000000d4e00000|  0%| F|  |TAMS 0x00000000d4d00000| PB 0x00000000d4d00000| Untracked 
| 334|0x00000000d4e00000, 0x00000000d4e00000, 0x00000000d4f00000|  0%| F|  |TAMS 0x00000000d4e00000| PB 0x00000000d4e00000| Untracked 
| 335|0x00000000d4f00000, 0x00000000d4f00000, 0x00000000d5000000|  0%| F|  |TAMS 0x00000000d4f00000| PB 0x00000000d4f00000| Untracked 
| 336|0x00000000d5000000, 0x00000000d5000000, 0x00000000d5100000|  0%| F|  |TAMS 0x00000000d5000000| PB 0x00000000d5000000| Untracked 
| 337|0x00000000d5100000, 0x00000000d5100000, 0x00000000d5200000|  0%| F|  |TAMS 0x00000000d5100000| PB 0x00000000d5100000| Untracked 
| 338|0x00000000d5200000, 0x00000000d5200000, 0x00000000d5300000|  0%| F|  |TAMS 0x00000000d5200000| PB 0x00000000d5200000| Untracked 
| 339|0x00000000d5300000, 0x00000000d5300000, 0x00000000d5400000|  0%| F|  |TAMS 0x00000000d5300000| PB 0x00000000d5300000| Untracked 
| 340|0x00000000d5400000, 0x00000000d5400000, 0x00000000d5500000|  0%| F|  |TAMS 0x00000000d5400000| PB 0x00000000d5400000| Untracked 
| 341|0x00000000d5500000, 0x00000000d5500000, 0x00000000d5600000|  0%| F|  |TAMS 0x00000000d5500000| PB 0x00000000d5500000| Untracked 
| 342|0x00000000d5600000, 0x00000000d5600000, 0x00000000d5700000|  0%| F|  |TAMS 0x00000000d5600000| PB 0x00000000d5600000| Untracked 
| 343|0x00000000d5700000, 0x00000000d5700000, 0x00000000d5800000|  0%| F|  |TAMS 0x00000000d5700000| PB 0x00000000d5700000| Untracked 
| 344|0x00000000d5800000, 0x00000000d5800000, 0x00000000d5900000|  0%| F|  |TAMS 0x00000000d5800000| PB 0x00000000d5800000| Untracked 
| 345|0x00000000d5900000, 0x00000000d5900000, 0x00000000d5a00000|  0%| F|  |TAMS 0x00000000d5900000| PB 0x00000000d5900000| Untracked 
| 346|0x00000000d5a00000, 0x00000000d5b00000, 0x00000000d5b00000|100%| O|  |TAMS 0x00000000d5a00000| PB 0x00000000d5a00000| Untracked 
| 347|0x00000000d5b00000, 0x00000000d5c00000, 0x00000000d5c00000|100%| O|  |TAMS 0x00000000d5b00000| PB 0x00000000d5b00000| Untracked 
| 348|0x00000000d5c00000, 0x00000000d5d00000, 0x00000000d5d00000|100%| O|  |TAMS 0x00000000d5c00000| PB 0x00000000d5c00000| Untracked 
| 349|0x00000000d5d00000, 0x00000000d5e00000, 0x00000000d5e00000|100%| O|  |TAMS 0x00000000d5d00000| PB 0x00000000d5d00000| Untracked 
| 350|0x00000000d5e00000, 0x00000000d5f00000, 0x00000000d5f00000|100%| O|  |TAMS 0x00000000d5e00000| PB 0x00000000d5e00000| Untracked 
| 351|0x00000000d5f00000, 0x00000000d5f00000, 0x00000000d6000000|  0%| F|  |TAMS 0x00000000d5f00000| PB 0x00000000d5f00000| Untracked 
| 352|0x00000000d6000000, 0x00000000d6000000, 0x00000000d6100000|  0%| F|  |TAMS 0x00000000d6000000| PB 0x00000000d6000000| Untracked 
| 353|0x00000000d6100000, 0x00000000d6100000, 0x00000000d6200000|  0%| F|  |TAMS 0x00000000d6100000| PB 0x00000000d6100000| Untracked 
| 354|0x00000000d6200000, 0x00000000d6200000, 0x00000000d6300000|  0%| F|  |TAMS 0x00000000d6200000| PB 0x00000000d6200000| Untracked 
| 355|0x00000000d6300000, 0x00000000d6300000, 0x00000000d6400000|  0%| F|  |TAMS 0x00000000d6300000| PB 0x00000000d6300000| Untracked 
| 356|0x00000000d6400000, 0x00000000d6400000, 0x00000000d6500000|  0%| F|  |TAMS 0x00000000d6400000| PB 0x00000000d6400000| Untracked 
| 357|0x00000000d6500000, 0x00000000d6500000, 0x00000000d6600000|  0%| F|  |TAMS 0x00000000d6500000| PB 0x00000000d6500000| Untracked 
| 358|0x00000000d6600000, 0x00000000d6600000, 0x00000000d6700000|  0%| F|  |TAMS 0x00000000d6600000| PB 0x00000000d6600000| Untracked 
| 359|0x00000000d6700000, 0x00000000d6700000, 0x00000000d6800000|  0%| F|  |TAMS 0x00000000d6700000| PB 0x00000000d6700000| Untracked 
| 360|0x00000000d6800000, 0x00000000d6800000, 0x00000000d6900000|  0%| F|  |TAMS 0x00000000d6800000| PB 0x00000000d6800000| Untracked 
| 361|0x00000000d6900000, 0x00000000d6a00000, 0x00000000d6a00000|100%| O|  |TAMS 0x00000000d6900000| PB 0x00000000d6900000| Untracked 
| 362|0x00000000d6a00000, 0x00000000d6a00000, 0x00000000d6b00000|  0%| F|  |TAMS 0x00000000d6a00000| PB 0x00000000d6a00000| Untracked 
| 363|0x00000000d6b00000, 0x00000000d6b00000, 0x00000000d6c00000|  0%| F|  |TAMS 0x00000000d6b00000| PB 0x00000000d6b00000| Untracked 
| 364|0x00000000d6c00000, 0x00000000d6c00000, 0x00000000d6d00000|  0%| F|  |TAMS 0x00000000d6c00000| PB 0x00000000d6c00000| Untracked 
| 365|0x00000000d6d00000, 0x00000000d6d00000, 0x00000000d6e00000|  0%| F|  |TAMS 0x00000000d6d00000| PB 0x00000000d6d00000| Untracked 
| 366|0x00000000d6e00000, 0x00000000d6e00000, 0x00000000d6f00000|  0%| F|  |TAMS 0x00000000d6e00000| PB 0x00000000d6e00000| Untracked 
| 367|0x00000000d6f00000, 0x00000000d6f00000, 0x00000000d7000000|  0%| F|  |TAMS 0x00000000d6f00000| PB 0x00000000d6f00000| Untracked 
| 368|0x00000000d7000000, 0x00000000d7100000, 0x00000000d7100000|100%| O|  |TAMS 0x00000000d7000000| PB 0x00000000d7000000| Untracked 
| 369|0x00000000d7100000, 0x00000000d7100000, 0x00000000d7200000|  0%| F|  |TAMS 0x00000000d7100000| PB 0x00000000d7100000| Untracked 
| 370|0x00000000d7200000, 0x00000000d7200000, 0x00000000d7300000|  0%| F|  |TAMS 0x00000000d7200000| PB 0x00000000d7200000| Untracked 
| 371|0x00000000d7300000, 0x00000000d7300000, 0x00000000d7400000|  0%| F|  |TAMS 0x00000000d7300000| PB 0x00000000d7300000| Untracked 
| 372|0x00000000d7400000, 0x00000000d7400000, 0x00000000d7500000|  0%| F|  |TAMS 0x00000000d7400000| PB 0x00000000d7400000| Untracked 
| 373|0x00000000d7500000, 0x00000000d7500000, 0x00000000d7600000|  0%| F|  |TAMS 0x00000000d7500000| PB 0x00000000d7500000| Untracked 
| 374|0x00000000d7600000, 0x00000000d7600000, 0x00000000d7700000|  0%| F|  |TAMS 0x00000000d7600000| PB 0x00000000d7600000| Untracked 
| 375|0x00000000d7700000, 0x00000000d7700000, 0x00000000d7800000|  0%| F|  |TAMS 0x00000000d7700000| PB 0x00000000d7700000| Untracked 
| 376|0x00000000d7800000, 0x00000000d7800000, 0x00000000d7900000|  0%| F|  |TAMS 0x00000000d7800000| PB 0x00000000d7800000| Untracked 
| 377|0x00000000d7900000, 0x00000000d7900000, 0x00000000d7a00000|  0%| F|  |TAMS 0x00000000d7900000| PB 0x00000000d7900000| Untracked 
| 378|0x00000000d7a00000, 0x00000000d7a00000, 0x00000000d7b00000|  0%| F|  |TAMS 0x00000000d7a00000| PB 0x00000000d7a00000| Untracked 
| 379|0x00000000d7b00000, 0x00000000d7b00000, 0x00000000d7c00000|  0%| F|  |TAMS 0x00000000d7b00000| PB 0x00000000d7b00000| Untracked 
| 380|0x00000000d7c00000, 0x00000000d7c00000, 0x00000000d7d00000|  0%| F|  |TAMS 0x00000000d7c00000| PB 0x00000000d7c00000| Untracked 
| 381|0x00000000d7d00000, 0x00000000d7d00000, 0x00000000d7e00000|  0%| F|  |TAMS 0x00000000d7d00000| PB 0x00000000d7d00000| Untracked 
| 382|0x00000000d7e00000, 0x00000000d7e00000, 0x00000000d7f00000|  0%| F|  |TAMS 0x00000000d7e00000| PB 0x00000000d7e00000| Untracked 
| 383|0x00000000d7f00000, 0x00000000d7f00000, 0x00000000d8000000|  0%| F|  |TAMS 0x00000000d7f00000| PB 0x00000000d7f00000| Untracked 
| 384|0x00000000d8000000, 0x00000000d8000000, 0x00000000d8100000|  0%| F|  |TAMS 0x00000000d8000000| PB 0x00000000d8000000| Untracked 
| 385|0x00000000d8100000, 0x00000000d8100000, 0x00000000d8200000|  0%| F|  |TAMS 0x00000000d8100000| PB 0x00000000d8100000| Untracked 
| 386|0x00000000d8200000, 0x00000000d8200000, 0x00000000d8300000|  0%| F|  |TAMS 0x00000000d8200000| PB 0x00000000d8200000| Untracked 
| 387|0x00000000d8300000, 0x00000000d831c8e0, 0x00000000d8400000| 11%| E|  |TAMS 0x00000000d8300000| PB 0x00000000d8300000| Complete 
| 388|0x00000000d8400000, 0x00000000d8500000, 0x00000000d8500000|100%| O|  |TAMS 0x00000000d8400000| PB 0x00000000d8400000| Untracked 
| 389|0x00000000d8500000, 0x00000000d8600000, 0x00000000d8600000|100%| E|CS|TAMS 0x00000000d8500000| PB 0x00000000d8500000| Complete 
| 390|0x00000000d8600000, 0x00000000d8700000, 0x00000000d8700000|100%| E|CS|TAMS 0x00000000d8600000| PB 0x00000000d8600000| Complete 
| 391|0x00000000d8700000, 0x00000000d8800000, 0x00000000d8800000|100%| E|CS|TAMS 0x00000000d8700000| PB 0x00000000d8700000| Complete 
| 392|0x00000000d8800000, 0x00000000d8900000, 0x00000000d8900000|100%| E|CS|TAMS 0x00000000d8800000| PB 0x00000000d8800000| Complete 
| 393|0x00000000d8900000, 0x00000000d8a00000, 0x00000000d8a00000|100%| E|CS|TAMS 0x00000000d8900000| PB 0x00000000d8900000| Complete 
| 394|0x00000000d8a00000, 0x00000000d8b00000, 0x00000000d8b00000|100%| E|CS|TAMS 0x00000000d8a00000| PB 0x00000000d8a00000| Complete 
| 395|0x00000000d8b00000, 0x00000000d8c00000, 0x00000000d8c00000|100%| E|CS|TAMS 0x00000000d8b00000| PB 0x00000000d8b00000| Complete 
| 396|0x00000000d8c00000, 0x00000000d8d00000, 0x00000000d8d00000|100%| E|CS|TAMS 0x00000000d8c00000| PB 0x00000000d8c00000| Complete 
| 397|0x00000000d8d00000, 0x00000000d8e00000, 0x00000000d8e00000|100%| E|CS|TAMS 0x00000000d8d00000| PB 0x00000000d8d00000| Complete 
| 398|0x00000000d8e00000, 0x00000000d8f00000, 0x00000000d8f00000|100%| E|CS|TAMS 0x00000000d8e00000| PB 0x00000000d8e00000| Complete 
| 399|0x00000000d8f00000, 0x00000000d9000000, 0x00000000d9000000|100%| E|CS|TAMS 0x00000000d8f00000| PB 0x00000000d8f00000| Complete 
| 400|0x00000000d9000000, 0x00000000d9100000, 0x00000000d9100000|100%| E|CS|TAMS 0x00000000d9000000| PB 0x00000000d9000000| Complete 
| 401|0x00000000d9100000, 0x00000000d9200000, 0x00000000d9200000|100%| E|CS|TAMS 0x00000000d9100000| PB 0x00000000d9100000| Complete 
| 402|0x00000000d9200000, 0x00000000d9300000, 0x00000000d9300000|100%| E|CS|TAMS 0x00000000d9200000| PB 0x00000000d9200000| Complete 
| 403|0x00000000d9300000, 0x00000000d9400000, 0x00000000d9400000|100%| E|CS|TAMS 0x00000000d9300000| PB 0x00000000d9300000| Complete 
| 404|0x00000000d9400000, 0x00000000d9500000, 0x00000000d9500000|100%| E|CS|TAMS 0x00000000d9400000| PB 0x00000000d9400000| Complete 
| 405|0x00000000d9500000, 0x00000000d9600000, 0x00000000d9600000|100%| E|CS|TAMS 0x00000000d9500000| PB 0x00000000d9500000| Complete 
| 406|0x00000000d9600000, 0x00000000d9700000, 0x00000000d9700000|100%| E|CS|TAMS 0x00000000d9600000| PB 0x00000000d9600000| Complete 
| 407|0x00000000d9700000, 0x00000000d9800000, 0x00000000d9800000|100%| E|CS|TAMS 0x00000000d9700000| PB 0x00000000d9700000| Complete 
| 408|0x00000000d9800000, 0x00000000d9900000, 0x00000000d9900000|100%| E|CS|TAMS 0x00000000d9800000| PB 0x00000000d9800000| Complete 
| 409|0x00000000d9900000, 0x00000000d9a00000, 0x00000000d9a00000|100%| E|CS|TAMS 0x00000000d9900000| PB 0x00000000d9900000| Complete 
| 410|0x00000000d9a00000, 0x00000000d9b00000, 0x00000000d9b00000|100%| E|CS|TAMS 0x00000000d9a00000| PB 0x00000000d9a00000| Complete 
| 411|0x00000000d9b00000, 0x00000000d9c00000, 0x00000000d9c00000|100%| E|CS|TAMS 0x00000000d9b00000| PB 0x00000000d9b00000| Complete 
| 412|0x00000000d9c00000, 0x00000000d9d00000, 0x00000000d9d00000|100%| E|CS|TAMS 0x00000000d9c00000| PB 0x00000000d9c00000| Complete 
| 413|0x00000000d9d00000, 0x00000000d9e00000, 0x00000000d9e00000|100%| E|CS|TAMS 0x00000000d9d00000| PB 0x00000000d9d00000| Complete 
| 414|0x00000000d9e00000, 0x00000000d9f00000, 0x00000000d9f00000|100%| E|CS|TAMS 0x00000000d9e00000| PB 0x00000000d9e00000| Complete 
| 415|0x00000000d9f00000, 0x00000000da000000, 0x00000000da000000|100%| E|CS|TAMS 0x00000000d9f00000| PB 0x00000000d9f00000| Complete 
| 416|0x00000000da000000, 0x00000000da100000, 0x00000000da100000|100%| E|CS|TAMS 0x00000000da000000| PB 0x00000000da000000| Complete 
| 417|0x00000000da100000, 0x00000000da200000, 0x00000000da200000|100%| E|CS|TAMS 0x00000000da100000| PB 0x00000000da100000| Complete 
| 418|0x00000000da200000, 0x00000000da300000, 0x00000000da300000|100%| E|CS|TAMS 0x00000000da200000| PB 0x00000000da200000| Complete 
| 419|0x00000000da300000, 0x00000000da400000, 0x00000000da400000|100%| E|CS|TAMS 0x00000000da300000| PB 0x00000000da300000| Complete 
| 420|0x00000000da400000, 0x00000000da500000, 0x00000000da500000|100%| E|CS|TAMS 0x00000000da400000| PB 0x00000000da400000| Complete 
| 421|0x00000000da500000, 0x00000000da600000, 0x00000000da600000|100%| E|CS|TAMS 0x00000000da500000| PB 0x00000000da500000| Complete 
| 422|0x00000000da600000, 0x00000000da700000, 0x00000000da700000|100%| E|CS|TAMS 0x00000000da600000| PB 0x00000000da600000| Complete 
| 423|0x00000000da700000, 0x00000000da800000, 0x00000000da800000|100%| E|CS|TAMS 0x00000000da700000| PB 0x00000000da700000| Complete 
| 424|0x00000000da800000, 0x00000000da900000, 0x00000000da900000|100%| E|CS|TAMS 0x00000000da800000| PB 0x00000000da800000| Complete 
| 425|0x00000000da900000, 0x00000000daa00000, 0x00000000daa00000|100%| E|CS|TAMS 0x00000000da900000| PB 0x00000000da900000| Complete 
| 426|0x00000000daa00000, 0x00000000dab00000, 0x00000000dab00000|100%| E|CS|TAMS 0x00000000daa00000| PB 0x00000000daa00000| Complete 
| 427|0x00000000dab00000, 0x00000000dac00000, 0x00000000dac00000|100%| E|CS|TAMS 0x00000000dab00000| PB 0x00000000dab00000| Complete 
| 428|0x00000000dac00000, 0x00000000dad00000, 0x00000000dad00000|100%| E|CS|TAMS 0x00000000dac00000| PB 0x00000000dac00000| Complete 
| 429|0x00000000dad00000, 0x00000000dae00000, 0x00000000dae00000|100%| E|CS|TAMS 0x00000000dad00000| PB 0x00000000dad00000| Complete 
| 430|0x00000000dae00000, 0x00000000daf00000, 0x00000000daf00000|100%| E|CS|TAMS 0x00000000dae00000| PB 0x00000000dae00000| Complete 
| 431|0x00000000daf00000, 0x00000000db000000, 0x00000000db000000|100%| E|CS|TAMS 0x00000000daf00000| PB 0x00000000daf00000| Complete 
| 432|0x00000000db000000, 0x00000000db100000, 0x00000000db100000|100%| E|CS|TAMS 0x00000000db000000| PB 0x00000000db000000| Complete 
| 433|0x00000000db100000, 0x00000000db200000, 0x00000000db200000|100%| E|CS|TAMS 0x00000000db100000| PB 0x00000000db100000| Complete 
| 434|0x00000000db200000, 0x00000000db300000, 0x00000000db300000|100%| E|CS|TAMS 0x00000000db200000| PB 0x00000000db200000| Complete 
| 435|0x00000000db300000, 0x00000000db400000, 0x00000000db400000|100%| E|CS|TAMS 0x00000000db300000| PB 0x00000000db300000| Complete 
| 436|0x00000000db400000, 0x00000000db500000, 0x00000000db500000|100%| E|CS|TAMS 0x00000000db400000| PB 0x00000000db400000| Complete 
| 437|0x00000000db500000, 0x00000000db600000, 0x00000000db600000|100%| E|CS|TAMS 0x00000000db500000| PB 0x00000000db500000| Complete 
| 438|0x00000000db600000, 0x00000000db700000, 0x00000000db700000|100%| E|CS|TAMS 0x00000000db600000| PB 0x00000000db600000| Complete 
| 439|0x00000000db700000, 0x00000000db800000, 0x00000000db800000|100%| E|CS|TAMS 0x00000000db700000| PB 0x00000000db700000| Complete 
| 440|0x00000000db800000, 0x00000000db900000, 0x00000000db900000|100%| E|CS|TAMS 0x00000000db800000| PB 0x00000000db800000| Complete 
| 441|0x00000000db900000, 0x00000000dba00000, 0x00000000dba00000|100%| E|CS|TAMS 0x00000000db900000| PB 0x00000000db900000| Complete 
| 442|0x00000000dba00000, 0x00000000dbb00000, 0x00000000dbb00000|100%| E|CS|TAMS 0x00000000dba00000| PB 0x00000000dba00000| Complete 
| 443|0x00000000dbb00000, 0x00000000dbc00000, 0x00000000dbc00000|100%| E|CS|TAMS 0x00000000dbb00000| PB 0x00000000dbb00000| Complete 
| 444|0x00000000dbc00000, 0x00000000dbd00000, 0x00000000dbd00000|100%| E|CS|TAMS 0x00000000dbc00000| PB 0x00000000dbc00000| Complete 
| 445|0x00000000dbd00000, 0x00000000dbe00000, 0x00000000dbe00000|100%| E|CS|TAMS 0x00000000dbd00000| PB 0x00000000dbd00000| Complete 
| 446|0x00000000dbe00000, 0x00000000dbf00000, 0x00000000dbf00000|100%| E|CS|TAMS 0x00000000dbe00000| PB 0x00000000dbe00000| Complete 
| 447|0x00000000dbf00000, 0x00000000dc000000, 0x00000000dc000000|100%| E|CS|TAMS 0x00000000dbf00000| PB 0x00000000dbf00000| Complete 
| 448|0x00000000dc000000, 0x00000000dc100000, 0x00000000dc100000|100%| E|CS|TAMS 0x00000000dc000000| PB 0x00000000dc000000| Complete 
| 449|0x00000000dc100000, 0x00000000dc200000, 0x00000000dc200000|100%| E|CS|TAMS 0x00000000dc100000| PB 0x00000000dc100000| Complete 
| 450|0x00000000dc200000, 0x00000000dc300000, 0x00000000dc300000|100%| E|CS|TAMS 0x00000000dc200000| PB 0x00000000dc200000| Complete 
| 451|0x00000000dc300000, 0x00000000dc400000, 0x00000000dc400000|100%| E|CS|TAMS 0x00000000dc300000| PB 0x00000000dc300000| Complete 
| 452|0x00000000dc400000, 0x00000000dc500000, 0x00000000dc500000|100%| E|CS|TAMS 0x00000000dc400000| PB 0x00000000dc400000| Complete 
| 453|0x00000000dc500000, 0x00000000dc600000, 0x00000000dc600000|100%| E|CS|TAMS 0x00000000dc500000| PB 0x00000000dc500000| Complete 
| 454|0x00000000dc600000, 0x00000000dc700000, 0x00000000dc700000|100%| E|CS|TAMS 0x00000000dc600000| PB 0x00000000dc600000| Complete 
| 455|0x00000000dc700000, 0x00000000dc800000, 0x00000000dc800000|100%| E|CS|TAMS 0x00000000dc700000| PB 0x00000000dc700000| Complete 
| 456|0x00000000dc800000, 0x00000000dc900000, 0x00000000dc900000|100%| E|CS|TAMS 0x00000000dc800000| PB 0x00000000dc800000| Complete 
| 457|0x00000000dc900000, 0x00000000dca00000, 0x00000000dca00000|100%| E|CS|TAMS 0x00000000dc900000| PB 0x00000000dc900000| Complete 
| 458|0x00000000dca00000, 0x00000000dcb00000, 0x00000000dcb00000|100%| E|CS|TAMS 0x00000000dca00000| PB 0x00000000dca00000| Complete 
| 459|0x00000000dcb00000, 0x00000000dcc00000, 0x00000000dcc00000|100%| E|CS|TAMS 0x00000000dcb00000| PB 0x00000000dcb00000| Complete 
| 460|0x00000000dcc00000, 0x00000000dcd00000, 0x00000000dcd00000|100%| E|CS|TAMS 0x00000000dcc00000| PB 0x00000000dcc00000| Complete 
| 461|0x00000000dcd00000, 0x00000000dce00000, 0x00000000dce00000|100%| E|CS|TAMS 0x00000000dcd00000| PB 0x00000000dcd00000| Complete 
| 462|0x00000000dce00000, 0x00000000dcf00000, 0x00000000dcf00000|100%| E|CS|TAMS 0x00000000dce00000| PB 0x00000000dce00000| Complete 
| 463|0x00000000dcf00000, 0x00000000dd000000, 0x00000000dd000000|100%| E|CS|TAMS 0x00000000dcf00000| PB 0x00000000dcf00000| Complete 
| 464|0x00000000dd000000, 0x00000000dd100000, 0x00000000dd100000|100%| E|CS|TAMS 0x00000000dd000000| PB 0x00000000dd000000| Complete 
| 465|0x00000000dd100000, 0x00000000dd200000, 0x00000000dd200000|100%| E|CS|TAMS 0x00000000dd100000| PB 0x00000000dd100000| Complete 
| 466|0x00000000dd200000, 0x00000000dd300000, 0x00000000dd300000|100%| E|CS|TAMS 0x00000000dd200000| PB 0x00000000dd200000| Complete 
| 467|0x00000000dd300000, 0x00000000dd400000, 0x00000000dd400000|100%| E|CS|TAMS 0x00000000dd300000| PB 0x00000000dd300000| Complete 
| 468|0x00000000dd400000, 0x00000000dd500000, 0x00000000dd500000|100%| E|CS|TAMS 0x00000000dd400000| PB 0x00000000dd400000| Complete 
| 469|0x00000000dd500000, 0x00000000dd600000, 0x00000000dd600000|100%| E|CS|TAMS 0x00000000dd500000| PB 0x00000000dd500000| Complete 
| 470|0x00000000dd600000, 0x00000000dd700000, 0x00000000dd700000|100%| E|CS|TAMS 0x00000000dd600000| PB 0x00000000dd600000| Complete 
| 471|0x00000000dd700000, 0x00000000dd800000, 0x00000000dd800000|100%| E|CS|TAMS 0x00000000dd700000| PB 0x00000000dd700000| Complete 
| 472|0x00000000dd800000, 0x00000000dd900000, 0x00000000dd900000|100%| E|CS|TAMS 0x00000000dd800000| PB 0x00000000dd800000| Complete 
| 473|0x00000000dd900000, 0x00000000dda00000, 0x00000000dda00000|100%| E|CS|TAMS 0x00000000dd900000| PB 0x00000000dd900000| Complete 
| 474|0x00000000dda00000, 0x00000000ddb00000, 0x00000000ddb00000|100%| E|CS|TAMS 0x00000000dda00000| PB 0x00000000dda00000| Complete 
| 475|0x00000000ddb00000, 0x00000000ddc00000, 0x00000000ddc00000|100%| E|CS|TAMS 0x00000000ddb00000| PB 0x00000000ddb00000| Complete 
| 476|0x00000000ddc00000, 0x00000000ddd00000, 0x00000000ddd00000|100%| E|CS|TAMS 0x00000000ddc00000| PB 0x00000000ddc00000| Complete 
| 477|0x00000000ddd00000, 0x00000000dde00000, 0x00000000dde00000|100%| E|CS|TAMS 0x00000000ddd00000| PB 0x00000000ddd00000| Complete 
| 478|0x00000000dde00000, 0x00000000ddf00000, 0x00000000ddf00000|100%| E|CS|TAMS 0x00000000dde00000| PB 0x00000000dde00000| Complete 
| 479|0x00000000ddf00000, 0x00000000de000000, 0x00000000de000000|100%| E|CS|TAMS 0x00000000ddf00000| PB 0x00000000ddf00000| Complete 
| 480|0x00000000de000000, 0x00000000de100000, 0x00000000de100000|100%| E|CS|TAMS 0x00000000de000000| PB 0x00000000de000000| Complete 
| 481|0x00000000de100000, 0x00000000de200000, 0x00000000de200000|100%| E|CS|TAMS 0x00000000de100000| PB 0x00000000de100000| Complete 
| 482|0x00000000de200000, 0x00000000de300000, 0x00000000de300000|100%| E|CS|TAMS 0x00000000de200000| PB 0x00000000de200000| Complete 
| 483|0x00000000de300000, 0x00000000de400000, 0x00000000de400000|100%| E|CS|TAMS 0x00000000de300000| PB 0x00000000de300000| Complete 
| 484|0x00000000de400000, 0x00000000de500000, 0x00000000de500000|100%| E|CS|TAMS 0x00000000de400000| PB 0x00000000de400000| Complete 
| 485|0x00000000de500000, 0x00000000de600000, 0x00000000de600000|100%| E|CS|TAMS 0x00000000de500000| PB 0x00000000de500000| Complete 
| 486|0x00000000de600000, 0x00000000de700000, 0x00000000de700000|100%| E|CS|TAMS 0x00000000de600000| PB 0x00000000de600000| Complete 
| 487|0x00000000de700000, 0x00000000de800000, 0x00000000de800000|100%| E|CS|TAMS 0x00000000de700000| PB 0x00000000de700000| Complete 
| 488|0x00000000de800000, 0x00000000de900000, 0x00000000de900000|100%| E|CS|TAMS 0x00000000de800000| PB 0x00000000de800000| Complete 
| 489|0x00000000de900000, 0x00000000dea00000, 0x00000000dea00000|100%| E|CS|TAMS 0x00000000de900000| PB 0x00000000de900000| Complete 
| 490|0x00000000dea00000, 0x00000000deb00000, 0x00000000deb00000|100%| E|CS|TAMS 0x00000000dea00000| PB 0x00000000dea00000| Complete 
| 491|0x00000000deb00000, 0x00000000dec00000, 0x00000000dec00000|100%| E|CS|TAMS 0x00000000deb00000| PB 0x00000000deb00000| Complete 
| 492|0x00000000dec00000, 0x00000000ded00000, 0x00000000ded00000|100%| E|CS|TAMS 0x00000000dec00000| PB 0x00000000dec00000| Complete 
| 493|0x00000000ded00000, 0x00000000dee00000, 0x00000000dee00000|100%| E|CS|TAMS 0x00000000ded00000| PB 0x00000000ded00000| Complete 
| 494|0x00000000dee00000, 0x00000000def00000, 0x00000000def00000|100%| E|CS|TAMS 0x00000000dee00000| PB 0x00000000dee00000| Complete 
| 495|0x00000000def00000, 0x00000000df000000, 0x00000000df000000|100%| E|CS|TAMS 0x00000000def00000| PB 0x00000000def00000| Complete 
| 496|0x00000000df000000, 0x00000000df100000, 0x00000000df100000|100%| E|CS|TAMS 0x00000000df000000| PB 0x00000000df000000| Complete 
| 497|0x00000000df100000, 0x00000000df200000, 0x00000000df200000|100%| E|CS|TAMS 0x00000000df100000| PB 0x00000000df100000| Complete 
| 498|0x00000000df200000, 0x00000000df300000, 0x00000000df300000|100%| E|CS|TAMS 0x00000000df200000| PB 0x00000000df200000| Complete 
| 499|0x00000000df300000, 0x00000000df400000, 0x00000000df400000|100%| E|CS|TAMS 0x00000000df300000| PB 0x00000000df300000| Complete 
| 500|0x00000000df400000, 0x00000000df500000, 0x00000000df500000|100%| E|CS|TAMS 0x00000000df400000| PB 0x00000000df400000| Complete 
| 501|0x00000000df500000, 0x00000000df600000, 0x00000000df600000|100%| E|CS|TAMS 0x00000000df500000| PB 0x00000000df500000| Complete 
| 502|0x00000000df600000, 0x00000000df700000, 0x00000000df700000|100%| E|CS|TAMS 0x00000000df600000| PB 0x00000000df600000| Complete 
| 503|0x00000000df700000, 0x00000000df800000, 0x00000000df800000|100%| E|CS|TAMS 0x00000000df700000| PB 0x00000000df700000| Complete 
| 504|0x00000000df800000, 0x00000000df900000, 0x00000000df900000|100%| E|CS|TAMS 0x00000000df800000| PB 0x00000000df800000| Complete 
| 505|0x00000000df900000, 0x00000000dfa00000, 0x00000000dfa00000|100%| E|CS|TAMS 0x00000000df900000| PB 0x00000000df900000| Complete 
| 506|0x00000000dfa00000, 0x00000000dfb00000, 0x00000000dfb00000|100%| E|CS|TAMS 0x00000000dfa00000| PB 0x00000000dfa00000| Complete 
| 507|0x00000000dfb00000, 0x00000000dfc00000, 0x00000000dfc00000|100%| E|CS|TAMS 0x00000000dfb00000| PB 0x00000000dfb00000| Complete 
| 508|0x00000000dfc00000, 0x00000000dfd00000, 0x00000000dfd00000|100%| E|CS|TAMS 0x00000000dfc00000| PB 0x00000000dfc00000| Complete 
| 509|0x00000000dfd00000, 0x00000000dfe00000, 0x00000000dfe00000|100%| E|CS|TAMS 0x00000000dfd00000| PB 0x00000000dfd00000| Complete 
| 510|0x00000000dfe00000, 0x00000000dff00000, 0x00000000dff00000|100%| E|CS|TAMS 0x00000000dfe00000| PB 0x00000000dfe00000| Complete 
|1015|0x00000000ff700000, 0x00000000ff800000, 0x00000000ff800000|100%| E|CS|TAMS 0x00000000ff700000| PB 0x00000000ff700000| Complete 
|1016|0x00000000ff800000, 0x00000000ff900000, 0x00000000ff900000|100%| E|CS|TAMS 0x00000000ff800000| PB 0x00000000ff800000| Complete 
|1017|0x00000000ff900000, 0x00000000ffa00000, 0x00000000ffa00000|100%| E|CS|TAMS 0x00000000ff900000| PB 0x00000000ff900000| Complete 
|1018|0x00000000ffa00000, 0x00000000ffb00000, 0x00000000ffb00000|100%| E|CS|TAMS 0x00000000ffa00000| PB 0x00000000ffa00000| Complete 
|1019|0x00000000ffb00000, 0x00000000ffc00000, 0x00000000ffc00000|100%| E|CS|TAMS 0x00000000ffb00000| PB 0x00000000ffb00000| Complete 
|1020|0x00000000ffc00000, 0x00000000ffd00000, 0x00000000ffd00000|100%| E|CS|TAMS 0x00000000ffc00000| PB 0x00000000ffc00000| Complete 
|1021|0x00000000ffd00000, 0x00000000ffe00000, 0x00000000ffe00000|100%| E|CS|TAMS 0x00000000ffd00000| PB 0x00000000ffd00000| Complete 
|1022|0x00000000ffe00000, 0x00000000fff00000, 0x00000000fff00000|100%| O|  |TAMS 0x00000000ffe00000| PB 0x00000000ffe00000| Untracked 
|1023|0x00000000fff00000, 0x0000000100000000, 0x0000000100000000|100%| E|CS|TAMS 0x00000000fff00000| PB 0x00000000fff00000| Complete 

Card table byte_map: [0x00007d51f8e00000,0x00007d51f9000000] _byte_map_base: 0x00007d51f8800000

Marking Bits: (CMBitMap*) 0x00007d51f4055370
 Bits: [0x00007d51db800000, 0x00007d51dc800000)

Polling page: 0x00007d51fb5cc000

Metaspace:

Usage:
  Non-class:     73,22 MB used.
      Class:      8,78 MB used.
       Both:     82,00 MB used.

Virtual space:
  Non-class space:      128,00 MB reserved,      74,25 MB ( 58%) committed,  2 nodes.
      Class space:        1,00 GB reserved,       9,44 MB ( <1%) committed,  1 nodes.
             Both:        1,12 GB reserved,      83,69 MB (  7%) committed. 

Chunk freelists:
   Non-Class:  5,14 MB
       Class:  6,57 MB
        Both:  11,71 MB

MaxMetaspaceSize: unlimited
CompressedClassSpaceSize: 1,00 GB
Initial GC threshold: 21,00 MB
Current GC threshold: 120,44 MB
CDS: on
 - commit_granule_bytes: 65536.
 - commit_granule_words: 8192.
 - virtual_space_node_default_size: 8388608.
 - enlarge_chunks_in_place: 1.
 - use_allocation_guard: 0.


Internal statistics:

num_allocs_failed_limit: 11.
num_arena_births: 1442.
num_arena_deaths: 14.
num_vsnodes_births: 3.
num_vsnodes_deaths: 0.
num_space_committed: 1339.
num_space_uncommitted: 0.
num_chunks_returned_to_freelist: 25.
num_chunks_taken_from_freelist: 5341.
num_chunk_merges: 17.
num_chunk_splits: 3270.
num_chunks_enlarged: 1820.
num_inconsistent_stats: 0.

CodeHeap 'non-profiled nmethods': size=120032Kb used=10452Kb max_used=10452Kb free=109579Kb
 bounds [0x00007d51e42c8000, 0x00007d51e4d08000, 0x00007d51eb800000]
CodeHeap 'profiled nmethods': size=120028Kb used=28843Kb max_used=28843Kb free=91184Kb
 bounds [0x00007d51dc800000, 0x00007d51de430000, 0x00007d51e3d37000]
CodeHeap 'non-nmethods': size=5700Kb used=1802Kb max_used=1856Kb free=3897Kb
 bounds [0x00007d51e3d37000, 0x00007d51e3fa7000, 0x00007d51e42c8000]
CodeCache: size=245760Kb, used=41097Kb, max_used=41151Kb, free=204660Kb
 total_blobs=13280, nmethods=12448, adapters=734, full_count=0
Compilation: enabled, stopped_count=0, restarted_count=0

Compilation events (20 events):
Event: 273,285 Thread 0x00007d51f4118ba0 nmethod 14526 0x00007d51e4cf0b10 code [0x00007d51e4cf0ca0, 0x00007d51e4cf0d68]
Event: 273,459 Thread 0x00007d51f4118ba0 14527       3       java.util.concurrent.ConcurrentHashMap$EntryIterator::<init> (12 bytes)
Event: 273,459 Thread 0x00007d51f4118ba0 nmethod 14527 0x00007d51de41d210 code [0x00007d51de41d3c0, 0x00007d51de41d4f8]
Event: 273,547 Thread 0x00007d51f41174d0 nmethod 14506 0x00007d51e4cf0e10 code [0x00007d51e4cf13a0, 0x00007d51e4cf7528]
Event: 273,548 Thread 0x00007d51f41174d0 14512       4       org.eclipse.jdt.internal.core.JavaProject::filterLimitedModules (179 bytes)
Event: 273,582 Thread 0x00007d51f4118ba0 14529       3       org.eclipse.jdt.core.dom.VariableDeclaration::extraDimensions (16 bytes)
Event: 273,583 Thread 0x00007d51f4118ba0 nmethod 14529 0x00007d51de41d590 code [0x00007d51de41d740, 0x00007d51de41d9e0]
Event: 273,692 Thread 0x00007d51f4118ba0 14531       3       java.util.stream.Nodes$SpinedNodeBuilder::begin (38 bytes)
Event: 273,692 Thread 0x00007d51f4118ba0 nmethod 14531 0x00007d51de41db10 code [0x00007d51de41dcc0, 0x00007d51de41dee0]
Event: 273,693 Thread 0x00007d51f4118ba0 14532       3       java.util.stream.SpinedBuffer::capacity (38 bytes)
Event: 273,694 Thread 0x00007d51f4118ba0 nmethod 14532 0x00007d51de41df90 code [0x00007d51de41e140, 0x00007d51de41e328]
Event: 273,694 Thread 0x00007d51f4118ba0 14533       3       java.util.stream.Nodes$SpinedNodeBuilder::end (29 bytes)
Event: 273,694 Thread 0x00007d51f4118ba0 nmethod 14533 0x00007d51de41e490 code [0x00007d51de41e620, 0x00007d51de41e738]
Event: 273,695 Thread 0x00007d51f4118ba0 14534       3       org.eclipse.jdt.internal.compiler.ast.SingleNameReference::resolveType (411 bytes)
Event: 273,699 Thread 0x00007d51f4118ba0 nmethod 14534 0x00007d51de41e810 code [0x00007d51de41eba0, 0x00007d51de420980]
Event: 273,700 Thread 0x00007d51f4118ba0 14535       3       org.eclipse.jdt.internal.core.PackageFragmentRoot::getRawClasspathEntry (63 bytes)
Event: 273,701 Thread 0x00007d51f4118ba0 nmethod 14535 0x00007d51de421010 code [0x00007d51de421240, 0x00007d51de421bc8]
Event: 273,704 Thread 0x00007d51f4118ba0 14536       3       org.eclipse.jdt.internal.compiler.parser.Parser::resumeOnSyntaxError (167 bytes)
Event: 273,706 Thread 0x00007d51f4118ba0 nmethod 14536 0x00007d51de421e90 code [0x00007d51de422100, 0x00007d51de422d38]
Event: 273,823 Thread 0x00007d51f4118ba0 14537       3       org.eclipse.jdt.ls.core.internal.handlers.ProgressReporterManager$ProgressReporter::sendStatus (507 bytes)

GC Heap History (20 events):
Event: 25,662 GC heap before
{Heap before GC invocations=43 (full 0):
 garbage-first heap   total 401408K, used 349696K [0x00000000c0000000, 0x0000000100000000)
  region size 1024K, 108 young (110592K), 15 survivors (15360K)
 Metaspace       used 59279K, committed 60608K, reserved 1114112K
  class space    used 6274K, committed 6848K, reserved 1048576K
}
Event: 25,699 GC heap after
{Heap after GC invocations=44 (full 0):
 garbage-first heap   total 401408K, used 273470K [0x00000000c0000000, 0x0000000100000000)
  region size 1024K, 14 young (14336K), 14 survivors (14336K)
 Metaspace       used 59279K, committed 60608K, reserved 1114112K
  class space    used 6274K, committed 6848K, reserved 1048576K
}
Event: 26,173 GC heap before
{Heap before GC invocations=44 (full 0):
 garbage-first heap   total 401408K, used 358462K [0x00000000c0000000, 0x0000000100000000)
  region size 1024K, 97 young (99328K), 14 survivors (14336K)
 Metaspace       used 59280K, committed 60608K, reserved 1114112K
  class space    used 6274K, committed 6848K, reserved 1048576K
}
Event: 26,202 GC heap after
{Heap after GC invocations=45 (full 0):
 garbage-first heap   total 401408K, used 293376K [0x00000000c0000000, 0x0000000100000000)
  region size 1024K, 13 young (13312K), 13 survivors (13312K)
 Metaspace       used 59280K, committed 60608K, reserved 1114112K
  class space    used 6274K, committed 6848K, reserved 1048576K
}
Event: 26,542 GC heap before
{Heap before GC invocations=45 (full 0):
 garbage-first heap   total 401408K, used 365056K [0x00000000c0000000, 0x0000000100000000)
  region size 1024K, 83 young (84992K), 13 survivors (13312K)
 Metaspace       used 59280K, committed 60608K, reserved 1114112K
  class space    used 6274K, committed 6848K, reserved 1048576K
}
Event: 26,572 GC heap after
{Heap after GC invocations=46 (full 0):
 garbage-first heap   total 401408K, used 316416K [0x00000000c0000000, 0x0000000100000000)
  region size 1024K, 11 young (11264K), 11 survivors (11264K)
 Metaspace       used 59280K, committed 60608K, reserved 1114112K
  class space    used 6274K, committed 6848K, reserved 1048576K
}
Event: 26,991 GC heap before
{Heap before GC invocations=46 (full 0):
 garbage-first heap   total 524288K, used 364544K [0x00000000c0000000, 0x0000000100000000)
  region size 1024K, 61 young (62464K), 11 survivors (11264K)
 Metaspace       used 59303K, committed 60608K, reserved 1114112K
  class space    used 6275K, committed 6848K, reserved 1048576K
}
Event: 27,031 GC heap after
{Heap after GC invocations=47 (full 0):
 garbage-first heap   total 524288K, used 336384K [0x00000000c0000000, 0x0000000100000000)
  region size 1024K, 8 young (8192K), 8 survivors (8192K)
 Metaspace       used 59303K, committed 60608K, reserved 1114112K
  class space    used 6275K, committed 6848K, reserved 1048576K
}
Event: 41,590 GC heap before
{Heap before GC invocations=48 (full 0):
 garbage-first heap   total 524288K, used 462336K [0x00000000c0000000, 0x0000000100000000)
  region size 1024K, 120 young (122880K), 8 survivors (8192K)
 Metaspace       used 62088K, committed 63424K, reserved 1114112K
  class space    used 6518K, committed 7104K, reserved 1048576K
}
Event: 41,665 GC heap after
{Heap after GC invocations=49 (full 0):
 garbage-first heap   total 524288K, used 383936K [0x00000000c0000000, 0x0000000100000000)
  region size 1024K, 15 young (15360K), 15 survivors (15360K)
 Metaspace       used 62088K, committed 63424K, reserved 1114112K
  class space    used 6518K, committed 7104K, reserved 1048576K
}
Event: 54,703 GC heap before
{Heap before GC invocations=49 (full 0):
 garbage-first heap   total 524288K, used 462784K [0x00000000c0000000, 0x0000000100000000)
  region size 1024K, 93 young (95232K), 15 survivors (15360K)
 Metaspace       used 67840K, committed 69120K, reserved 1114112K
  class space    used 7194K, committed 7744K, reserved 1048576K
}
Event: 54,731 GC heap after
{Heap after GC invocations=50 (full 0):
 garbage-first heap   total 524288K, used 385536K [0x00000000c0000000, 0x0000000100000000)
  region size 1024K, 5 young (5120K), 5 survivors (5120K)
 Metaspace       used 67840K, committed 69120K, reserved 1114112K
  class space    used 7194K, committed 7744K, reserved 1048576K
}
Event: 198,430 GC heap before
{Heap before GC invocations=50 (full 0):
 garbage-first heap   total 524288K, used 468480K [0x00000000c0000000, 0x0000000100000000)
  region size 1024K, 87 young (89088K), 5 survivors (5120K)
 Metaspace       used 72554K, committed 73984K, reserved 1179648K
  class space    used 7775K, committed 8384K, reserved 1048576K
}
Event: 198,438 GC heap after
{Heap after GC invocations=51 (full 0):
 garbage-first heap   total 524288K, used 385852K [0x00000000c0000000, 0x0000000100000000)
  region size 1024K, 6 young (6144K), 6 survivors (6144K)
 Metaspace       used 72554K, committed 73984K, reserved 1179648K
  class space    used 7775K, committed 8384K, reserved 1048576K
}
Event: 207,461 GC heap before
{Heap before GC invocations=52 (full 0):
 garbage-first heap   total 532480K, used 406332K [0x00000000c0000000, 0x0000000100000000)
  region size 1024K, 93 young (95232K), 6 survivors (6144K)
 Metaspace       used 73568K, committed 75072K, reserved 1179648K
  class space    used 7848K, committed 8512K, reserved 1048576K
}
Event: 207,472 GC heap after
{Heap after GC invocations=53 (full 0):
 garbage-first heap   total 532480K, used 318206K [0x00000000c0000000, 0x0000000100000000)
  region size 1024K, 6 young (6144K), 6 survivors (6144K)
 Metaspace       used 73568K, committed 75072K, reserved 1179648K
  class space    used 7848K, committed 8512K, reserved 1048576K
}
Event: 218,305 GC heap before
{Heap before GC invocations=53 (full 0):
 garbage-first heap   total 532480K, used 468734K [0x00000000c0000000, 0x0000000100000000)
  region size 1024K, 154 young (157696K), 6 survivors (6144K)
 Metaspace       used 74391K, committed 75968K, reserved 1179648K
  class space    used 7873K, committed 8576K, reserved 1048576K
}
Event: 218,316 GC heap after
{Heap after GC invocations=54 (full 0):
 garbage-first heap   total 532480K, used 267868K [0x00000000c0000000, 0x0000000100000000)
  region size 1024K, 6 young (6144K), 6 survivors (6144K)
 Metaspace       used 74391K, committed 75968K, reserved 1179648K
  class space    used 7873K, committed 8576K, reserved 1048576K
}
Event: 254,747 GC heap before
{Heap before GC invocations=54 (full 0):
 garbage-first heap   total 532480K, used 490076K [0x00000000c0000000, 0x0000000100000000)
  region size 1024K, 224 young (229376K), 6 survivors (6144K)
 Metaspace       used 83518K, committed 85184K, reserved 1179648K
  class space    used 8979K, committed 9664K, reserved 1048576K
}
Event: 254,765 GC heap after
{Heap after GC invocations=55 (full 0):
 garbage-first heap   total 532480K, used 236034K [0x00000000c0000000, 0x0000000100000000)
  region size 1024K, 11 young (11264K), 11 survivors (11264K)
 Metaspace       used 83518K, committed 85184K, reserved 1179648K
  class space    used 8979K, committed 9664K, reserved 1048576K
}

Dll operation events (11 events):
Event: 0,002 Loaded shared library /usr/lib/jvm/java-21-openjdk-amd64/lib/libjava.so
Event: 0,039 Loaded shared library /usr/lib/jvm/java-21-openjdk-amd64/lib/libjsvml.so
Event: 0,155 Loaded shared library /usr/lib/jvm/java-21-openjdk-amd64/lib/libzip.so
Event: 0,158 Loaded shared library /usr/lib/jvm/java-21-openjdk-amd64/lib/libinstrument.so
Event: 0,168 Loaded shared library /usr/lib/jvm/java-21-openjdk-amd64/lib/libnio.so
Event: 0,174 Loaded shared library /usr/lib/jvm/java-21-openjdk-amd64/lib/libzip.so
Event: 0,215 Loaded shared library /usr/lib/jvm/java-21-openjdk-amd64/lib/libjimage.so
Event: 0,322 Loaded shared library /usr/lib/jvm/java-21-openjdk-amd64/lib/libverify.so
Event: 1,353 Loaded shared library /usr/lib/jvm/java-21-openjdk-amd64/lib/libnet.so
Event: 2,494 Loaded shared library /home/dan/.config/Code/User/globalStorage/redhat.java/1.55.0/config_linux/org.eclipse.equinox.launcher/org.eclipse.equinox.launcher.gtk.linux.x86_64_1.2.1600.v20260613-0559/eclipse_11924.so
Event: 54,431 Loaded shared library /usr/lib/jvm/java-21-openjdk-amd64/lib/libextnet.so

Deoptimization events (20 events):
Event: 265,200 Thread 0x00007d51442935e0 Uncommon trap: trap_request=0xffffffd6 fr.pc=0x00007d51e4ccb0d4 relative=0x0000000000000494
Event: 265,200 Thread 0x00007d51442935e0 Uncommon trap: reason=array_check action=maybe_recompile pc=0x00007d51e4ccb0d4 method=java.util.HashMap.keysToArray([Ljava/lang/Object;)[Ljava/lang/Object; @ 62 c2
Event: 265,200 Thread 0x00007d51442935e0 DEOPT PACKING pc=0x00007d51e4ccb0d4 sp=0x00007d51d83fa2f0
Event: 265,200 Thread 0x00007d51442935e0 DEOPT UNPACKING pc=0x00007d51e3d8af99 sp=0x00007d51d83fa288 mode 2
Event: 265,200 Thread 0x00007d51442935e0 Uncommon trap: trap_request=0xffffffd6 fr.pc=0x00007d51e4ccb0d4 relative=0x0000000000000494
Event: 265,200 Thread 0x00007d51442935e0 Uncommon trap: reason=array_check action=maybe_recompile pc=0x00007d51e4ccb0d4 method=java.util.HashMap.keysToArray([Ljava/lang/Object;)[Ljava/lang/Object; @ 62 c2
Event: 265,200 Thread 0x00007d51442935e0 DEOPT PACKING pc=0x00007d51e4ccb0d4 sp=0x00007d51d83fa2f0
Event: 265,200 Thread 0x00007d51442935e0 DEOPT UNPACKING pc=0x00007d51e3d8af99 sp=0x00007d51d83fa288 mode 2
Event: 265,200 Thread 0x00007d51442935e0 Uncommon trap: trap_request=0xffffffd6 fr.pc=0x00007d51e4ccb0d4 relative=0x0000000000000494
Event: 265,200 Thread 0x00007d51442935e0 Uncommon trap: reason=array_check action=maybe_recompile pc=0x00007d51e4ccb0d4 method=java.util.HashMap.keysToArray([Ljava/lang/Object;)[Ljava/lang/Object; @ 62 c2
Event: 265,200 Thread 0x00007d51442935e0 DEOPT PACKING pc=0x00007d51e4ccb0d4 sp=0x00007d51d83fa2f0
Event: 265,200 Thread 0x00007d51442935e0 DEOPT UNPACKING pc=0x00007d51e3d8af99 sp=0x00007d51d83fa288 mode 2
Event: 265,200 Thread 0x00007d51442935e0 Uncommon trap: trap_request=0xffffffd6 fr.pc=0x00007d51e4ccb0d4 relative=0x0000000000000494
Event: 265,200 Thread 0x00007d51442935e0 Uncommon trap: reason=array_check action=maybe_recompile pc=0x00007d51e4ccb0d4 method=java.util.HashMap.keysToArray([Ljava/lang/Object;)[Ljava/lang/Object; @ 62 c2
Event: 265,200 Thread 0x00007d51442935e0 DEOPT PACKING pc=0x00007d51e4ccb0d4 sp=0x00007d51d83fa2f0
Event: 265,200 Thread 0x00007d51442935e0 DEOPT UNPACKING pc=0x00007d51e3d8af99 sp=0x00007d51d83fa288 mode 2
Event: 267,834 Thread 0x00007d51200256c0 DEOPT PACKING pc=0x00007d51ddbaff12 sp=0x00007d51828fdc20
Event: 267,834 Thread 0x00007d51200256c0 DEOPT UNPACKING pc=0x00007d51e3d8b72f sp=0x00007d51828fd158 mode 0
Event: 273,272 Thread 0x00007d51442935e0 DEOPT PACKING pc=0x00007d51ddbd24ae sp=0x00007d51d83fa630
Event: 273,272 Thread 0x00007d51442935e0 DEOPT UNPACKING pc=0x00007d51e3d8b72f sp=0x00007d51d83f9b40 mode 0

Classes loaded (20 events):
Event: 221,362 Loading class sun/net/www/http/KeepAliveCache$1
Event: 221,362 Loading class sun/net/www/http/KeepAliveCache$1 done
Event: 221,364 Loading class sun/net/www/http/KeepAliveCache$ClientVector
Event: 221,364 Loading class sun/net/www/http/KeepAliveCache$ClientVector done
Event: 221,367 Loading class sun/net/www/http/KeepAliveEntry
Event: 221,367 Loading class sun/net/www/http/KeepAliveEntry done
Event: 221,409 Loading class java/util/function/IntPredicate
Event: 221,409 Loading class java/util/function/IntPredicate done
Event: 221,429 Loading class java/util/regex/Pattern$Bound
Event: 221,429 Loading class java/util/regex/Pattern$Bound done
Event: 231,365 Loading class sun/security/ssl/Alert
Event: 231,365 Loading class sun/security/ssl/Alert done
Event: 231,365 Loading class sun/security/ssl/Alert$AlertConsumer
Event: 231,365 Loading class sun/security/ssl/Alert$AlertConsumer done
Event: 231,365 Loading class sun/security/ssl/Alert$Level
Event: 231,365 Loading class sun/security/ssl/Alert$Level done
Event: 236,153 Loading class java/util/regex/Pattern$Behind
Event: 236,153 Loading class java/util/regex/Pattern$Behind done
Event: 236,154 Loading class java/util/regex/Pattern$Neg
Event: 236,154 Loading class java/util/regex/Pattern$Neg done

Classes unloaded (7 events):
Event: 8,760 Thread 0x00007d51f4105c70 Unloading class 0x00007d51841b2400 'java/lang/invoke/LambdaForm$MH+0x00007d51841b2400'
Event: 8,760 Thread 0x00007d51f4105c70 Unloading class 0x00007d51841b2000 'java/lang/invoke/LambdaForm$MH+0x00007d51841b2000'
Event: 8,760 Thread 0x00007d51f4105c70 Unloading class 0x00007d51841b1c00 'java/lang/invoke/LambdaForm$MH+0x00007d51841b1c00'
Event: 8,760 Thread 0x00007d51f4105c70 Unloading class 0x00007d51841b1800 'java/lang/invoke/LambdaForm$MH+0x00007d51841b1800'
Event: 8,760 Thread 0x00007d51f4105c70 Unloading class 0x00007d51841b1400 'java/lang/invoke/LambdaForm$BMH+0x00007d51841b1400'
Event: 8,760 Thread 0x00007d51f4105c70 Unloading class 0x00007d51841b1000 'java/lang/invoke/LambdaForm$DMH+0x00007d51841b1000'
Event: 8,760 Thread 0x00007d51f4105c70 Unloading class 0x00007d51841b0000 'java/lang/invoke/LambdaForm$DMH+0x00007d51841b0000'

Classes redefined (0 events):
No events

Internal exceptions (20 events):
Event: 273,693 Thread 0x00007d51244b41e0 Implicit null exception at 0x00007d51de3f36a1 to 0x00007d51de3f3c77
Event: 273,693 Thread 0x00007d51244b41e0 Exception <a 'java/lang/NullPointerException'{0x00000000d8508fe0}> (0x00000000d8508fe0) 
thrown [./src/hotspot/share/runtime/sharedRuntime.cpp, line 625]
Event: 273,703 Thread 0x00007d51244b41e0 Implicit null exception at 0x00007d51dde9e8a1 to 0x00007d51dde9ee77
Event: 273,703 Thread 0x00007d51244b41e0 Exception <a 'java/lang/NullPointerException'{0x00000000d85c8038}> (0x00000000d85c8038) 
thrown [./src/hotspot/share/runtime/sharedRuntime.cpp, line 625]
Event: 273,703 Thread 0x00007d51244b41e0 Implicit null exception at 0x00007d51de3f36a1 to 0x00007d51de3f3c77
Event: 273,703 Thread 0x00007d51244b41e0 Exception <a 'java/lang/NullPointerException'{0x00000000d85c8480}> (0x00000000d85c8480) 
thrown [./src/hotspot/share/runtime/sharedRuntime.cpp, line 625]
Event: 273,703 Thread 0x00007d51244b41e0 Implicit null exception at 0x00007d51dde9e8a1 to 0x00007d51dde9ee77
Event: 273,703 Thread 0x00007d51244b41e0 Exception <a 'java/lang/NullPointerException'{0x00000000d85c8978}> (0x00000000d85c8978) 
thrown [./src/hotspot/share/runtime/sharedRuntime.cpp, line 625]
Event: 273,704 Thread 0x00007d51244b41e0 Implicit null exception at 0x00007d51dde9e8a1 to 0x00007d51dde9ee77
Event: 273,704 Thread 0x00007d51244b41e0 Exception <a 'java/lang/NullPointerException'{0x00000000d85d08c0}> (0x00000000d85d08c0) 
thrown [./src/hotspot/share/runtime/sharedRuntime.cpp, line 625]
Event: 273,706 Thread 0x00007d51244b41e0 Implicit null exception at 0x00007d51de3f36a1 to 0x00007d51de3f3c77
Event: 273,706 Thread 0x00007d51244b41e0 Exception <a 'java/lang/NullPointerException'{0x00000000d85d2210}> (0x00000000d85d2210) 
thrown [./src/hotspot/share/runtime/sharedRuntime.cpp, line 625]
Event: 273,706 Thread 0x00007d51244b41e0 Implicit null exception at 0x00007d51de3f36a1 to 0x00007d51de3f3c77
Event: 273,706 Thread 0x00007d51244b41e0 Exception <a 'java/lang/NullPointerException'{0x00000000d85d2658}> (0x00000000d85d2658) 
thrown [./src/hotspot/share/runtime/sharedRuntime.cpp, line 625]
Event: 273,819 Thread 0x00007d5124042d00 Implicit null exception at 0x00007d51dde9e8a1 to 0x00007d51dde9ee77
Event: 273,820 Thread 0x00007d5124042d00 Exception <a 'java/lang/NullPointerException'{0x00000000d830c080}> (0x00000000d830c080) 
thrown [./src/hotspot/share/runtime/sharedRuntime.cpp, line 625]
Event: 273,820 Thread 0x00007d5124042d00 Implicit null exception at 0x00007d51de3f36a1 to 0x00007d51de3f3c77
Event: 273,820 Thread 0x00007d5124042d00 Exception <a 'java/lang/NullPointerException'{0x00000000d830c518}> (0x00000000d830c518) 
thrown [./src/hotspot/share/runtime/sharedRuntime.cpp, line 625]
Event: 273,820 Thread 0x00007d5124042d00 Implicit null exception at 0x00007d51de3f36a1 to 0x00007d51de3f3c77
Event: 273,820 Thread 0x00007d5124042d00 Exception <a 'java/lang/NullPointerException'{0x00000000d830c968}> (0x00000000d830c968) 
thrown [./src/hotspot/share/runtime/sharedRuntime.cpp, line 625]

ZGC Phase Switch (0 events):
No events

VM Operations (20 events):
Event: 262,767 Executing safepoint VM operation: Cleanup
Event: 262,767 Executing safepoint VM operation: Cleanup done
Event: 263,767 Executing safepoint VM operation: Cleanup
Event: 263,770 Executing safepoint VM operation: Cleanup done
Event: 264,770 Executing safepoint VM operation: Cleanup
Event: 264,770 Executing safepoint VM operation: Cleanup done
Event: 265,770 Executing safepoint VM operation: Cleanup
Event: 265,771 Executing safepoint VM operation: Cleanup done
Event: 266,771 Executing safepoint VM operation: Cleanup
Event: 266,771 Executing safepoint VM operation: Cleanup done
Event: 267,771 Executing safepoint VM operation: Cleanup
Event: 267,771 Executing safepoint VM operation: Cleanup done
Event: 268,771 Executing safepoint VM operation: Cleanup
Event: 268,772 Executing safepoint VM operation: Cleanup done
Event: 271,772 Executing safepoint VM operation: Cleanup
Event: 271,772 Executing safepoint VM operation: Cleanup done
Event: 272,772 Executing safepoint VM operation: Cleanup
Event: 272,772 Executing safepoint VM operation: Cleanup done
Event: 273,772 Executing safepoint VM operation: Cleanup
Event: 273,772 Executing safepoint VM operation: Cleanup done

Memory protections (20 events):
Event: 198,890 Protecting memory [0x00007d5182300000,0x00007d5182304000] with protection modes 0
Event: 200,846 Protecting memory [0x00007d5182300000,0x00007d5182304000] with protection modes 0
Event: 201,682 Protecting memory [0x00007d5182300000,0x00007d5182304000] with protection modes 0
Event: 202,833 Protecting memory [0x00007d5182300000,0x00007d5182304000] with protection modes 0
Event: 206,616 Protecting memory [0x00007d5182300000,0x00007d5182304000] with protection modes 0
Event: 207,672 Protecting memory [0x00007d5182200000,0x00007d5182204000] with protection modes 0
Event: 208,087 Protecting memory [0x00007d5182300000,0x00007d5182304000] with protection modes 0
Event: 209,469 Protecting memory [0x00007d5182300000,0x00007d5182304000] with protection modes 0
Event: 210,915 Protecting memory [0x00007d5182300000,0x00007d5182304000] with protection modes 0
Event: 210,931 Protecting memory [0x00007d5182400000,0x00007d5182404000] with protection modes 0
Event: 211,181 Protecting memory [0x00007d5182300000,0x00007d5182304000] with protection modes 0
Event: 217,934 Protecting memory [0x00007d5182300000,0x00007d5182304000] with protection modes 0
Event: 220,370 Protecting memory [0x00007d5182300000,0x00007d5182304000] with protection modes 0
Event: 220,507 Protecting memory [0x00007d5182500000,0x00007d5182504000] with protection modes 0
Event: 221,249 Protecting memory [0x00007d5181400000,0x00007d5181404000] with protection modes 0
Event: 221,364 Protecting memory [0x00007d5181400000,0x00007d5181404000] with protection modes 0
Event: 222,568 Protecting memory [0x00007d5182300000,0x00007d5182304000] with protection modes 0
Event: 223,783 Protecting memory [0x00007d5182300000,0x00007d5182304000] with protection modes 0
Event: 236,153 Protecting memory [0x00007d5182300000,0x00007d5182304000] with protection modes 0
Event: 267,304 Protecting memory [0x00007d5182300000,0x00007d5182304000] with protection modes 0

Nmethod flushes (20 events):
Event: 198,715 Thread 0x00007d51f4105c70 flushing  nmethod 0x00007d51dd6c5410
Event: 198,715 Thread 0x00007d51f4105c70 flushing  nmethod 0x00007d51dd6c6790
Event: 198,715 Thread 0x00007d51f4105c70 flushing  nmethod 0x00007d51dd6e7110
Event: 198,715 Thread 0x00007d51f4105c70 flushing  nmethod 0x00007d51dd6e7790
Event: 198,715 Thread 0x00007d51f4105c70 flushing  nmethod 0x00007d51dd6e8f10
Event: 198,715 Thread 0x00007d51f4105c70 flushing  nmethod 0x00007d51dd6e9e10
Event: 198,715 Thread 0x00007d51f4105c70 flushing  nmethod 0x00007d51dd6ea310
Event: 198,715 Thread 0x00007d51f4105c70 flushing  nmethod 0x00007d51dd700890
Event: 198,715 Thread 0x00007d51f4105c70 flushing  nmethod 0x00007d51dd706d90
Event: 198,715 Thread 0x00007d51f4105c70 flushing  nmethod 0x00007d51dd781b10
Event: 198,715 Thread 0x00007d51f4105c70 flushing  nmethod 0x00007d51dd781e90
Event: 198,715 Thread 0x00007d51f4105c70 flushing  nmethod 0x00007d51dd7cfd90
Event: 198,715 Thread 0x00007d51f4105c70 flushing  nmethod 0x00007d51dd7f0210
Event: 198,715 Thread 0x00007d51f4105c70 flushing  nmethod 0x00007d51dd803a90
Event: 198,715 Thread 0x00007d51f4105c70 flushing  nmethod 0x00007d51dd804e90
Event: 198,715 Thread 0x00007d51f4105c70 flushing  nmethod 0x00007d51dd806910
Event: 198,715 Thread 0x00007d51f4105c70 flushing  nmethod 0x00007d51dd80d910
Event: 198,715 Thread 0x00007d51f4105c70 flushing  nmethod 0x00007d51dd80f790
Event: 198,715 Thread 0x00007d51f4105c70 flushing osr nmethod 0x00007d51dd823590
Event: 198,715 Thread 0x00007d51f4105c70 flushing  nmethod 0x00007d51dd838e90

Events (20 events):
Event: 210,931 Thread 0x00007d511800b1d0 Thread added: 0x00007d51240581d0
Event: 211,143 Thread 0x00007d515c04e780 Thread exited: 0x00007d515c04e780
Event: 211,181 Thread 0x00007d51f4118ba0 Thread added: 0x00007d515c04e780
Event: 211,459 Thread 0x00007d515c04e780 Thread exited: 0x00007d515c04e780
Event: 217,934 Thread 0x00007d51f4118ba0 Thread added: 0x00007d515c6ade10
Event: 218,316 Thread 0x00007d515c6ade10 Thread exited: 0x00007d515c6ade10
Event: 220,370 Thread 0x00007d51f4118ba0 Thread added: 0x00007d515c6108d0
Event: 220,506 Thread 0x00007d51f47ed6a0 Thread added: 0x00007d51442eede0
Event: 221,248 Thread 0x00007d51442eede0 Thread added: 0x00007d5118171be0
Event: 221,249 Thread 0x00007d5118171be0 Thread exited: 0x00007d5118171be0
Event: 221,363 Thread 0x00007d51442eede0 Thread added: 0x00007d5118041810
Event: 222,499 Thread 0x00007d515c6108d0 Thread exited: 0x00007d515c6108d0
Event: 222,568 Thread 0x00007d51f4118ba0 Thread added: 0x00007d515c503030
Event: 223,335 Thread 0x00007d515c503030 Thread exited: 0x00007d515c503030
Event: 223,783 Thread 0x00007d51f41174d0 Thread added: 0x00007d5158977a20
Event: 225,076 Thread 0x00007d5158977a20 Thread exited: 0x00007d5158977a20
Event: 236,153 Thread 0x00007d51f4118ba0 Thread added: 0x00007d515c777850
Event: 236,367 Thread 0x00007d5118041810 Thread exited: 0x00007d5118041810
Event: 238,689 Thread 0x00007d515c777850 Thread exited: 0x00007d515c777850
Event: 267,304 Thread 0x00007d511800b1d0 Thread added: 0x00007d51244b41e0


Dynamic libraries:
c0000000-dff00000 rw-p 00000000 00:00 0 
dff00000-ff700000 ---p 00000000 00:00 0 
ff700000-ffe00000 rw-p 00000000 00:00 0 
ffe00000-fff0d000 rw-p 00cdb000 08:03 21778994                           /usr/lib/jvm/java-21-openjdk-amd64/lib/server/classes.jsa
fff0d000-100000000 rw-p 00000000 00:00 0 
626109fc2000-626109fc3000 r--p 00000000 08:03 21778769                   /usr/lib/jvm/java-21-openjdk-amd64/bin/java
626109fc3000-626109fc4000 r-xp 00001000 08:03 21778769                   /usr/lib/jvm/java-21-openjdk-amd64/bin/java
626109fc4000-626109fc5000 r--p 00002000 08:03 21778769                   /usr/lib/jvm/java-21-openjdk-amd64/bin/java
626109fc5000-626109fc6000 r--p 00002000 08:03 21778769                   /usr/lib/jvm/java-21-openjdk-amd64/bin/java
626109fc6000-626109fc7000 rw-p 00003000 08:03 21778769                   /usr/lib/jvm/java-21-openjdk-amd64/bin/java
626133837000-626133b49000 rw-p 00000000 00:00 0                          [heap]
7d510b000000-7d510b2c0000 rw-p 00000000 00:00 0 
7d510b2c0000-7d510b300000 rw-p 00000000 00:00 0 
7d510b300000-7d510b500000 rw-p 00000000 00:00 0 
7d510b500000-7d510b580000 rw-p 00000000 00:00 0 
7d510b580000-7d510b660000 rw-p 00000000 00:00 0 
7d510b660000-7d510b700000 ---p 00000000 00:00 0 
7d510b700000-7d510bae0000 rw-p 00000000 00:00 0 
7d510bae0000-7d510f000000 ---p 00000000 00:00 0 
7d510f800000-7d5117e51000 r--s 00000000 08:03 21778993                   /usr/lib/jvm/java-21-openjdk-amd64/lib/modules
7d5118000000-7d51183bb000 rw-p 00000000 00:00 0 
7d51183bb000-7d511c000000 ---p 00000000 00:00 0 
7d511c000000-7d511d4f6000 rw-p 00000000 00:00 0 
7d511d4f6000-7d5120000000 ---p 00000000 00:00 0 
7d5120000000-7d5120a97000 rw-p 00000000 00:00 0 
7d5120a97000-7d5124000000 ---p 00000000 00:00 0 
7d5124000000-7d5124a2a000 rw-p 00000000 00:00 0 
7d5124a2a000-7d5128000000 ---p 00000000 00:00 0 
7d5128000000-7d5129432000 rw-p 00000000 00:00 0 
7d5129432000-7d512c000000 ---p 00000000 00:00 0 
7d512c000000-7d512d07a000 rw-p 00000000 00:00 0 
7d512d07a000-7d5130000000 ---p 00000000 00:00 0 
7d5130000000-7d5130021000 rw-p 00000000 00:00 0 
7d5130021000-7d5134000000 ---p 00000000 00:00 0 
7d5134000000-7d513513d000 rw-p 00000000 00:00 0 
7d513513d000-7d5138000000 ---p 00000000 00:00 0 
7d5138000000-7d5138021000 rw-p 00000000 00:00 0 
7d5138021000-7d513c000000 ---p 00000000 00:00 0 
7d513c000000-7d513c021000 rw-p 00000000 00:00 0 
7d513c021000-7d5140000000 ---p 00000000 00:00 0 
7d5140000000-7d5140038000 rw-p 00000000 00:00 0 
7d5140038000-7d5144000000 ---p 00000000 00:00 0 
7d5144000000-7d51443a0000 rw-p 00000000 00:00 0 
7d51443a0000-7d5148000000 ---p 00000000 00:00 0 
7d5148000000-7d5148352000 rw-p 00000000 00:00 0 
7d5148352000-7d514c000000 ---p 00000000 00:00 0 
7d514c000000-7d514c113000 rw-p 00000000 00:00 0 
7d514c113000-7d5150000000 ---p 00000000 00:00 0 
7d5150000000-7d5150d14000 rw-p 00000000 00:00 0 
7d5150d14000-7d5154000000 ---p 00000000 00:00 0 
7d5154000000-7d515634f000 rw-p 00000000 00:00 0 
7d515634f000-7d5158000000 ---p 00000000 00:00 0 
7d5158000000-7d515a537000 rw-p 00000000 00:00 0 
7d515a537000-7d515c000000 ---p 00000000 00:00 0 
7d515c000000-7d515ca78000 rw-p 00000000 00:00 0 
7d515ca78000-7d5160000000 ---p 00000000 00:00 0 
7d5160000000-7d5160032000 rw-p 00000000 00:00 0 
7d5160032000-7d5164000000 ---p 00000000 00:00 0 
7d5164000000-7d5164021000 rw-p 00000000 00:00 0 
7d5164021000-7d5168000000 ---p 00000000 00:00 0 
7d5168000000-7d516810d000 rw-p 00000000 00:00 0 
7d516810d000-7d516c000000 ---p 00000000 00:00 0 
7d516c000000-7d516c955000 rw-p 00000000 00:00 0 
7d516c955000-7d5170000000 ---p 00000000 00:00 0 
7d5170000000-7d51701c9000 rw-p 00000000 00:00 0 
7d51701c9000-7d5174000000 ---p 00000000 00:00 0 
7d5174000000-7d51741a1000 rw-p 00000000 00:00 0 
7d51741a1000-7d5178000000 ---p 00000000 00:00 0 
7d5178000000-7d5178400000 rw-p 00000000 00:00 0 
7d5178400000-7d5178800000 rw-p 00000000 00:00 0 
7d5178800000-7d5178b00000 rw-p 00000000 00:00 0 
7d5178b00000-7d5178f00000 rw-p 00000000 00:00 0 
7d5178f00000-7d5179900000 rw-p 00000000 00:00 0 
7d5179900000-7d5179a00000 rw-p 00000000 00:00 0 
7d5179a00000-7d5179c00000 rw-p 00000000 00:00 0 
7d5179c00000-7d517a000000 rw-p 00000000 00:00 0 
7d517a000000-7d517ad00000 rw-p 00000000 00:00 0 
7d517ad00000-7d517ae00000 rw-p 00000000 00:00 0 
7d517ae00000-7d517bb00000 rw-p 00000000 00:00 0 
7d517bb00000-7d517bc00000 rw-p 00000000 00:00 0 
7d517bc00000-7d517c000000 rw-p 00000000 00:00 0 
7d517c000000-7d517d648000 rw-p 00000000 00:00 0 
7d517d648000-7d5180000000 ---p 00000000 00:00 0 
7d5180c1c000-7d5180f00000 rw-p 00000000 00:00 0 
7d5180f00000-7d5180f04000 ---p 00000000 00:00 0 
7d5180f04000-7d5181000000 rw-p 00000000 00:00 0 
7d5181000000-7d5181004000 ---p 00000000 00:00 0 
7d5181004000-7d5181100000 rw-p 00000000 00:00 0 
7d5181100000-7d5181104000 ---p 00000000 00:00 0 
7d5181104000-7d5181200000 rw-p 00000000 00:00 0 
7d5181200000-7d5181204000 ---p 00000000 00:00 0 
7d5181204000-7d5181300000 rw-p 00000000 00:00 0 
7d5181300000-7d5181304000 ---p 00000000 00:00 0 
7d5181304000-7d5181400000 rw-p 00000000 00:00 0 
7d5181400000-7d5181404000 ---p 00000000 00:00 0 
7d5181404000-7d5181500000 rw-p 00000000 00:00 0 
7d5181500000-7d5181504000 ---p 00000000 00:00 0 
7d5181504000-7d5181600000 rw-p 00000000 00:00 0 
7d5181600000-7d5181604000 ---p 00000000 00:00 0 
7d5181604000-7d5181700000 rw-p 00000000 00:00 0 
7d5181700000-7d5181704000 ---p 00000000 00:00 0 
7d5181704000-7d5181800000 rw-p 00000000 00:00 0 
7d5181800000-7d5181804000 ---p 00000000 00:00 0 
7d5181804000-7d5181900000 rw-p 00000000 00:00 0 
7d5181900000-7d5181904000 ---p 00000000 00:00 0 
7d5181904000-7d5181a00000 rw-p 00000000 00:00 0 
7d5181a00000-7d5181a04000 ---p 00000000 00:00 0 
7d5181a04000-7d5181b00000 rw-p 00000000 00:00 0 
7d5181b00000-7d5181b04000 ---p 00000000 00:00 0 
7d5181b04000-7d5181c00000 rw-p 00000000 00:00 0 
7d5181c00000-7d5181c04000 ---p 00000000 00:00 0 
7d5181c04000-7d5181d00000 rw-p 00000000 00:00 0 
7d5181d00000-7d5181d04000 ---p 00000000 00:00 0 
7d5181d04000-7d5181e00000 rw-p 00000000 00:00 0 
7d5181e00000-7d5181e04000 ---p 00000000 00:00 0 
7d5181e04000-7d5181f00000 rw-p 00000000 00:00 0 
7d5181f00000-7d5181f04000 ---p 00000000 00:00 0 
7d5181f04000-7d5182000000 rw-p 00000000 00:00 0 
7d5182000000-7d5182004000 ---p 00000000 00:00 0 
7d5182004000-7d5182100000 rw-p 00000000 00:00 0 
7d5182100000-7d5182104000 ---p 00000000 00:00 0 
7d5182104000-7d5182200000 rw-p 00000000 00:00 0 
7d5182200000-7d5182204000 ---p 00000000 00:00 0 
7d5182204000-7d5182300000 rw-p 00000000 00:00 0 
7d5182300000-7d5182304000 ---p 00000000 00:00 0 
7d5182304000-7d5182400000 rw-p 00000000 00:00 0 
7d5182400000-7d5182404000 ---p 00000000 00:00 0 
7d5182404000-7d5182500000 rw-p 00000000 00:00 0 
7d5182500000-7d5182504000 ---p 00000000 00:00 0 
7d5182504000-7d5182600000 rw-p 00000000 00:00 0 
7d5182600000-7d5182604000 ---p 00000000 00:00 0 
7d5182604000-7d5182700000 rw-p 00000000 00:00 0 
7d5182700000-7d5182704000 ---p 00000000 00:00 0 
7d5182704000-7d5182800000 rw-p 00000000 00:00 0 
7d5182800000-7d5182804000 ---p 00000000 00:00 0 
7d5182804000-7d5182900000 rw-p 00000000 00:00 0 
7d5182900000-7d5182904000 ---p 00000000 00:00 0 
7d5182904000-7d5182a00000 rw-p 00000000 00:00 0 
7d5182a00000-7d5182a04000 ---p 00000000 00:00 0 
7d5182a04000-7d5182b00000 rw-p 00000000 00:00 0 
7d5182b00000-7d5182b04000 ---p 00000000 00:00 0 
7d5182b04000-7d5182c00000 rw-p 00000000 00:00 0 
7d5182c00000-7d5182c04000 ---p 00000000 00:00 0 
7d5182c04000-7d5182d00000 rw-p 00000000 00:00 0 
7d5182d00000-7d5182d04000 ---p 00000000 00:00 0 
7d5182d04000-7d5182e00000 rw-p 00000000 00:00 0 
7d5182e00000-7d5182e04000 ---p 00000000 00:00 0 
7d5182e04000-7d5182f00000 rw-p 00000000 00:00 0 
7d5182f00000-7d5182f04000 ---p 00000000 00:00 0 
7d5182f04000-7d5183000000 rw-p 00000000 00:00 0 
7d5183000000-7d5183c9c000 rw-p 00001000 08:03 21778994                   /usr/lib/jvm/java-21-openjdk-amd64/lib/server/classes.jsa
7d5183c9c000-7d5184000000 ---p 00000000 00:00 0 
7d5184000000-7d5184040000 rw-p 00000000 00:00 0 
7d5184040000-7d51840c0000 rw-p 00000000 00:00 0 
7d51840c0000-7d5184100000 rw-p 00000000 00:00 0 
7d5184100000-7d51841e0000 rw-p 00000000 00:00 0 
7d51841e0000-7d5184200000 rw-p 00000000 00:00 0 
7d5184200000-7d5184340000 rw-p 00000000 00:00 0 
7d5184340000-7d5184380000 rw-p 00000000 00:00 0 
7d5184380000-7d51847c0000 rw-p 00000000 00:00 0 
7d51847c0000-7d5184800000 rw-p 00000000 00:00 0 
7d5184800000-7d51848c0000 rw-p 00000000 00:00 0 
7d51848c0000-7d5184970000 rw-p 00000000 00:00 0 
7d5184970000-7d51c4000000 ---p 00000000 00:00 0 
7d51c4000000-7d51c4968000 rw-p 00000000 00:00 0 
7d51c4968000-7d51c8000000 ---p 00000000 00:00 0 
7d51c8000000-7d51c80bb000 rw-p 00000000 00:00 0 
7d51c80bb000-7d51cc000000 ---p 00000000 00:00 0 
7d51cc000000-7d51cc324000 rw-p 00000000 00:00 0 
7d51cc324000-7d51d0000000 ---p 00000000 00:00 0 
7d51d0000000-7d51d0e6e000 rw-p 00000000 00:00 0 
7d51d0e6e000-7d51d4000000 ---p 00000000 00:00 0 
7d51d4000000-7d51d4206000 rw-p 00000000 00:00 0 
7d51d4206000-7d51d8000000 ---p 00000000 00:00 0 
7d51d80fd000-7d51d8101000 ---p 00000000 00:00 0 
7d51d8101000-7d51d81fd000 rw-p 00000000 00:00 0 
7d51d81fd000-7d51d8201000 ---p 00000000 00:00 0 
7d51d8201000-7d51d82fd000 rw-p 00000000 00:00 0 
7d51d82fd000-7d51d8301000 ---p 00000000 00:00 0 
7d51d8301000-7d51d83fd000 rw-p 00000000 00:00 0 
7d51d83fd000-7d51d8401000 ---p 00000000 00:00 0 
7d51d8401000-7d51d84fd000 rw-p 00000000 00:00 0 
7d51d84fd000-7d51d8501000 ---p 00000000 00:00 0 
7d51d8501000-7d51d85fd000 rw-p 00000000 00:00 0 
7d51d85fd000-7d51d85fe000 ---p 00000000 00:00 0 
7d51d85fe000-7d51d86fe000 rw-p 00000000 00:00 0 
7d51d86fe000-7d51d86ff000 ---p 00000000 00:00 0 
7d51d86ff000-7d51d87ff000 rw-p 00000000 00:00 0 
7d51d87ff000-7d51d8800000 ---p 00000000 00:00 0 
7d51d8800000-7d51d8900000 rw-p 00000000 00:00 0 
7d51d8900000-7d51d8904000 ---p 00000000 00:00 0 
7d51d8904000-7d51d8a00000 rw-p 00000000 00:00 0 
7d51d8a00000-7d51d8a04000 ---p 00000000 00:00 0 
7d51d8a04000-7d51d8b00000 rw-p 00000000 00:00 0 
7d51d8b00000-7d51d8b04000 ---p 00000000 00:00 0 
7d51d8b04000-7d51d8c00000 rw-p 00000000 00:00 0 
7d51d8c00000-7d51d8c04000 ---p 00000000 00:00 0 
7d51d8c04000-7d51d8d00000 rw-p 00000000 00:00 0 
7d51d8d00000-7d51d8d04000 ---p 00000000 00:00 0 
7d51d8d04000-7d51d8e00000 rw-p 00000000 00:00 0 
7d51d8e00000-7d51d8e04000 ---p 00000000 00:00 0 
7d51d8e04000-7d51d8f00000 rw-p 00000000 00:00 0 
7d51d8f00000-7d51d8f04000 ---p 00000000 00:00 0 
7d51d8f04000-7d51d9000000 rw-p 00000000 00:00 0 
7d51d9000000-7d51d97f0000 r--p 00000000 08:03 19530507                   /usr/lib/locale/locale-archive
7d51d9800000-7d51dbffc000 rw-p 00000000 00:00 0 
7d51dbffc000-7d51dc7dc000 ---p 00000000 00:00 0 
7d51dc7dc000-7d51dc800000 rw-p 00000000 00:00 0 
7d51dc800000-7d51de430000 rwxp 00000000 00:00 0 
7d51de430000-7d51e3d37000 ---p 00000000 00:00 0 
7d51e3d37000-7d51e3fa7000 rwxp 00000000 00:00 0 
7d51e3fa7000-7d51e42c8000 ---p 00000000 00:00 0 
7d51e42c8000-7d51e4d08000 rwxp 00000000 00:00 0 
7d51e4d08000-7d51eb800000 ---p 00000000 00:00 0 
7d51eb800000-7d51f3e51000 r--s 00000000 08:03 21778993                   /usr/lib/jvm/java-21-openjdk-amd64/lib/modules
7d51f3e8d000-7d51f3e8e000 r--p 00000000 08:03 19544728                   /usr/lib/x86_64-linux-gnu/libnss_mdns4_minimal.so.2
7d51f3e8e000-7d51f3e90000 r-xp 00001000 08:03 19544728                   /usr/lib/x86_64-linux-gnu/libnss_mdns4_minimal.so.2
7d51f3e90000-7d51f3e91000 r--p 00003000 08:03 19544728                   /usr/lib/x86_64-linux-gnu/libnss_mdns4_minimal.so.2
7d51f3e91000-7d51f3e92000 r--p 00003000 08:03 19544728                   /usr/lib/x86_64-linux-gnu/libnss_mdns4_minimal.so.2
7d51f3e92000-7d51f3e93000 rw-p 00004000 08:03 19544728                   /usr/lib/x86_64-linux-gnu/libnss_mdns4_minimal.so.2
7d51f3ea6000-7d51f3eaa000 ---p 00000000 00:00 0 
7d51f3eaa000-7d51f3ec8000 rw-p 00000000 00:00 0 
7d51f3ec8000-7d51f3ecc000 r--p 00000000 08:03 17046020                   /home/dan/.config/Code/User/globalStorage/redhat.java/1.55.0/config_linux/org.eclipse.equinox.launcher/org.eclipse.equinox.launcher.gtk.linux.x86_64_1.2.1600.v20260613-0559/eclipse_11924.so
7d51f3ecc000-7d51f3ed6000 r-xp 00004000 08:03 17046020                   /home/dan/.config/Code/User/globalStorage/redhat.java/1.55.0/config_linux/org.eclipse.equinox.launcher/org.eclipse.equinox.launcher.gtk.linux.x86_64_1.2.1600.v20260613-0559/eclipse_11924.so
7d51f3ed6000-7d51f3ed9000 r--p 0000e000 08:03 17046020                   /home/dan/.config/Code/User/globalStorage/redhat.java/1.55.0/config_linux/org.eclipse.equinox.launcher/org.eclipse.equinox.launcher.gtk.linux.x86_64_1.2.1600.v20260613-0559/eclipse_11924.so
7d51f3ed9000-7d51f3eda000 r--p 00010000 08:03 17046020                   /home/dan/.config/Code/User/globalStorage/redhat.java/1.55.0/config_linux/org.eclipse.equinox.launcher/org.eclipse.equinox.launcher.gtk.linux.x86_64_1.2.1600.v20260613-0559/eclipse_11924.so
7d51f3eda000-7d51f3edb000 rw-p 00011000 08:03 17046020                   /home/dan/.config/Code/User/globalStorage/redhat.java/1.55.0/config_linux/org.eclipse.equinox.launcher/org.eclipse.equinox.launcher.gtk.linux.x86_64_1.2.1600.v20260613-0559/eclipse_11924.so
7d51f3edb000-7d51f3edc000 rw-p 00000000 00:00 0 
7d51f3edc000-7d51f3f00000 r--p 00000000 08:03 20982075                   /usr/share/locale-langpack/pt_BR/LC_MESSAGES/libc.mo
7d51f3f00000-7d51f3f04000 ---p 00000000 00:00 0 
7d51f3f04000-7d51f4000000 rw-p 00000000 00:00 0 
7d51f4000000-7d51f4873000 rw-p 00000000 00:00 0 
7d51f4873000-7d51f8000000 ---p 00000000 00:00 0 
7d51f8003000-7d51f8004000 r--p 00000000 08:03 21778963                   /usr/lib/jvm/java-21-openjdk-amd64/lib/libextnet.so
7d51f8004000-7d51f8005000 r-xp 00001000 08:03 21778963                   /usr/lib/jvm/java-21-openjdk-amd64/lib/libextnet.so
7d51f8005000-7d51f8006000 r--p 00002000 08:03 21778963                   /usr/lib/jvm/java-21-openjdk-amd64/lib/libextnet.so
7d51f8006000-7d51f8007000 r--p 00002000 08:03 21778963                   /usr/lib/jvm/java-21-openjdk-amd64/lib/libextnet.so
7d51f8007000-7d51f8008000 rw-p 00003000 08:03 21778963                   /usr/lib/jvm/java-21-openjdk-amd64/lib/libextnet.so
7d51f8008000-7d51f8009000 r--p 00000000 08:03 19530192                   /usr/lib/x86_64-linux-gnu/libdl.so.2
7d51f8009000-7d51f800a000 r-xp 00001000 08:03 19530192                   /usr/lib/x86_64-linux-gnu/libdl.so.2
7d51f800a000-7d51f800b000 r--p 00002000 08:03 19530192                   /usr/lib/x86_64-linux-gnu/libdl.so.2
7d51f800b000-7d51f800c000 r--p 00002000 08:03 19530192                   /usr/lib/x86_64-linux-gnu/libdl.so.2
7d51f800c000-7d51f800d000 rw-p 00003000 08:03 19530192                   /usr/lib/x86_64-linux-gnu/libdl.so.2
7d51f800d000-7d51f8014000 r--s 00000000 08:03 19679675                   /usr/lib/x86_64-linux-gnu/gconv/gconv-modules.cache
7d51f8014000-7d51f8018000 r--p 00000000 08:03 21778991                   /usr/lib/jvm/java-21-openjdk-amd64/lib/libverify.so
7d51f8018000-7d51f801f000 r-xp 00004000 08:03 21778991                   /usr/lib/jvm/java-21-openjdk-amd64/lib/libverify.so
7d51f801f000-7d51f8021000 r--p 0000b000 08:03 21778991                   /usr/lib/jvm/java-21-openjdk-amd64/lib/libverify.so
7d51f8021000-7d51f8023000 r--p 0000c000 08:03 21778991                   /usr/lib/jvm/java-21-openjdk-amd64/lib/libverify.so
7d51f8023000-7d51f8024000 rw-p 0000e000 08:03 21778991                   /usr/lib/jvm/java-21-openjdk-amd64/lib/libverify.so
7d51f8024000-7d51f8029000 r--p 00000000 08:03 21778977                   /usr/lib/jvm/java-21-openjdk-amd64/lib/libjsvml.so
7d51f8029000-7d51f806a000 r-xp 00005000 08:03 21778977                   /usr/lib/jvm/java-21-openjdk-amd64/lib/libjsvml.so
7d51f806a000-7d51f80f3000 r--p 00046000 08:03 21778977                   /usr/lib/jvm/java-21-openjdk-amd64/lib/libjsvml.so
7d51f80f3000-7d51f80f4000 r--p 000ce000 08:03 21778977                   /usr/lib/jvm/java-21-openjdk-amd64/lib/libjsvml.so
7d51f80f4000-7d51f80f5000 rw-p 000cf000 08:03 21778977                   /usr/lib/jvm/java-21-openjdk-amd64/lib/libjsvml.so
7d51f80f5000-7d51f80f9000 ---p 00000000 00:00 0 
7d51f80f9000-7d51f81f5000 rw-p 00000000 00:00 0 
7d51f81f5000-7d51f81f9000 ---p 00000000 00:00 0 
7d51f81f9000-7d51f82f5000 rw-p 00000000 00:00 0 
7d51f82f5000-7d51f82f6000 ---p 00000000 00:00 0 
7d51f82f6000-7d51f83f6000 rw-p 00000000 00:00 0 
7d51f83f6000-7d51f83f7000 ---p 00000000 00:00 0 
7d51f83f7000-7d51f84f7000 rw-p 00000000 00:00 0 
7d51f84f7000-7d51f84f8000 ---p 00000000 00:00 0 
7d51f84f8000-7d51f85f8000 rw-p 00000000 00:00 0 
7d51f85f8000-7d51f85f9000 ---p 00000000 00:00 0 
7d51f85f9000-7d51f86f9000 rw-p 00000000 00:00 0 
7d51f86f9000-7d51f8afd000 rw-p 00000000 00:00 0 
7d51f8afd000-7d51f8afe000 ---p 00000000 00:00 0 
7d51f8afe000-7d51f8bfe000 rw-p 00000000 00:00 0 
7d51f8bfe000-7d51f8bff000 ---p 00000000 00:00 0 
7d51f8bff000-7d51f8cff000 rw-p 00000000 00:00 0 
7d51f8cff000-7d51f8d00000 ---p 00000000 00:00 0 
7d51f8d00000-7d51f8e00000 rw-p 00000000 00:00 0 
7d51f8e00000-7d51f8f00000 rw-p 00000000 00:00 0 
7d51f8f00000-7d51f8ffb000 ---p 00000000 00:00 0 
7d51f8ffb000-7d51f9100000 rw-p 00000000 00:00 0 
7d51f9100000-7d51f91fb000 ---p 00000000 00:00 0 
7d51f91fb000-7d51f9200000 rw-p 00000000 00:00 0 
7d51f9201000-7d51f9204000 r--p 00000000 08:03 21778984                   /usr/lib/jvm/java-21-openjdk-amd64/lib/libnet.so
7d51f9204000-7d51f920c000 r-xp 00003000 08:03 21778984                   /usr/lib/jvm/java-21-openjdk-amd64/lib/libnet.so
7d51f920c000-7d51f920e000 r--p 0000b000 08:03 21778984                   /usr/lib/jvm/java-21-openjdk-amd64/lib/libnet.so
7d51f920e000-7d51f920f000 r--p 0000c000 08:03 21778984                   /usr/lib/jvm/java-21-openjdk-amd64/lib/libnet.so
7d51f920f000-7d51f9210000 rw-p 0000d000 08:03 21778984                   /usr/lib/jvm/java-21-openjdk-amd64/lib/libnet.so
7d51f9210000-7d51f9217000 r--p 00000000 08:03 21778985                   /usr/lib/jvm/java-21-openjdk-amd64/lib/libnio.so
7d51f9217000-7d51f9220000 r-xp 00007000 08:03 21778985                   /usr/lib/jvm/java-21-openjdk-amd64/lib/libnio.so
7d51f9220000-7d51f9224000 r--p 00010000 08:03 21778985                   /usr/lib/jvm/java-21-openjdk-amd64/lib/libnio.so
7d51f9224000-7d51f9225000 r--p 00014000 08:03 21778985                   /usr/lib/jvm/java-21-openjdk-amd64/lib/libnio.so
7d51f9225000-7d51f9226000 rw-p 00015000 08:03 21778985                   /usr/lib/jvm/java-21-openjdk-amd64/lib/libnio.so
7d51f9226000-7d51f963f000 rw-p 00000000 00:00 0 
7d51f963f000-7d51f9715000 ---p 00000000 00:00 0 
7d51f9715000-7d51f974e000 rw-p 00000000 00:00 0 
7d51f974e000-7d51f9800000 ---p 00000000 00:00 0 
7d51f9800000-7d51f989d000 r--p 00000000 08:03 19532135                   /usr/lib/x86_64-linux-gnu/libstdc++.so.6.0.33
7d51f989d000-7d51f99e5000 r-xp 0009d000 08:03 19532135                   /usr/lib/x86_64-linux-gnu/libstdc++.so.6.0.33
7d51f99e5000-7d51f9a6c000 r--p 001e5000 08:03 19532135                   /usr/lib/x86_64-linux-gnu/libstdc++.so.6.0.33
7d51f9a6c000-7d51f9a77000 r--p 0026b000 08:03 19532135                   /usr/lib/x86_64-linux-gnu/libstdc++.so.6.0.33
7d51f9a77000-7d51f9a7a000 rw-p 00276000 08:03 19532135                   /usr/lib/x86_64-linux-gnu/libstdc++.so.6.0.33
7d51f9a7a000-7d51f9a7e000 rw-p 00000000 00:00 0 
7d51f9a7f000-7d51f9b00000 rw-p 00000000 00:00 0 
7d51f9b00000-7d51f9b04000 ---p 00000000 00:00 0 
7d51f9b04000-7d51f9c00000 rw-p 00000000 00:00 0 
7d51f9c00000-7d51f9ea2000 r--p 00000000 08:03 21778997                   /usr/lib/jvm/java-21-openjdk-amd64/lib/server/libjvm.so
7d51f9ea2000-7d51fad19000 r-xp 002a2000 08:03 21778997                   /usr/lib/jvm/java-21-openjdk-amd64/lib/server/libjvm.so
7d51fad19000-7d51faff4000 r--p 01119000 08:03 21778997                   /usr/lib/jvm/java-21-openjdk-amd64/lib/server/libjvm.so
7d51faff4000-7d51fb0c8000 r--p 013f3000 08:03 21778997                   /usr/lib/jvm/java-21-openjdk-amd64/lib/server/libjvm.so
7d51fb0c8000-7d51fb0f8000 rw-p 014c7000 08:03 21778997                   /usr/lib/jvm/java-21-openjdk-amd64/lib/server/libjvm.so
7d51fb0f8000-7d51fb15e000 rw-p 00000000 00:00 0 
7d51fb15f000-7d51fb160000 r--p 00000000 08:03 19530555                   /usr/lib/x86_64-linux-gnu/libpthread.so.0
7d51fb160000-7d51fb161000 r-xp 00001000 08:03 19530555                   /usr/lib/x86_64-linux-gnu/libpthread.so.0
7d51fb161000-7d51fb162000 r--p 00002000 08:03 19530555                   /usr/lib/x86_64-linux-gnu/libpthread.so.0
7d51fb162000-7d51fb163000 r--p 00002000 08:03 19530555                   /usr/lib/x86_64-linux-gnu/libpthread.so.0
7d51fb163000-7d51fb164000 rw-p 00003000 08:03 19530555                   /usr/lib/x86_64-linux-gnu/libpthread.so.0
7d51fb164000-7d51fb200000 rw-p 00000000 00:00 0 
7d51fb200000-7d51fb228000 r--p 00000000 08:03 19530058                   /usr/lib/x86_64-linux-gnu/libc.so.6
7d51fb228000-7d51fb3b0000 r-xp 00028000 08:03 19530058                   /usr/lib/x86_64-linux-gnu/libc.so.6
7d51fb3b0000-7d51fb3ff000 r--p 001b0000 08:03 19530058                   /usr/lib/x86_64-linux-gnu/libc.so.6
7d51fb3ff000-7d51fb403000 r--p 001fe000 08:03 19530058                   /usr/lib/x86_64-linux-gnu/libc.so.6
7d51fb403000-7d51fb405000 rw-p 00202000 08:03 19530058                   /usr/lib/x86_64-linux-gnu/libc.so.6
7d51fb405000-7d51fb412000 rw-p 00000000 00:00 0 
7d51fb413000-7d51fb415000 r--p 00000000 08:03 21778992                   /usr/lib/jvm/java-21-openjdk-amd64/lib/libzip.so
7d51fb415000-7d51fb41a000 r-xp 00002000 08:03 21778992                   /usr/lib/jvm/java-21-openjdk-amd64/lib/libzip.so
7d51fb41a000-7d51fb41c000 r--p 00007000 08:03 21778992                   /usr/lib/jvm/java-21-openjdk-amd64/lib/libzip.so
7d51fb41c000-7d51fb41d000 r--p 00008000 08:03 21778992                   /usr/lib/jvm/java-21-openjdk-amd64/lib/libzip.so
7d51fb41d000-7d51fb41e000 rw-p 00009000 08:03 21778992                   /usr/lib/jvm/java-21-openjdk-amd64/lib/libzip.so
7d51fb41e000-7d51fb446000 rw-p 00000000 00:00 0 
7d51fb446000-7d51fb44d000 ---p 00000000 00:00 0 
7d51fb44d000-7d51fb45a000 r--p 00000000 08:03 21778970                   /usr/lib/jvm/java-21-openjdk-amd64/lib/libjava.so
7d51fb45a000-7d51fb469000 r-xp 0000d000 08:03 21778970                   /usr/lib/jvm/java-21-openjdk-amd64/lib/libjava.so
7d51fb469000-7d51fb46e000 r--p 0001c000 08:03 21778970                   /usr/lib/jvm/java-21-openjdk-amd64/lib/libjava.so
7d51fb46e000-7d51fb46f000 r--p 00021000 08:03 21778970                   /usr/lib/jvm/java-21-openjdk-amd64/lib/libjava.so
7d51fb46f000-7d51fb470000 rw-p 00022000 08:03 21778970                   /usr/lib/jvm/java-21-openjdk-amd64/lib/libjava.so
7d51fb470000-7d51fb471000 rw-p 00000000 00:00 0 
7d51fb471000-7d51fb473000 r--p 00000000 08:03 21778965                   /usr/lib/jvm/java-21-openjdk-amd64/lib/libinstrument.so
7d51fb473000-7d51fb479000 r-xp 00002000 08:03 21778965                   /usr/lib/jvm/java-21-openjdk-amd64/lib/libinstrument.so
7d51fb479000-7d51fb47c000 r--p 00008000 08:03 21778965                   /usr/lib/jvm/java-21-openjdk-amd64/lib/libinstrument.so
7d51fb47c000-7d51fb47d000 r--p 0000a000 08:03 21778965                   /usr/lib/jvm/java-21-openjdk-amd64/lib/libinstrument.so
7d51fb47d000-7d51fb47e000 rw-p 0000b000 08:03 21778965                   /usr/lib/jvm/java-21-openjdk-amd64/lib/libinstrument.so
7d51fb47e000-7d51fb482000 r--p 00000000 08:03 19532130                   /usr/lib/x86_64-linux-gnu/libgcc_s.so.1
7d51fb482000-7d51fb4a6000 r-xp 00004000 08:03 19532130                   /usr/lib/x86_64-linux-gnu/libgcc_s.so.1
7d51fb4a6000-7d51fb4aa000 r--p 00028000 08:03 19532130                   /usr/lib/x86_64-linux-gnu/libgcc_s.so.1
7d51fb4aa000-7d51fb4ab000 r--p 0002b000 08:03 19532130                   /usr/lib/x86_64-linux-gnu/libgcc_s.so.1
7d51fb4ab000-7d51fb4ac000 rw-p 0002c000 08:03 19532130                   /usr/lib/x86_64-linux-gnu/libgcc_s.so.1
7d51fb4ac000-7d51fb4bc000 r--p 00000000 08:03 19530215                   /usr/lib/x86_64-linux-gnu/libm.so.6
7d51fb4bc000-7d51fb53b000 r-xp 00010000 08:03 19530215                   /usr/lib/x86_64-linux-gnu/libm.so.6
7d51fb53b000-7d51fb593000 r--p 0008f000 08:03 19530215                   /usr/lib/x86_64-linux-gnu/libm.so.6
7d51fb593000-7d51fb594000 r--p 000e7000 08:03 19530215                   /usr/lib/x86_64-linux-gnu/libm.so.6
7d51fb594000-7d51fb595000 rw-p 000e8000 08:03 19530215                   /usr/lib/x86_64-linux-gnu/libm.so.6
7d51fb595000-7d51fb597000 rw-p 00000000 00:00 0 
7d51fb597000-7d51fb599000 r--p 00000000 08:03 21778974                   /usr/lib/jvm/java-21-openjdk-amd64/lib/libjli.so
7d51fb599000-7d51fb5a3000 r-xp 00002000 08:03 21778974                   /usr/lib/jvm/java-21-openjdk-amd64/lib/libjli.so
7d51fb5a3000-7d51fb5a6000 r--p 0000c000 08:03 21778974                   /usr/lib/jvm/java-21-openjdk-amd64/lib/libjli.so
7d51fb5a6000-7d51fb5a7000 r--p 0000f000 08:03 21778974                   /usr/lib/jvm/java-21-openjdk-amd64/lib/libjli.so
7d51fb5a7000-7d51fb5a8000 rw-p 00010000 08:03 21778974                   /usr/lib/jvm/java-21-openjdk-amd64/lib/libjli.so
7d51fb5a8000-7d51fb5aa000 r--p 00000000 08:03 19545410                   /usr/lib/x86_64-linux-gnu/libz.so.1.3
7d51fb5aa000-7d51fb5bc000 r-xp 00002000 08:03 19545410                   /usr/lib/x86_64-linux-gnu/libz.so.1.3
7d51fb5bc000-7d51fb5c2000 r--p 00014000 08:03 19545410                   /usr/lib/x86_64-linux-gnu/libz.so.1.3
7d51fb5c2000-7d51fb5c3000 r--p 0001a000 08:03 19545410                   /usr/lib/x86_64-linux-gnu/libz.so.1.3
7d51fb5c3000-7d51fb5c4000 rw-p 0001b000 08:03 19545410                   /usr/lib/x86_64-linux-gnu/libz.so.1.3
7d51fb5c4000-7d51fb5cc000 rw-s 00000000 08:03 28311578                   /tmp/hsperfdata_dan/36024
7d51fb5cc000-7d51fb5cd000 ---p 00000000 00:00 0 
7d51fb5cd000-7d51fb5ce000 r--p 00000000 00:00 0 
7d51fb5ce000-7d51fb5cf000 rwxp 00000000 00:00 0 
7d51fb5cf000-7d51fb5d1000 r--p 00000000 08:03 21778973                   /usr/lib/jvm/java-21-openjdk-amd64/lib/libjimage.so
7d51fb5d1000-7d51fb5d4000 r-xp 00002000 08:03 21778973                   /usr/lib/jvm/java-21-openjdk-amd64/lib/libjimage.so
7d51fb5d4000-7d51fb5d5000 r--p 00005000 08:03 21778973                   /usr/lib/jvm/java-21-openjdk-amd64/lib/libjimage.so
7d51fb5d5000-7d51fb5d6000 r--p 00006000 08:03 21778973                   /usr/lib/jvm/java-21-openjdk-amd64/lib/libjimage.so
7d51fb5d6000-7d51fb5d7000 rw-p 00007000 08:03 21778973                   /usr/lib/jvm/java-21-openjdk-amd64/lib/libjimage.so
7d51fb5d7000-7d51fb5d9000 rw-p 00000000 00:00 0 
7d51fb5d9000-7d51fb5dd000 r--p 00000000 00:00 0                          [vvar]
7d51fb5dd000-7d51fb5df000 r--p 00000000 00:00 0                          [vvar_vclock]
7d51fb5df000-7d51fb5e1000 r-xp 00000000 00:00 0                          [vdso]
7d51fb5e1000-7d51fb5e2000 r--p 00000000 08:03 19529759                   /usr/lib/x86_64-linux-gnu/ld-linux-x86-64.so.2
7d51fb5e2000-7d51fb60d000 r-xp 00001000 08:03 19529759                   /usr/lib/x86_64-linux-gnu/ld-linux-x86-64.so.2
7d51fb60d000-7d51fb617000 r--p 0002c000 08:03 19529759                   /usr/lib/x86_64-linux-gnu/ld-linux-x86-64.so.2
7d51fb617000-7d51fb619000 r--p 00036000 08:03 19529759                   /usr/lib/x86_64-linux-gnu/ld-linux-x86-64.so.2
7d51fb619000-7d51fb61b000 rw-p 00038000 08:03 19529759                   /usr/lib/x86_64-linux-gnu/ld-linux-x86-64.so.2
7fff5ccdf000-7fff5cd01000 rw-p 00000000 00:00 0                          [stack]
ffffffffff600000-ffffffffff601000 --xp 00000000 00:00 0                  [vsyscall]
Total number of mappings: 378

JVMTI agents:
/home/dan/.vscode/extensions/redhat.java-1.55.0-linux-x64/lombok/lombok-1.18.39-4050.jar path:none, loaded, initialized, instrumentlib options:none


VM Arguments:
jvm_args: --add-modules=ALL-SYSTEM --add-opens=java.base/java.util=ALL-UNNAMED --add-opens=java.base/java.lang=ALL-UNNAMED --add-opens=java.base/sun.nio.fs=ALL-UNNAMED -Declipse.application=org.eclipse.jdt.ls.core.id1 -Dosgi.bundles.defaultStartLevel=4 -Declipse.product=org.eclipse.jdt.ls.core.product -Djava.import.generatesMetadataFilesAtProjectRoot=false -DDetectVMInstallationsJob.disabled=true -Dfile.encoding=utf8 -Xlog:disable -Xmx1G -javaagent:/home/dan/.vscode/extensions/redhat.java-1.55.0-linux-x64/lombok/lombok-1.18.39-4050.jar -XX:+HeapDumpOnOutOfMemoryError -XX:HeapDumpPath=/home/dan/.config/Code/User/workspaceStorage/3e564cfedea14a04fad4b011b1314378/redhat.java -Daether.dependencyCollector.impl=bf 
java_command: /home/dan/.vscode/extensions/redhat.java-1.55.0-linux-x64/server/plugins/org.eclipse.equinox.launcher_1.7.200.v20260619-2039.jar -configuration /home/dan/.config/Code/User/globalStorage/redhat.java/1.55.0/config_linux -data /home/dan/.config/Code/User/workspaceStorage/3e564cfedea14a04fad4b011b1314378/redhat.java/jdt_ws --pipe=/run/user/1000/lsp-81d2e7e5c79df3740de3be89a151b241.sock
java_class_path (initial): /home/dan/.vscode/extensions/redhat.java-1.55.0-linux-x64/server/plugins/org.eclipse.equinox.launcher_1.7.200.v20260619-2039.jar
Launcher Type: SUN_STANDARD

[Global flags]
     intx CICompilerCount                          = 3                                         {product} {ergonomic}
     uint ConcGCThreads                            = 1                                         {product} {ergonomic}
     uint G1ConcRefinementThreads                  = 4                                         {product} {ergonomic}
   size_t G1HeapRegionSize                         = 1048576                                   {product} {ergonomic}
    uintx GCDrainStackTargetSize                   = 64                                        {product} {ergonomic}
     bool HeapDumpOnOutOfMemoryError               = true                                   {manageable} {command line}
    ccstr HeapDumpPath                             = /home/dan/.config/Code/User/workspaceStorage/3e564cfedea14a04fad4b011b1314378/redhat.java         {manageable} {command line}
   size_t InitialHeapSize                          = 130023424                                 {product} {ergonomic}
   size_t MarkStackSize                            = 4194304                                   {product} {ergonomic}
   size_t MaxHeapSize                              = 1073741824                                {product} {command line}
   size_t MaxNewSize                               = 643825664                                 {product} {ergonomic}
   size_t MinHeapDeltaBytes                        = 1048576                                   {product} {ergonomic}
   size_t MinHeapSize                              = 8388608                                   {product} {ergonomic}
    uintx NonNMethodCodeHeapSize                   = 5832780                                {pd product} {ergonomic}
    uintx NonProfiledCodeHeapSize                  = 122912730                              {pd product} {ergonomic}
    uintx ProfiledCodeHeapSize                     = 122912730                              {pd product} {ergonomic}
    uintx ReservedCodeCacheSize                    = 251658240                              {pd product} {ergonomic}
     bool SegmentedCodeCache                       = true                                      {product} {ergonomic}
   size_t SoftMaxHeapSize                          = 1073741824                             {manageable} {ergonomic}
     bool UseCompressedOops                        = true                           {product lp64_product} {ergonomic}
     bool UseG1GC                                  = true                                      {product} {ergonomic}

Logging:
Log output configuration:
 #0: stdout all=off uptime,level,tags foldmultilines=false
 #1: stderr all=off uptime,level,tags foldmultilines=false

Release file:
IMPLEMENTOR="Ubuntu"
JAVA_RUNTIME_VERSION="21.0.11+10-1-24.04.2-Ubuntu"
JAVA_VERSION="21.0.11"
JAVA_VERSION_DATE="2026-04-21"
LIBC="gnu"
MODULES="java.base java.compiler java.datatransfer java.xml java.prefs java.desktop java.instrument java.logging java.management java.security.sasl java.naming java.rmi java.management.rmi java.net.http java.scripting java.security.jgss java.transaction.xa java.sql java.sql.rowset java.xml.crypto java.se java.smartcardio jdk.accessibility jdk.internal.jvmstat jdk.attach jdk.charsets jdk.internal.opt jdk.zipfs jdk.compiler jdk.crypto.ec jdk.crypto.cryptoki jdk.dynalink jdk.internal.ed jdk.editpad jdk.hotspot.agent jdk.httpserver jdk.incubator.vector jdk.internal.le jdk.internal.vm.ci jdk.internal.vm.compiler jdk.internal.vm.compiler.management jdk.jartool jdk.javadoc jdk.jcmd jdk.management jdk.management.agent jdk.jconsole jdk.jdeps jdk.jdwp.agent jdk.jdi jdk.jfr jdk.jlink jdk.jpackage jdk.jshell jdk.jsobject jdk.jstatd jdk.localedata jdk.management.jfr jdk.naming.dns jdk.naming.rmi jdk.net jdk.nio.mapmode jdk.random jdk.sctp jdk.security.auth jdk.security.jgss jdk.unsupported jdk.unsupported.desktop jdk.xml.dom"
OS_ARCH="x86_64"
OS_NAME="Linux"
SOURCE=""

Environment Variables:
PATH=/home/dan/.local/bin:/home/dan/.local/bin:/usr/local/sbin:/usr/local/bin:/usr/sbin:/usr/bin:/sbin:/bin:/usr/games:/usr/local/games:/snap/bin
SHELL=/bin/bash
DISPLAY=:0
LANG=pt_BR.UTF-8
LC_NUMERIC=es_AR.UTF-8

Active Locale:
LC_ALL=LC_CTYPE=pt_BR.UTF-8;LC_NUMERIC=es_AR.UTF-8;LC_TIME=pt_BR.UTF-8;LC_COLLATE=pt_BR.UTF-8;LC_MONETARY=es_AR.UTF-8;LC_MESSAGES=pt_BR.UTF-8;LC_PAPER=es_AR.UTF-8;LC_NAME=es_AR.UTF-8;LC_ADDRESS=es_AR.UTF-8;LC_TELEPHONE=es_AR.UTF-8;LC_MEASUREMENT=es_AR.UTF-8;LC_IDENTIFICATION=es_AR.UTF-8
LC_COLLATE=pt_BR.UTF-8
LC_CTYPE=pt_BR.UTF-8
LC_MESSAGES=pt_BR.UTF-8
LC_MONETARY=es_AR.UTF-8
LC_NUMERIC=es_AR.UTF-8
LC_TIME=pt_BR.UTF-8

Signal Handlers:
   SIGSEGV: crash_handler in libjvm.so, mask=11100100010111111101111111111110, flags=SA_RESTART|SA_SIGINFO, unblocked
    SIGBUS: crash_handler in libjvm.so, mask=11100100010111111101111111111110, flags=SA_RESTART|SA_SIGINFO, unblocked
    SIGFPE: crash_handler in libjvm.so, mask=11100100010111111101111111111110, flags=SA_RESTART|SA_SIGINFO, unblocked
   SIGPIPE: javaSignalHandler in libjvm.so, mask=11100100010111111101111111111110, flags=SA_RESTART|SA_SIGINFO, unblocked
   SIGXFSZ: javaSignalHandler in libjvm.so, mask=11100100010111111101111111111110, flags=SA_RESTART|SA_SIGINFO, unblocked
    SIGILL: crash_handler in libjvm.so, mask=11100100010111111101111111111110, flags=SA_RESTART|SA_SIGINFO, unblocked
   SIGUSR2: SR_handler in libjvm.so, mask=00000000000000000000000000000000, flags=SA_RESTART|SA_SIGINFO, unblocked
    SIGHUP: UserHandler in libjvm.so, mask=11100100010111111101111111111110, flags=SA_RESTART|SA_SIGINFO, unblocked
    SIGINT: UserHandler in libjvm.so, mask=11100100010111111101111111111110, flags=SA_RESTART|SA_SIGINFO, unblocked
   SIGTERM: UserHandler in libjvm.so, mask=11100100010111111101111111111110, flags=SA_RESTART|SA_SIGINFO, unblocked
   SIGQUIT: UserHandler in libjvm.so, mask=11100100010111111101111111111110, flags=SA_RESTART|SA_SIGINFO, blocked
   SIGTRAP: crash_handler in libjvm.so, mask=11100100010111111101111111111110, flags=SA_RESTART|SA_SIGINFO, unblocked


Periodic native trim disabled

---------------  S Y S T E M  ---------------

OS:
DISTRIB_ID=LinuxMint
DISTRIB_RELEASE=22.3
DISTRIB_CODENAME=zena
DISTRIB_DESCRIPTION="Linux Mint 22.3 Zena"
uname: Linux 7.0.0-30-generic #30~24.04.1-Ubuntu SMP PREEMPT_DYNAMIC Fri Aug  7 13:27:52 UTC 2 x86_64
OS uptime: 0 days 5:55 hours
libc: glibc 2.39 NPTL 2.39 
rlimit (soft/hard): STACK 8192k/infinity , CORE 0k/infinity , NPROC 25918/25918 , NOFILE 1048576/1048576 , AS infinity/infinity , CPU infinity/infinity , DATA infinity/infinity , FSIZE infinity/infinity , MEMLOCK 1000960k/1000960k
load average: 6,37 7,59 7,33

/proc/meminfo:
MemTotal:        8007708 kB
MemFree:         1268420 kB
MemAvailable:    3631340 kB
Buffers:           33228 kB
Cached:          2780852 kB
SwapCached:         1048 kB
Active:          2754580 kB
Inactive:        3169168 kB
Active(anon):    1962972 kB
Inactive(anon):  1549072 kB
Active(file):     791608 kB
Inactive(file):  1620096 kB
Unevictable:      142964 kB
Mlocked:             224 kB
SwapTotal:       4194300 kB
SwapFree:        4154984 kB
Zswap:                 0 kB
Zswapped:              0 kB
Dirty:               880 kB
Writeback:             0 kB
AnonPages:       3251828 kB
Mapped:           970196 kB
Shmem:            402204 kB
KReclaimable:     256784 kB
Slab:             401724 kB
SReclaimable:     256784 kB
SUnreclaim:       144940 kB
KernelStack:       17968 kB
PageTables:        49336 kB
SecPageTables:         0 kB
NFS_Unstable:          0 kB
Bounce:                0 kB
WritebackTmp:          0 kB
CommitLimit:     8198152 kB
Committed_AS:   15124780 kB
VmallocTotal:   34359738367 kB
VmallocUsed:       52384 kB
VmallocChunk:          0 kB
Percpu:             2896 kB
HardwareCorrupted:     0 kB
AnonHugePages:         0 kB
ShmemHugePages:        0 kB
ShmemPmdMapped:        0 kB
FileHugePages:     24576 kB
FilePmdMapped:      8192 kB
CmaTotal:              0 kB
CmaFree:          198584 kB
Unaccepted:            0 kB
Balloon:               0 kB
HugePages_Total:       0
HugePages_Free:        0
HugePages_Rsvd:        0
HugePages_Surp:        0
Hugepagesize:       2048 kB
Hugetlb:               0 kB
DirectMap4k:      162996 kB
DirectMap2M:     8105984 kB

/sys/kernel/mm/transparent_hugepage/enabled: always [madvise] never
/sys/kernel/mm/transparent_hugepage/hpage_pmd_size: 2097152
/sys/kernel/mm/transparent_hugepage/defrag (defrag/compaction efforts parameter): always defer defer+madvise [madvise] never

Process Memory:
Virtual Size: 4966552K (peak: 4978128K)
Resident Set Size: 1039944K (peak: 1057800K) (anon: 874512K, file: 165432K, shmem: 0K)
Swapped out: 0K
C-Heap outstanding allocations: 71348K, retained: 131815K
glibc malloc tunables: (default)

/proc/sys/kernel/threads-max (system-wide limit on the number of threads): 51836
/proc/sys/vm/max_map_count (maximum number of memory map areas a process may have): 1048576
/proc/sys/vm/swappiness (control to define how aggressively the kernel swaps out anonymous memory): 10
/proc/sys/kernel/pid_max (system-wide limit on number of process identifiers): 4194304

container information not found.
Steal ticks since vm start: 0
Steal ticks percentage since vm start:  0,000

CPU: total 4 (initial active 4) (2 cores per cpu, 2 threads per core) family 6 model 58 stepping 9 microcode 0x21, cx8, cmov, fxsr, ht, mmx, sse, sse2, sse3, ssse3, sse4.1, sse4.2, popcnt, tsc, tscinvbit, avx, aes, erms, clmul, vzeroupper, clflush, rdtscp, f16c
CPU Model and flags from /proc/cpuinfo:
model name	: Intel(R) Core(TM) i5-3230M CPU @ 2.60GHz
flags		: fpu vme de pse tsc msr pae mce cx8 apic sep mtrr pge mca cmov pat pse36 clflush dts acpi mmx fxsr sse sse2 ss ht tm pbe syscall nx rdtscp lm constant_tsc arch_perfmon pebs bts rep_good nopl xtopology nonstop_tsc cpuid aperfmperf pni pclmulqdq dtes64 monitor ds_cpl est tm2 ssse3 cx16 xtpr pdcm pcid sse4_1 sse4_2 x2apic popcnt tsc_deadline_timer aes xsave avx f16c rdrand lahf_lm cpuid_fault epb pti ssbd ibrs ibpb stibp fsgsbase smep erms xsaveopt dtherm ida arat pln pts md_clear flush_l1d

Online cpus: 0-3
Offline cpus: 
BIOS frequency limitation: <Not Available>
Frequency switch latency (ns): 20000
Available cpu frequencies: <Not Available>
Current governor: schedutil
Core performance/turbo boost: <Not Available>

Memory: 4k page, physical 8007708k(3631340k free), swap 4194300k(4154984k free)
Page Sizes: 4k

vm_info: OpenJDK 64-Bit Server VM (21.0.11+10-1-24.04.2-Ubuntu) for linux-amd64 JRE (21.0.11+10-1-24.04.2-Ubuntu), built on 2026-04-26T09:33:23Z by "buildd" with gcc 13.3.0

END.
