#
# A fatal error has been detected by the Java Runtime Environment:
#
#  SIGSEGV (0xb) at pc=0x00007585f07871d7, pid=20539, tid=21910
#
# JRE version: OpenJDK Runtime Environment (21.0.11+10) (build 21.0.11+10-1-24.04.2-Ubuntu)
# Java VM: OpenJDK 64-Bit Server VM (21.0.11+10-1-24.04.2-Ubuntu, mixed mode, sharing, tiered, compressed oops, compressed class ptrs, parallel gc, linux-amd64)
# Problematic frame:
# J 7980 c2 org.eclipse.jdt.internal.core.index.DiskIndex.copyQueryResults(Lorg/eclipse/jdt/internal/compiler/util/HashtableOfObject;I)V (221 bytes) @ 0x00007585f07871d7 [0x00007585f0786880+0x0000000000000957]
#
# Core dump will be written. Default location: Core dumps may be processed with "/usr/lib/systemd/systemd-coredump %P %u %g %s %t 9223372036854775808 %h %d" (or dumping to /home/dan/Documentos/Estudos-Java/maratona-java/core.20539)
#
# If you would like to submit a bug report, please visit:
#   https://bugs.launchpad.net/ubuntu/+source/openjdk-21
#

---------------  S U M M A R Y ------------

Command Line: --add-modules=ALL-SYSTEM --add-opens=java.base/java.util=ALL-UNNAMED --add-opens=java.base/java.lang=ALL-UNNAMED --add-opens=java.base/sun.nio.fs=ALL-UNNAMED -Declipse.application=org.eclipse.jdt.ls.core.id1 -Dosgi.bundles.defaultStartLevel=4 -Declipse.product=org.eclipse.jdt.ls.core.product -Djava.import.generatesMetadataFilesAtProjectRoot=false -DDetectVMInstallationsJob.disabled=true -Dfile.encoding=utf8 -XX:+UseParallelGC -XX:GCTimeRatio=4 -XX:AdaptiveSizePolicyWeight=90 -Dsun.zip.disableMemoryMapping=true -Xmx2G -Xms100m -Xlog:disable -javaagent:/home/dan/.vscode/extensions/redhat.java-1.55.0-linux-x64/lombok/lombok-1.18.39-4050.jar -XX:+HeapDumpOnOutOfMemoryError -XX:HeapDumpPath=/home/dan/.config/Code/User/workspaceStorage/3e564cfedea14a04fad4b011b1314378/redhat.java -Daether.dependencyCollector.impl=bf /home/dan/.vscode/extensions/redhat.java-1.55.0-linux-x64/server/plugins/org.eclipse.equinox.launcher_1.7.200.v20260619-2039.jar -configuration /home/dan/.config/Code/User/globalStorage/redhat.java/1.55.0/config_linux -data /home/dan/.config/Code/User/workspaceStorage/3e564cfedea14a04fad4b011b1314378/redhat.java/jdt_ws --pipe=/run/user/1000/lsp-cec5931c210f75fe38c053d5fd17cd11.sock

Host: Intel(R) Core(TM) i5-3230M CPU @ 2.60GHz, 4 cores, 7G, Linux Mint 22.3 Zena
Time: Wed Aug 19 15:17:42 2026 -03 elapsed time: 283.118249 seconds (0d 0h 4m 43s)

---------------  T H R E A D  ---------------

Current thread (0x000075854cb22050):  JavaThread "Java indexing" daemon [_thread_in_Java, id=21910, stack(0x000075859e53d000,0x000075859e63d000) (1024K)]

Stack: [0x000075859e53d000,0x000075859e63d000],  sp=0x000075859e63b4d0,  free space=1017k
Native frames: (J=compiled Java code, j=interpreted, Vv=VM code, C=native code)
J 7980 c2 org.eclipse.jdt.internal.core.index.DiskIndex.copyQueryResults(Lorg/eclipse/jdt/internal/compiler/util/HashtableOfObject;I)V (221 bytes) @ 0x00007585f07871d7 [0x00007585f0786880+0x0000000000000957]
j  org.eclipse.jdt.internal.core.index.DiskIndex.mergeWith(Lorg/eclipse/jdt/internal/core/index/MemoryIndex;)Lorg/eclipse/jdt/internal/core/index/DiskIndex;+298
j  org.eclipse.jdt.internal.core.index.Index.save()Z+40
j  org.eclipse.jdt.internal.core.search.indexing.IndexManager.saveIndex(Lorg/eclipse/jdt/internal/core/index/Index;)V+39
j  org.eclipse.jdt.internal.core.search.indexing.AddJrtToIndex.execute(Lorg/eclipse/core/runtime/IProgressMonitor;)Z+665
j  org.eclipse.jdt.internal.core.search.processing.JobManager.indexerLoop()V+269
j  org.eclipse.jdt.internal.core.search.processing.JobManager$$Lambda+0x00007585a0309c80.run()V+4
j  java.lang.Thread.runWith(Ljava/lang/Object;Ljava/lang/Runnable;)V+5 java.base@21.0.11
j  java.lang.Thread.run()V+19 java.base@21.0.11
v  ~StubRoutines::call_stub 0x00007585efd37cc6
V  [libjvm.so+0x91456a]  JavaCalls::call_helper(JavaValue*, methodHandle const&, JavaCallArguments*, JavaThread*)+0x2da
V  [libjvm.so+0x915d52]  JavaCalls::call_virtual(JavaValue*, Handle, Klass*, Symbol*, Symbol*, JavaThread*)+0x1a2
V  [libjvm.so+0x9f1073]  thread_entry(JavaThread*, JavaThread*)+0x93
V  [libjvm.so+0x92c516]  JavaThread::thread_main_inner()+0x1e6
V  [libjvm.so+0xf90cb7]  Thread::call_run()+0xa7
V  [libjvm.so+0xd06fd5]  thread_native_entry(Thread*)+0xd5
C  [libc.so.6+0x9cb84]

siginfo: si_signo: 11 (SIGSEGV), si_code: 1 (SEGV_MAPERR), si_addr: 0x000000000000100c

Registers:
RAX=0x0000000000000001, RBX=0x00000000949c06e8, RCX=0x0000000000001000, RDX=0x0000000000000011
RSP=0x000075859e63b4d0, RBP=0x0000000094c929f8, RSI=0x0000000081956538, RDI=0x0000000000000000
R8 =0x000000008edfc6d8, R9 =0x0000000000000002, R10=0x0000000000053ffc, R11=0x000000008edfc6d8
R12=0x0000000000000000, R13=0x0000000014a3c7a6, R14=0x0000000094a63088, R15=0x000075854cb22050
RIP=0x00007585f07871d7, EFLAGS=0x0000000000010206, CSGSFS=0x002b000000000033, ERR=0x0000000000000004
  TRAPNO=0x000000000000000e

XMM[0]=0x0000000000000000 0x0000000000000000
XMM[1]=0x0000000000000000 0x000000008e400a98
XMM[2]=0x0000000000000000 0x3ff0000000000000
XMM[3]=0x0000000000000000 0x41ab5de100000000
XMM[4]=0x0000000000000000 0x4059000000000000
XMM[5]=0x0000000000000000 0x4059000000000000
XMM[6]=0x0000000000000000 0x0000000000000000
XMM[7]=0x0000000000000000 0x00007585efd3e790
XMM[8]=0x0000000000000000 0x00000000819565e0
XMM[9]=0x0000000000000000 0x0000007473694c74
XMM[10]=0x0000000000000000 0xb42a2aef00b5032a
XMM[11]=0x0000000000000000 0x696c63652f67726f
XMM[12]=0x0000000000000000 0x0000000000000000
XMM[13]=0x0000000000000000 0x0000000000000000
XMM[14]=0x0000000000000000 0x0000000000000000
XMM[15]=0x0000000000000000 0xcafebabecafebabe
  MXCSR=0x00001fa2


Register to memory mapping:

RAX=0x0000000000000001 is an unknown value
RBX=0x00000000949c06e8 is an oop: org.eclipse.jdt.internal.core.index.DiskIndex 
{0x00000000949c06e8} - klass: 'org/eclipse/jdt/internal/core/index/DiskIndex'
 - ---- fields (total size 11 words):
 - private 'headerInfoOffset' 'I' @12  21 (0x00000015)
 - private 'numberOfChunks' 'I' @16  279 (0x00000117)
 - private 'sizeOfLastChunk' 'I' @20  44 (0x0000002c)
 - private 'documentReferenceSize' 'I' @24  2 (0x00000002)
 - private 'startOfCategoryTables' 'I' @28  368751 (0x0005a06f)
 - private 'cacheUserCount' 'I' @32  -1 (0xffffffff)
 - private 'bufferIndex' 'I' @36  734 (0x000002de)
 - private 'bufferEnd' 'I' @40  0 (0x00000000)
 - private 'streamEnd' 'I' @44  368750 (0x0005a06e)
 - 'separator' 'C' @48  | 124 (0x007c)
 - 'indexLocation' 'Lorg/eclipse/jdt/internal/core/index/IndexLocation;' @52  a 'org/eclipse/jdt/internal/core/index/FileIndexLocation'{0x0000000094ac5138} (0x94ac5138)
 - private 'chunkOffsets' '[I' @56  [I{0x0000000094a71508} (0x94a71508)
 - private 'categoryOffsets' 'Lorg/eclipse/jdt/internal/compiler/util/HashtableOfIntValues;' @60  a 'org/eclipse/jdt/internal/compiler/util/HashtableOfIntValues'{0x0000000094a71458} (0x94a71458)
 - private 'categoryEnds' 'Lorg/eclipse/jdt/internal/compiler/util/HashtableOfIntValues;' @64  a 'org/eclipse/jdt/internal/compiler/util/HashtableOfIntValues'{0x0000000094a71340} (0x94a71340)
 - private 'cachedChunks' '[[Ljava/lang/String;' @68  null (0x00000000)
 - private 'categoryTables' 'Lorg/eclipse/jdt/internal/compiler/util/HashtableOfObject;' @72  a 'org/eclipse/jdt/internal/compiler/util/HashtableOfObject'{0x0000000094a63088} (0x94a63088)
 - private 'cachedCategoryName' '[C' @76  null (0x00000000)
 - private 'streamBuffer' '[B' @80  [B{0x0000000094a62878} (0x94a62878)
RCX=0x0000000000001000 is an unknown value
RDX=0x0000000000000011 is an unknown value
RSP=0x000075859e63b4d0 is pointing into the stack for thread: 0x000075854cb22050
RBP=0x0000000094c929f8 is an oop: org.eclipse.jdt.internal.compiler.util.HashtableOfObject 
{0x0000000094c929f8} - klass: 'org/eclipse/jdt/internal/compiler/util/HashtableOfObject'
 - ---- fields (total size 4 words):
 - public 'elementSize' 'I' @12  114905 (0x0001c0d9)
 - private 'threshold' 'I' @16  196606 (0x0002fffe)
 - public 'keyTable' '[[C' @20  a {type array char}[344060] {0x0000000096b33048} (0x96b33048)
 - public 'valueTable' '[Ljava/lang/Object;' @24  a 'java/lang/Object'[344060] {0x00000000967b3c68} (0x967b3c68)
RSI=0x0000000081956538 is an oop: [C 
{0x0000000081956538} - klass: {type array char}
 - length: 14
RDI=0x0 is null
R8 =0x000000008edfc6d8 is an oop: [[C 
{0x000000008edfc6d8} - klass: {type array char}[]
 - length: 2
R9 =0x0000000000000002 is an unknown value
R10=0x0000000000053ffc is an unknown value
R11=0x000000008edfc6d8 is an oop: [[C 
{0x000000008edfc6d8} - klass: {type array char}[]
 - length: 2
R12=0x0 is null
R13=0x0000000014a3c7a6 is an unknown value
R14=0x0000000094a63088 is an oop: org.eclipse.jdt.internal.compiler.util.HashtableOfObject 
{0x0000000094a63088} - klass: 'org/eclipse/jdt/internal/compiler/util/HashtableOfObject'
 - ---- fields (total size 4 words):
 - public 'elementSize' 'I' @12  15 (0x0000000f)
 - private 'threshold' 'I' @16  18 (0x00000012)
 - public 'keyTable' '[[C' @20  a {type array char}[31] {0x0000000094a630a8} (0x94a630a8)
 - public 'valueTable' '[Ljava/lang/Object;' @24  a 'java/lang/Object'[31] {0x0000000094a63138} (0x94a63138)
R15=0x000075854cb22050 is a thread

Top of Stack: (sp=0x000075859e63b4d0)
0x000075859e63b4d0:   00000000949c06e8 8edfc3c88edfc3c8   ................
0x000075859e63b4e0:   0000001f00000011 000000008edfc3c8   ................
0x000075859e63b4f0:   000000008edfc458 8edfc6d800000002   X...............
0x000075859e63b500:   000000008edfc6d8 00000000000054a6   .........T......
0x000075859e63b510:   00053ffc00001000 000000008edfc458   .....?..X.......
0x000075859e63b520:   0000000094c929f8 000000008edf6218   .).......b......
0x000075859e63b530:   000000000000a7fc 0000000082b21790   ................
0x000075859e63b540:   000000008ede1998 000000000000d7fd   ................
0x000075859e63b550:   00000000d5585f20 0000000000000000    _X.............
0x000075859e63b560:   000075859e63b5d8 00007585efd3ee80   ..c..u.......u..
0x000075859e63b570:   00007585efd3ee80 00000000000054a6   .....u...T......
0x000075859e63b580:   000000008edfc3a8 00000000949c06e8   ................
0x000075859e63b590:   000075859e63b590 0000758596c7347a   ..c..u..z4...u..
0x000075859e63b5a0:   0000000000000015 0000758596c78000   .............u..
0x000075859e63b5b0:   0000000000000000 0000000081c572f0   .........r......
0x000075859e63b5c0:   0000758596c73778 000075859e63b578   x7...u..x.c..u..
0x000075859e63b5d0:   000075859e63b678 000075859e63b6d8   x.c..u....c..u..
0x000075859e63b5e0:   00007585efd3eff2 0000000000000000   .....u..........
0x000075859e63b5f0:   000000000000effd 000000000000904c   ........L.......
0x000075859e63b600:   0000000094a0fa20 00000000949c26b8    ........&......
0x000075859e63b610:   00000000949c07c8 0000000000000000   ................
0x000075859e63b620:   0000000000000000 00000000ffffffff   ................
0x000075859e63b630:   00000000949c07a8 00000000949c06e8   ................
0x000075859e63b640:   00000000949c0790 0000000081c30380   ................
0x000075859e63b650:   0000000000000000 00000000949c0770   ........p.......
0x000075859e63b660:   00000000949c0760 0000000000000000   `...............
0x000075859e63b670:   0000000000000000 0000000082b21770   ........p.......
0x000075859e63b680:   0000000082b20f08 0000000081c63ff0   .........?......
0x000075859e63b690:   000075859e63b690 0000758596c58ff8   ..c..u.......u..
0x000075859e63b6a0:   0000000000000003 0000758596c597c0   .............u..
0x000075859e63b6b0:   0000000000000000 0000000081c57068   ........hp......
0x000075859e63b6c0:   0000758596c59038 000075859e63b678   8....u..x.c..u..

Instructions: (pc=0x00007585f07871d7)
0x00007585f07870d7:   eb a9 41 3b d2 0f 83 ba 0e 00 00 4c 8b 54 24 50
0x00007585f07870e7:   45 8b 4a 18 48 63 da 4d 8b d0 48 c1 e3 02 4d 8d
0x00007585f07870f7:   54 18 10 44 8b 44 24 40 45 89 02 49 c1 ea 09 49
0x00007585f0787107:   bb 00 90 22 06 86 75 00 00 47 88 24 13 45 8b 59
0x00007585f0787117:   0c 41 3b d3 0f 83 bf 0e 00 00 45 8b 59 08 41 81
0x00007585f0787127:   fb 70 12 00 00 0f 85 06 0f 00 00 4c 8b 54 24 50
0x00007585f0787137:   45 8b 52 10 4c 8b 5c 24 50 45 8b 5b 0c 48 8b cd
0x00007585f0787147:   41 ff c3 4c 8b 44 24 50 45 89 58 0c 4d 8b c1 4d
0x00007585f0787157:   8d 44 19 10 41 89 08 49 c1 e8 09 49 b9 00 90 22
0x00007585f0787167:   06 86 75 00 00 47 88 24 01 45 3b da 0f 8f 82 0b
0x00007585f0787177:   00 00 44 8b 54 24 38 44 8b 5c 24 2c 44 8b 4c 24
0x00007585f0787187:   28 4c 8b 44 24 30 8b 7c 24 3c ff c7 41 3b f9 0f
0x00007585f0787197:   8d 68 f7 ff ff 44 89 54 24 38 41 8b 4c bb 10 85
0x00007585f07871a7:   c9 0f 84 01 fe ff ff 89 4c 24 40 89 7c 24 3c 4c
0x00007585f07871b7:   89 44 24 30 44 89 4c 24 28 44 89 5c 24 2c 4c 8b
0x00007585f07871c7:   54 24 50 45 8b 52 14 45 8b 52 0c 44 89 54 24 44
0x00007585f07871d7:   44 8b 59 0c 44 89 5c 24 4c 4c 8b d1 4c 89 54 24
0x00007585f07871e7:   58 41 83 fb 02 0f 8c a4 0a 00 00 be 01 00 00 00
0x00007585f07871f7:   49 8b d2 33 c9 45 8b c3 49 8b ea 90 e8 f8 19 e8
0x00007585f0787207:   ff 0f 1f 84 00 f8 0c 00 07 25 ff ff ff 7f 44 8b
0x00007585f0787217:   54 24 44 45 85 d2 0f 86 c1 0c 00 00 3d 00 00 00
0x00007585f0787227:   80 75 08 33 d2 41 83 fa ff 74 04 99 41 f7 fa 4c
0x00007585f0787237:   8b 54 24 50 45 8b 5a 14 45 8b 53 0c 44 89 54 24
0x00007585f0787247:   60 3b 54 24 60 0f 83 1a 0c 00 00 45 8b 44 93 10
0x00007585f0787257:   4d 8b 97 58 04 00 00 41 85 02 45 85 c0 0f 84 4f
0x00007585f0787267:   fd ff ff 49 8b f8 48 8b 74 24 58 48 3b fe 0f 84
0x00007585f0787277:   b7 00 00 00 48 85 ff 0f 84 b5 00 00 00 48 85 f6
0x00007585f0787287:   0f 84 ac 00 00 00 8b 4f 0c 3b 4e 0c 0f 85 a0 00
0x00007585f0787297:   00 00 85 c9 0f 84 91 00 00 00 48 8d 7f 10 48 8d
0x00007585f07872a7:   76 10 d1 e1 8b c1 83 e0 0f 83 e1 f0 0f 84 4b 00
0x00007585f07872b7:   00 00 48 8d 3c 0f 48 8d 34 0e 48 f7 d9 c5 fa 6f
0x00007585f07872c7:   04 0f c5 fa 6f 0c 0e c5 f9 ef c1 c4 e2 79 17 c0


Stack slot to memory mapping:

stack at sp + 0 slots: 0x00000000949c06e8 is an oop: org.eclipse.jdt.internal.core.index.DiskIndex 
{0x00000000949c06e8} - klass: 'org/eclipse/jdt/internal/core/index/DiskIndex'
 - ---- fields (total size 11 words):
 - private 'headerInfoOffset' 'I' @12  21 (0x00000015)
 - private 'numberOfChunks' 'I' @16  279 (0x00000117)
 - private 'sizeOfLastChunk' 'I' @20  44 (0x0000002c)
 - private 'documentReferenceSize' 'I' @24  2 (0x00000002)
 - private 'startOfCategoryTables' 'I' @28  368751 (0x0005a06f)
 - private 'cacheUserCount' 'I' @32  -1 (0xffffffff)
 - private 'bufferIndex' 'I' @36  734 (0x000002de)
 - private 'bufferEnd' 'I' @40  0 (0x00000000)
 - private 'streamEnd' 'I' @44  368750 (0x0005a06e)
 - 'separator' 'C' @48  | 124 (0x007c)
 - 'indexLocation' 'Lorg/eclipse/jdt/internal/core/index/IndexLocation;' @52  a 'org/eclipse/jdt/internal/core/index/FileIndexLocation'{0x0000000094ac5138} (0x94ac5138)
 - private 'chunkOffsets' '[I' @56  [I{0x0000000094a71508} (0x94a71508)
 - private 'categoryOffsets' 'Lorg/eclipse/jdt/internal/compiler/util/HashtableOfIntValues;' @60  a 'org/eclipse/jdt/internal/compiler/util/HashtableOfIntValues'{0x0000000094a71458} (0x94a71458)
 - private 'categoryEnds' 'Lorg/eclipse/jdt/internal/compiler/util/HashtableOfIntValues;' @64  a 'org/eclipse/jdt/internal/compiler/util/HashtableOfIntValues'{0x0000000094a71340} (0x94a71340)
 - private 'cachedChunks' '[[Ljava/lang/String;' @68  null (0x00000000)
 - private 'categoryTables' 'Lorg/eclipse/jdt/internal/compiler/util/HashtableOfObject;' @72  a 'org/eclipse/jdt/internal/compiler/util/HashtableOfObject'{0x0000000094a63088} (0x94a63088)
 - private 'cachedCategoryName' '[C' @76  null (0x00000000)
 - private 'streamBuffer' '[B' @80  [B{0x0000000094a62878} (0x94a62878)
stack at sp + 1 slots: 0x8edfc3c88edfc3c8 is an unknown value
stack at sp + 2 slots: 0x0000001f00000011 is an unknown value
stack at sp + 3 slots: 0x000000008edfc3c8 is an oop: [[C 
{0x000000008edfc3c8} - klass: {type array char}[]
 - length: 31
stack at sp + 4 slots: 0x000000008edfc458 is an oop: [Ljava.lang.Object; 
{0x000000008edfc458} - klass: 'java/lang/Object'[]
 - length: 31
stack at sp + 5 slots: 0x8edfc6d800000002 is an unknown value
stack at sp + 6 slots: 0x000000008edfc6d8 is an oop: [[C 
{0x000000008edfc6d8} - klass: {type array char}[]
 - length: 2
stack at sp + 7 slots: 0x00000000000054a6 is an unknown value


Compiled method (c2) 283174 7980       4       org.eclipse.jdt.internal.core.index.DiskIndex::copyQueryResults (221 bytes)
 total in heap  [0x00007585f0786510,0x00007585f078a338] = 15912
 relocation     [0x00007585f0786668,0x00007585f0786860] = 504
 constants      [0x00007585f0786860,0x00007585f0786880] = 32
 main code      [0x00007585f0786880,0x00007585f0788d78] = 9464
 stub code      [0x00007585f0788d78,0x00007585f0788dc0] = 72
 oops           [0x00007585f0788dc0,0x00007585f0788dd0] = 16
 metadata       [0x00007585f0788dd0,0x00007585f0788e60] = 144
 scopes data    [0x00007585f0788e60,0x00007585f0789ba0] = 3392
 scopes pcs     [0x00007585f0789ba0,0x00007585f078a120] = 1408
 dependencies   [0x00007585f078a120,0x00007585f078a140] = 32
 handler table  [0x00007585f078a140,0x00007585f078a290] = 336
 nul chk table  [0x00007585f078a290,0x00007585f078a338] = 168


[Constant Pool]
             Address          hex4                    hex8      
  0x00007585f0786860:   0x3fe00000      0xf4f4f4f43fe00000      
  0x00007585f0786864:   0xf4f4f4f4                              
  0x00007585f0786868:   0xf4f4f4f4      0xf4f4f4f4f4f4f4f4      
  0x00007585f078686c:   0xf4f4f4f4                              
  0x00007585f0786870:   0xf4f4f4f4      0xf4f4f4f4f4f4f4f4      
  0x00007585f0786874:   0xf4f4f4f4                              
  0x00007585f0786878:   0xf4f4f4f4      0xf4f4f4f4f4f4f4f4      
  0x00007585f078687c:   0xf4f4f4f4                              

[MachCode]
[Entry Point]
  # {method} {0x0000758596c72768} 'copyQueryResults' '(Lorg/eclipse/jdt/internal/compiler/util/HashtableOfObject;I)V' in 'org/eclipse/jdt/internal/core/index/DiskIndex'
  # this:     rsi:rsi   = 'org/eclipse/jdt/internal/core/index/DiskIndex'
  # parm0:    rdx:rdx   = 'org/eclipse/jdt/internal/compiler/util/HashtableOfObject'
  # parm1:    rcx       = int
  #           [sp+0xa0]  (sp of caller)
  0x00007585f0786880: ;   {no_reloc}
  0x00007585f0786880: 448b 5608 | 49bb 0000 | 009f 8575 | 0000 4d03 | d349 3bc2 

  0x00007585f0786894: ;   {runtime_call ic_miss_stub}
  0x00007585f0786894: 0f85 e6e4 | 5fff 6690 | 0f1f 4000 
[Verified Entry Point]
  0x00007585f07868a0: 8984 2400 | c0fe ff55 | 4881 ec90 | 0000 0090 | 4181 7f20 | 0300 0000 | 0f85 a924 | 0000 894c 
  0x00007585f07868c0: 2438 4889 | 3424 8b6a | 1444 8b4d | 0c45 85c9 | 0f86 3713 | 0000 448b | 4218 458b | d941 ffcb 
  0x00007585f07868e0: 453b d90f | 838b 1d00 | 004c 8bd5 | 4c89 5424 | 184d 8bd0 | 4c89 5424 | 2033 c9eb | 2944 8b54 
  0x00007585f0786900: 2438 eb12 | 8b6c 240c | 448b 4c24 | 1444 8b44 | 2448 8b4c | 2410 ffc1 | 413b c90f | 8dec 1200 
  0x00007585f0786920: 0044 8954 | 2438 8b7c | 8d10 85ff | 74cf 458b | 580c 413b | cb0f 8371 | 1800 0041 | 8b44 8810 
  0x00007585f0786940: ; implicit exception: dispatches to 0x00007585f0788b5c
  0x00007585f0786940: 448b 5808 

  0x00007585f0786944: ;   {metadata('org/eclipse/jdt/internal/core/util/SimpleWordSet')}
  0x00007585f0786944: 4181 fbb8 | 495a 010f | 854b 2000 | 0048 8b1c | 248b 5348 

  0x00007585f0786958: ; implicit exception: dispatches to 0x00007585f0788b80
  0x00007585f0786958: 448b 5a14 

  0x00007585f078695c: ; implicit exception: dispatches to 0x00007585f0788b94
  0x00007585f078695c: 458b 530c | 448b 5f0c | 488b f24c | 8bf7 4183 | fb02 0f8c | 6613 0000 | 4c89 7424 | 5048 8974 
  0x00007585f078697c: 2448 4889 | 4424 4044 | 8954 2430 | 8954 242c | 897c 2428 | 894c 2414 | 4489 4424 | 1044 894c 
  0x00007585f078699c: 240c 896c | 2408 be01 | 0000 0049 | 8bd6 33c9 | 458b c349 

  0x00007585f07869b0: ;   {static_call}
  0x00007585f07869b0: 8bee 90e8 

  0x00007585f07869b4: ; ImmutableOopMap {rbp=Oop [0]=Oop [8]=NarrowOop [16]=NarrowOop [24]=Oop [32]=Oop [40]=NarrowOop [44]=NarrowOop [64]=Oop [72]=Oop [80]=Oop }
                      ;*invokestatic hashCode {reexecute=0 rethrow=0 return_oop=0}
                      ; - jdk.internal.util.ArraysSupport::vectorizedHashCode@84 (line 206)
                      ; - java.util.Arrays::hashCode@55 (line 4458)
                      ; - org.eclipse.jdt.core.compiler.CharOperation::hashCode@1 (line 2489)
                      ; - org.eclipse.jdt.internal.compiler.util.HashtableOfObject::get@7 (line 84)
                      ; - org.eclipse.jdt.internal.core.index.DiskIndex::copyQueryResults@48 (line 382)
  0x00007585f07869b4: 4822 e8ff 

  0x00007585f07869b8: ;   {other}
  0x00007585f07869b8: 0f1f 8400 | a804 0000 | 448b e841 | 81e5 ffff | ff7f 488b | 1c24 8b6c | 2408 448b | 4c24 0c44 
  0x00007585f07869d8: 8b44 2410 | 8b4c 2414 | 8b7c 2428 | 8b54 242c | 448b 5424 | 3048 8b44 | 2440 488b | 7424 484c 
  0x00007585f07869f8: 8b74 2450 | 4585 d20f | 86cb 1700 | 004c 8974 | 2440 4c8b | f648 8944 | 2430 448b | da89 7c24 
  0x00007585f0786a18: 2889 4c24 | 1044 8944 | 2448 4489 | 4c24 1489 | 6c24 0c48 | 891c 2441 | 8bc5 3d00 | 0000 8075 
  0x00007585f0786a38: 0833 d241 | 83fa ff74 | 0499 41f7 | fa45 8bca | 418b 6b14 

  0x00007585f0786a4c: ; implicit exception: dispatches to 0x00007585f0788ba8
  0x00007585f0786a4c: 448b 550c | 413b d20f | 8313 1700 | 0044 8b44 | 9510 498b | 8f58 0400 

  0x00007585f0786a64: ; ImmutableOopMap {r11=NarrowOop r8=NarrowOop rbp=NarrowOop r14=Oop [0]=Oop [12]=NarrowOop [24]=Oop [32]=Oop [40]=NarrowOop [48]=Oop [64]=Oop [72]=NarrowOop }
                      ;*ifnonnull {reexecute=1 rethrow=0 return_oop=0}
                      ; - (reexecute) org.eclipse.jdt.internal.compiler.util.HashtableOfObject::get@51 (line 86)
                      ; - org.eclipse.jdt.internal.core.index.DiskIndex::copyQueryResults@48 (line 382)
                      ;   {poll}
  0x00007585f0786a64: 0085 0145 | 85c0 0f84 | 3002 0000 | 498b f848 | 8b74 2440 | 483b fe0f | 84b7 0000 | 0048 85ff 
  0x00007585f0786a84: 0f84 b500 | 0000 4885 | f60f 84ac | 0000 008b | 4f0c 3b4e | 0c0f 85a0 | 0000 0085 | c90f 8491 
  0x00007585f0786aa4: 0000 0048 | 8d7f 1048 | 8d76 10d1 | e18b c183 | e00f 83e1 | f00f 844b | 0000 0048 | 8d3c 0f48 
  0x00007585f0786ac4: 8d34 0e48 | f7d9 c5fa | 6f0c 0fc5 | fa6f 040e | c5f1 efc8 | c4e2 7917 | c90f 855c | 0000 0048 
  0x00007585f0786ae4: 83c1 1075 | e185 c00f | 8447 0000 | 00c5 fa6f | 4c07 f0c5 | fa6f 4406 | f0c5 f1ef | c8c4 e279 
  0x00007585f0786b04: 17c9 7537 | eb2e 8bc8 | 83e1 fc74 | 1948 8d3c | 0f48 8d34 | 0e48 f7d9 | 8b1c 0f3b | 1c0e 751b 
  0x00007585f0786b24: 4883 c104 | 75f2 a802 | 740a 0fb7 | 1f0f b70e | 3bd9 7507 | b801 0000 | 00eb 0233 | c085 c00f 
  0x00007585f0786b44: 8520 0100 | 00ff c241 | 3bd1 0f84 | 0c01 0000 | 0f1f 8400 | 0000 0000 | 6666 6690 | 413b d20f 
  0x00007585f0786b64: ;   {no_reloc}
  0x00007585f0786b64: 839f 1800 | 0044 8b44 | 9510 498b | 8f58 0400 

  0x00007585f0786b74: ; ImmutableOopMap {r11=NarrowOop r8=NarrowOop rbp=NarrowOop r14=Oop [0]=Oop [12]=NarrowOop [24]=Oop [32]=Oop [40]=NarrowOop [48]=Oop [64]=Oop [72]=NarrowOop }
                      ;*ifnonnull {reexecute=1 rethrow=0 return_oop=0}
                      ; - (reexecute) org.eclipse.jdt.internal.compiler.util.HashtableOfObject::get@51 (line 86)
                      ; - org.eclipse.jdt.internal.core.index.DiskIndex::copyQueryResults@48 (line 382)
                      ;   {poll}
  0x00007585f0786b74: 0085 0145 | 85c0 0f84 | 2001 0000 | 498b f848 | 8b74 2440 | 483b fe0f | 84b7 0000 | 0048 85ff 
  0x00007585f0786b94: 0f84 b500 | 0000 4885 | f60f 84ac | 0000 008b | 4f0c 3b4e | 0c0f 85a0 | 0000 0085 | c90f 8491 
  0x00007585f0786bb4: 0000 0048 | 8d7f 1048 | 8d76 10d1 | e18b c183 | e00f 83e1 | f00f 844b | 0000 0048 | 8d3c 0f48 
  0x00007585f0786bd4: 8d34 0e48 | f7d9 c5fa | 6f04 0fc5 | fa6f 0c0e | c5f9 efc1 | c4e2 7917 | c00f 855c | 0000 0048 
  0x00007585f0786bf4: 83c1 1075 | e185 c00f | 8447 0000 | 00c5 fa6f | 4407 f0c5 | fa6f 4c06 | f0c5 f9ef | c1c4 e279 
  0x00007585f0786c14: 17c0 7537 | eb2e 8bc8 | 83e1 fc74 | 1948 8d3c | 0f48 8d34 | 0e48 f7d9 | 8b1c 0f3b | 1c0e 751b 
  0x00007585f0786c34: 4883 c104 | 75f2 a802 | 740a 0fb7 | 1f0f b70e | 3bd9 7507 | b801 0000 | 00eb 0233 | c085 c075 
  0x00007585f0786c54: 14ff c241 | 3bd1 0f85 | 00ff ffff | 33c9 8bd1 | e9e7 fdff | ff41 8b6b | 1844 8b5d | 0c41 3bd3 
  0x00007585f0786c74: ;   {no_reloc}
  0x00007585f0786c74: 0f83 ae15 | 0000 8b6c | 9510 85ed | 741e 448b 

  0x00007585f0786c84: ;   {metadata('org/eclipse/jdt/internal/compiler/util/HashtableOfObject')}
  0x00007585f0786c84: 5508 4181 | fa00 e05a | 010f 8599 | 1d00 004c | 8bd5 4c89 | 5424 50e9 | e002 0000 | 498b 87b8 
  0x00007585f0786ca4: 0100 004c | 8b04 2445 | 8b58 484c | 8bd0 4983 | c220 4d3b | 97c8 0100 | 000f 8321 | 1100 004d 
  0x00007585f0786cc4: 8997 b801 | 0000 410f | 1882 c000 | 0000 48c7 | 0001 0000 

  0x00007585f0786cd8: ;   {metadata('org/eclipse/jdt/internal/compiler/util/HashtableOfObject')}
  0x00007585f0786cd8: 00c7 4008 | 00e0 5a01 | 4489 600c | 4c89 6010 | 4c89 6018 | 488b 4c24 | 308b 690c | 85ed 0f8c 
  0x00007585f0786cf8: 0819 0000 | c5f2 2acd 

  0x00007585f0786d00: ;   {section_word}
  0x00007585f0786d00: c5f2 5905 | 58fb ffff | c57a 2cd0 | 4181 fa00 | 0000 800f | 8439 2000 | 0041 3bea | 0f84 4210 
  0x00007585f0786d20: 0000 8968 | 1045 8bca | 41ff c941 | 81f9 fdff | ff7f 0f83 | fc18 0000 | 4181 fa00 | 0004 000f 
  0x00007585f0786d40: 8733 1800 | 004d 63ca | 4181 fa00 | 0004 000f | 87bb 1000 | 0044 8954 | 2408 4889 | 4424 5041 
  0x00007585f0786d60: 8beb 4c89 | 0424 4d8b | 87b8 0100 | 004a 8d0c | 8d17 0000 | 004c 8bd1 | 4983 e2f8 | 4d8b d84d 
  0x00007585f0786d80: 03da 4d3b | 9fc8 0100 | 000f 8392 | 1000 004d | 899f b801 | 0000 410f | 1883 c000 | 0000 49c7 
  0x00007585f0786da0: 0001 0000 | 0041 0f18 | 8300 0100 

  0x00007585f0786dac: ;   {metadata({type array char}[])}
  0x00007585f0786dac: 0041 c740 | 0868 9b0d | 0144 8b4c | 2408 4589 | 480c 410f | 1883 4001 | 0000 498b | f848 83c7 
  0x00007585f0786dcc: 1041 0f18 | 8380 0100 | 0048 c1e9 | 0348 83c1 | fe48 33c0 | 4883 f908 | 7f10 48ff | c978 4f48 
  0x00007585f0786dec: 8904 cf48 | ffc9 7df7 | eb44 c5fd | 57c0 e90d | 0000 00c5 | fe7f 07c5 | fe7f 4720 | 4883 c740 
  0x00007585f0786e0c: 4883 e908 | 7ded 4883 | c104 7c0c | c5fe 7f07 | 4883 c720 | 4883 e904 | 4883 c104 | 7e10 48ff 
  0x00007585f0786e2c: c9c5 f9d6 | 0748 83c7 | 0848 ffc9 | 7df3 4c8b | 5c24 504d | 8bd3 4589 | 4314 49c1 | ea09 49b8 
  0x00007585f0786e4c: 0090 2206 | 8675 0000 | 4788 2410 | 448b 5424 | 0841 81fa | 0000 0400 | 0f87 da0f | 0000 4d8b 
  0x00007585f0786e6c: 87b8 0100 | 0045 8bca | 4d63 d24a | 8d0c 9517 | 0000 004c | 8bd1 4983 | e2f8 4d8b | d84d 03da 
  0x00007585f0786e8c: 4d3b 9fc8 | 0100 000f | 83ae 0f00 | 004d 899f | b801 0000 | 410f 1883 | c000 0000 | 49c7 0001 
  0x00007585f0786eac: ;   {no_reloc}
  0x00007585f0786eac: 0000 0041 | 0f18 8300 

  0x00007585f0786eb4: ;   {metadata('java/lang/Object'[])}
  0x00007585f0786eb4: 0100 0041 | c740 0870 | 1200 0045 | 8948 0c41 | 0f18 8340 | 0100 0049 | 8bf8 4883 | c710 410f 
  0x00007585f0786ed4: 1883 8001 | 0000 48c1 | e903 4883 | c1fe 4833 | c048 83f9 | 087f 1048 | ffc9 784f | 4889 04cf 
  0x00007585f0786ef4: 48ff c97d | f7eb 44c5 | fd57 c0e9 | 0d00 0000 | c5fe 7f07 | c5fe 7f47 | 2048 83c7 | 4048 83e9 
  0x00007585f0786f14: 087d ed48 | 83c1 047c | 0cc5 fe7f | 0748 83c7 | 2048 83e9 | 0448 83c1 | 047e 1048 | ffc9 c5f9 
  0x00007585f0786f34: d607 4883 | c708 48ff | c97d f34c | 8b5c 2450 | 4d8b d345 | 8943 1849 | c1ea 0949 | b800 9022 
  0x00007585f0786f54: 0686 7500 | 0047 8824 | 1085 ed0f | 84fb 1500 | 0048 8bf5 | 488b 5424 | 4048 8b4c 

  0x00007585f0786f70: ;   {optimized virtual_call}
  0x00007585f0786f70: 2450 90e8 

  0x00007585f0786f74: ; ImmutableOopMap {[0]=Oop [12]=NarrowOop [24]=Oop [32]=Oop [48]=Oop [72]=NarrowOop [80]=Oop }
                      ;*invokevirtual put {reexecute=0 rethrow=0 return_oop=1}
                      ; - org.eclipse.jdt.internal.core.index.DiskIndex::copyQueryResults@82 (line 384)
  0x00007585f0786f74: 08e1 5fff 

  0x00007585f0786f78: ;   {other}
  0x00007585f0786f78: 0f1f 8400 | 680a 0003 | 4c8b 5424 | 3045 8b5a | 1445 8b4b | 0c45 85c9 | 0f86 a40c | 0000 458b 
  0x00007585f0786f98: c141 ffc8 | 453b c10f | 8343 1200 | 004d 8bc3 | 33ff e9f2 | 0100 0044 | 8b54 2438 | e9d8 0100 
  0x00007585f0786fb8: 0049 8baf | b801 0000 | 4c8b d549 | 83c2 184d | 3b97 c801 | 0000 0f83 | 6a0d 0000 | 4d89 97b8 
  0x00007585f0786fd8: 0100 0041 | 0f18 82c0 | 0000 0048 | c745 0001 | 0000 0041 | 0f18 8200 

  0x00007585f0786ff0: ;   {metadata({type array int})}
  0x00007585f0786ff0: 0100 00c7 | 4508 0827 | 0000 410f | 1882 4001 | 0000 c745 | 0c01 0000 | 0041 0f18 | 8280 0100 
  0x00007585f0787010: 0044 8965 | 1444 8b54 | 2438 4489 | 5510 448b | 5c24 4c41 | 83fb 020f | 8c88 0c00 | 00be 0100 
  0x00007585f0787030: 0000 488b | 5424 5833 | c945 8bc3 

  0x00007585f078703c: ;   {static_call}
  0x00007585f078703c: 6666 90e8 

  0x00007585f0787040: ; ImmutableOopMap {rbp=Oop [0]=Oop [12]=NarrowOop [24]=Oop [32]=Oop [44]=NarrowOop [48]=Oop [64]=NarrowOop [72]=NarrowOop [80]=Oop [88]=Oop }
                      ;*invokestatic hashCode {reexecute=0 rethrow=0 return_oop=0}
                      ; - jdk.internal.util.ArraysSupport::vectorizedHashCode@84 (line 206)
                      ; - java.util.Arrays::hashCode@55 (line 4458)
                      ; - org.eclipse.jdt.core.compiler.CharOperation::hashCode@1 (line 2489)
                      ; - org.eclipse.jdt.internal.compiler.util.HashtableOfObject::putUnsafely@7 (line 130)
                      ; - org.eclipse.jdt.internal.core.index.DiskIndex::copyQueryResults@144 (line 391)
  0x00007585f0787040: bc1b e8ff 

  0x00007585f0787044: ;   {other}
  0x00007585f0787044: 0f1f 8400 | 340b 0004 | 25ff ffff | 7f44 8b5c | 2460 4585 | db0f 86c5 | 0f00 0045 | 8bd3 3d00 
  0x00007585f0787064: 0000 8075 | 0833 d241 | 83fa ff74 | 0499 41f7 | fa4c 8b54 | 2450 458b | 4214 458b | 500c 413b 
  0x00007585f0787084: d20f 83c1 | 0e00 0045 | 8b5c 9010 | 4d8b 8f58 

  0x00007585f0787094: ; ImmutableOopMap {r11=NarrowOop r8=NarrowOop rbp=Oop [0]=Oop [12]=NarrowOop [24]=Oop [32]=Oop [44]=NarrowOop [48]=Oop [64]=NarrowOop [72]=NarrowOop [80]=Oop [88]=Oop }
                      ;*ifnonnull {reexecute=1 rethrow=0 return_oop=0}
                      ; - (reexecute) org.eclipse.jdt.internal.compiler.util.HashtableOfObject::putUnsafely@36 (line 131)
                      ; - org.eclipse.jdt.internal.core.index.DiskIndex::copyQueryResults@144 (line 391)
                      ;   {poll}
  0x00007585f0787094: 0400 0041 | 8501 4585 | db74 3aff | c23b 5424 | 6074 2e66 | 0f1f 8400 | 0000 0000 | 413b d20f 
  0x00007585f07870b4: 8363 1000 | 0045 8b5c | 9010 4d8b | 8f58 0400 

  0x00007585f07870c4: ; ImmutableOopMap {r11=NarrowOop r8=NarrowOop rbp=Oop [0]=Oop [12]=NarrowOop [24]=Oop [32]=Oop [44]=NarrowOop [48]=Oop [64]=NarrowOop [72]=NarrowOop [80]=Oop [88]=Oop }
                      ;*ifnonnull {reexecute=1 rethrow=0 return_oop=0}
                      ; - (reexecute) org.eclipse.jdt.internal.compiler.util.HashtableOfObject::putUnsafely@36 (line 131)
                      ; - org.eclipse.jdt.internal.core.index.DiskIndex::copyQueryResults@144 (line 391)
                      ;   {poll}
  0x00007585f07870c4: 0041 8501 | 4585 db74 | 0cff c23b | 5424 6075 | db33 d2eb | a941 3bd2 | 0f83 ba0e | 0000 4c8b 
  0x00007585f07870e4: 5424 5045 | 8b4a 1848 | 63da 4d8b | d048 c1e3 | 024d 8d54 | 1810 448b | 4424 4045 | 8902 49c1 
  0x00007585f0787104: ea09 49bb | 0090 2206 | 8675 0000 | 4788 2413 

  0x00007585f0787114: ; implicit exception: dispatches to 0x00007585f0788b1c
  0x00007585f0787114: 458b 590c | 413b d30f | 83bf 0e00 | 0045 8b59 

  0x00007585f0787124: ;   {metadata('java/lang/Object'[])}
  0x00007585f0787124: 0841 81fb | 7012 0000 | 0f85 060f | 0000 4c8b | 5424 5045 | 8b52 104c | 8b5c 2450 | 458b 5b0c 
  0x00007585f0787144: 488b cd41 | ffc3 4c8b | 4424 5045 | 8958 0c4d | 8bc1 4d8d | 4419 1041 | 8908 49c1 | e809 49b9 
  0x00007585f0787164: 0090 2206 | 8675 0000 | 4788 2401 | 453b da0f | 8f82 0b00 | 0044 8b54 | 2438 448b | 5c24 2c44 
  0x00007585f0787184: 8b4c 2428 | 4c8b 4424 | 308b 7c24 | 3cff c741 | 3bf9 0f8d | 68f7 ffff | 4489 5424 | 3841 8b4c 
  0x00007585f07871a4: bb10 85c9 | 0f84 01fe | ffff 894c | 2440 897c | 243c 4c89 | 4424 3044 | 894c 2428 | 4489 5c24 
  0x00007585f07871c4: 2c4c 8b54 | 2450 458b | 5214 458b | 520c 4489 | 5424 4444 | 8b59 0c44 | 895c 244c | 4c8b d14c 
  0x00007585f07871e4: 8954 2458 | 4183 fb02 | 0f8c a40a | 0000 be01 | 0000 0049 | 8bd2 33c9 | 458b c349 

  0x00007585f0787200: ;   {static_call}
  0x00007585f0787200: 8bea 90e8 

  0x00007585f0787204: ; ImmutableOopMap {rbp=Oop [0]=Oop [12]=NarrowOop [24]=Oop [32]=Oop [44]=NarrowOop [48]=Oop [64]=NarrowOop [72]=NarrowOop [80]=Oop [88]=Oop }
                      ;*invokestatic hashCode {reexecute=0 rethrow=0 return_oop=0}
                      ; - jdk.internal.util.ArraysSupport::vectorizedHashCode@84 (line 206)
                      ; - java.util.Arrays::hashCode@55 (line 4458)
                      ; - org.eclipse.jdt.core.compiler.CharOperation::hashCode@1 (line 2489)
                      ; - org.eclipse.jdt.internal.compiler.util.HashtableOfObject::get@7 (line 84)
                      ; - org.eclipse.jdt.internal.core.index.DiskIndex::copyQueryResults@123 (line 389)
  0x00007585f0787204: f819 e8ff 

  0x00007585f0787208: ;   {other}
  0x00007585f0787208: 0f1f 8400 | f80c 0007 | 25ff ffff | 7f44 8b54 | 2444 4585 | d20f 86c1 | 0c00 003d | 0000 0080 
  0x00007585f0787228: 7508 33d2 | 4183 faff | 7404 9941 | f7fa 4c8b | 5424 5045 | 8b5a 1445 | 8b53 0c44 | 8954 2460 
  0x00007585f0787248: 3b54 2460 | 0f83 1a0c | 0000 458b | 4493 104d | 8b97 5804 

  0x00007585f078725c: ; ImmutableOopMap {r11=NarrowOop r8=NarrowOop [0]=Oop [12]=NarrowOop [24]=Oop [32]=Oop [44]=NarrowOop [48]=Oop [64]=NarrowOop [72]=NarrowOop [80]=Oop [88]=Oop }
                      ;*ifnonnull {reexecute=1 rethrow=0 return_oop=0}
                      ; - (reexecute) org.eclipse.jdt.internal.compiler.util.HashtableOfObject::get@51 (line 86)
                      ; - org.eclipse.jdt.internal.core.index.DiskIndex::copyQueryResults@123 (line 389)
                      ;   {poll}
  0x00007585f078725c: 0000 4185 | 0245 85c0 | 0f84 4ffd | ffff 498b | f848 8b74 | 2458 483b | fe0f 84b7 | 0000 0048 
  0x00007585f078727c: 85ff 0f84 | b500 0000 | 4885 f60f | 84ac 0000 | 008b 4f0c | 3b4e 0c0f | 85a0 0000 | 0085 c90f 
  0x00007585f078729c: 8491 0000 | 0048 8d7f | 1048 8d76 | 10d1 e18b | c183 e00f | 83e1 f00f | 844b 0000 | 0048 8d3c 
  0x00007585f07872bc: 0f48 8d34 | 0e48 f7d9 | c5fa 6f04 | 0fc5 fa6f | 0c0e c5f9 | efc1 c4e2 | 7917 c00f | 855c 0000 
  0x00007585f07872dc: 0048 83c1 | 1075 e185 | c00f 8447 | 0000 00c5 | fa6f 4407 | f0c5 fa6f | 4c06 f0c5 | f9ef c1c4 
  0x00007585f07872fc: e279 17c0 | 7537 eb2e | 8bc8 83e1 | fc74 1948 | 8d3c 0f48 | 8d34 0e48 | f7d9 8b1c | 0f3b 1c0e 
  0x00007585f078731c: 751b 4883 | c104 75f2 | a802 740a | 0fb7 1f0f | b70e 3bd9 | 7507 b801 | 0000 00eb | 0233 c085 
  0x00007585f078733c: c00f 8517 | 0100 00ff | c23b 5424 | 440f 8404 | 0100 0090 | 3b54 2460 | 0f83 220d | 0000 458b 
  0x00007585f078735c: ;   {no_reloc}
  0x00007585f078735c: 5493 104d | 8b87 5804 

  0x00007585f0787364: ; ImmutableOopMap {r10=NarrowOop r11=NarrowOop [0]=Oop [12]=NarrowOop [24]=Oop [32]=Oop [44]=NarrowOop [48]=Oop [64]=NarrowOop [72]=NarrowOop [80]=Oop [88]=Oop }
                      ;*ifnonnull {reexecute=1 rethrow=0 return_oop=0}
                      ; - (reexecute) org.eclipse.jdt.internal.compiler.util.HashtableOfObject::get@51 (line 86)
                      ; - org.eclipse.jdt.internal.core.index.DiskIndex::copyQueryResults@123 (line 389)
                      ;   {poll}
  0x00007585f0787364: 0000 4185 | 0045 85d2 | 0f84 47fc | ffff 498b | fa48 8b74 | 2458 483b | fe0f 84b7 | 0000 0048 
  0x00007585f0787384: 85ff 0f84 | b500 0000 | 4885 f60f | 84ac 0000 | 008b 4f0c | 3b4e 0c0f | 85a0 0000 | 0085 c90f 
  0x00007585f07873a4: 8491 0000 | 0048 8d7f | 1048 8d76 | 10d1 e18b | c183 e00f | 83e1 f00f | 844b 0000 | 0048 8d3c 
  0x00007585f07873c4: 0f48 8d34 | 0e48 f7d9 | c5fa 6f04 | 0fc5 fa6f | 0c0e c5f9 | efc1 c4e2 | 7917 c00f | 855c 0000 
  0x00007585f07873e4: 0048 83c1 | 1075 e185 | c00f 8447 | 0000 00c5 | fa6f 4407 | f0c5 fa6f | 4c06 f0c5 | f9ef c1c4 
  0x00007585f0787404: e279 17c0 | 7537 eb2e | 8bc8 83e1 | fc74 1948 | 8d3c 0f48 | 8d34 0e48 | f7d9 8b1c | 0f3b 1c0e 
  0x00007585f0787424: 751b 4883 | c104 75f2 | a802 740a | 0fb7 1f0f | b70e 3bd9 | 7507 b801 | 0000 00eb | 0233 c085 
  0x00007585f0787444: c075 13ff | c23b 5424 | 440f 85fd | feff ff33 | d2e9 eefd | ffff 4c8b | 5424 5045 | 8b42 1845 
  0x00007585f0787464: ;   {no_reloc}
  0x00007585f0787464: 8b50 0c41 | 3bd2 0f83 | 880a 0000 | 458b 5c90 | 1044 895c | 2444 4585 | db0f 8436 | fbff ff41 
  0x00007585f0787484: 8b6b 084d | 8bd3 4c89 

  0x00007585f078748c: ;   {metadata('org/eclipse/jdt/internal/core/index/DiskIndex$IntList')}
  0x00007585f078748c: 5424 6081 | fd88 df6b | 010f 850d | 0200 0041 | 8b6a 104c | 8954 2440 

  0x00007585f07874a4: ; implicit exception: dispatches to 0x00007585f0788b34
  0x00007585f07874a4: 448b 5d0c | 458b 520c | 4489 5424 | 4c45 3bd3 | 0f85 ae01 | 0000 478d | 1452 4183 | fa07 7d06 
  0x00007585f07874c4: 41ba 0700 | 0000 4181 | fa00 0004 | 000f 8771 | 0d00 004d | 63c2 4181 | fa00 0004 | 000f 8785 
  0x00007585f07874e4: 0800 004d | 8b8f b801 | 0000 4a8d | 0c85 1700 | 0000 4c8b | c149 83e0 | f849 8bd9 | 4903 d849 
  0x00007585f0787504: 3b9f c801 | 0000 0f83 | 5c08 0000 | 4989 9fb8 | 0100 000f | 1883 c000 | 0000 49c7 | 0101 0000 
  0x00007585f0787524: 000f 1883 | 0001 0000 

  0x00007585f078752c: ;   {metadata({type array int})}
  0x00007585f078752c: 41c7 4108 | 0827 0000 | 4589 510c | 0f18 8340 | 0100 0049 | 8bf9 4883 | c710 0f18 | 8380 0100 
  0x00007585f078754c: 0048 c1e9 | 0348 83c1 | fe48 33c0 | 4883 f908 | 7f10 48ff | c978 4f48 | 8904 cf48 | ffc9 7df7 
  0x00007585f078756c: eb44 c5fd | 57c0 e90d | 0000 00c5 | fe7f 07c5 | fe7f 4720 | 4883 c740 | 4883 e908 | 7ded 4883 
  0x00007585f078758c: c104 7c0c | c5fe 7f07 | 4883 c720 | 4883 e904 | 4883 c104 | 7e10 48ff | c9c5 f9d6 | 0748 83c7 
  0x00007585f07875ac: 0848 ffc9 | 7df3 4489 | 5424 084c | 8b54 2440 | 498b c94c | 8b44 2440 | 4189 4810 | 49c1 ea09 
  0x00007585f07875cc: 49b8 0090 | 2206 8675 | 0000 4788 | 2410 443b | 5c24 4c0f | 826b 0c00 | 0044 8b54 | 2408 443b 
  0x00007585f07875ec: 5424 4c0f | 8262 0c00 | 0044 8b44 | 244c 4585 | c00f 8c59 | 0c00 0045 | 85c0 7426 | 4983 c110 
  0x00007585f078760c: 4963 d04c | 8bd5 488d | 7d10 498b | f149 ba60 | e2d6 ef85 | 7500 0041 

  0x00007585f0787624: ;   {other}
  0x00007585f0787624: ffd2 0f1f | 8400 0000 | 0000 4c8b | 5424 4041 | 8b6a 1045 | 8b5a 0c44 | 895c 244c | 458b d341 
  0x00007585f0787644: ffc2 4c8b | 5c24 4045 | 8953 0c85 | ed75 21be | f6ff ffff 

  0x00007585f0787658: ;   {runtime_call UncommonTrapBlob}
  0x00007585f0787658: 6666 90e8 

  0x00007585f078765c: ; ImmutableOopMap {}
                      ;*iastore {reexecute=0 rethrow=0 return_oop=0}
                      ; - org.eclipse.jdt.internal.core.index.DiskIndex$IntList::add@65 (line 94)
                      ; - org.eclipse.jdt.internal.core.index.DiskIndex::copyQueryResults@164 (line 393)
  0x00007585f078765c: a02c 60ff 

  0x00007585f0787660: ;   {other}
  0x00007585f0787660: 0f1f 8400 | 5011 000a | 41ff c24c | 8b5c 2440 | 4589 530c | 448b 5d0c | 448b 4424 | 4c45 3bc3 
  0x00007585f0787680: 0f83 6e0a | 0000 448b | 5424 3846 | 8954 8510 | 448b 5c24 | 2c44 8b4c | 2428 4c8b | 4424 308b 
  0x00007585f07876a0: 7c24 3ce9 | e9fa ffff | 4d8b 9fb8 | 0100 004d | 8bd3 4983 | c218 4d3b | 97c8 0100 | 000f 83da 
  0x00007585f07876c0: 0600 004d | 8997 b801 | 0000 410f | 1882 c000 | 0000 49c7 | 0301 0000 

  0x00007585f07876d8: ;   {metadata('org/eclipse/jdt/internal/core/index/DiskIndex$IntList')}
  0x00007585f07876d8: 0041 c743 | 0888 df6b | 0145 8963 | 0c4d 8963 | 104c 895c 

  0x00007585f07876ec: ;   {metadata({type array int})}
  0x00007585f07876ec: 2468 81fd | 0827 0000 | 0f85 ca12 | 0000 4c8b | 5424 604c | 8954 2460 | 458b 520c | 4489 5424 
  0x00007585f078770c: 4447 8d14 | 5241 83fa | 077d 0641 | ba07 0000 | 0041 81fa | 0000 0400 | 0f87 060c | 0000 4963 
  0x00007585f078772c: ca4c 8b5c | 2468 8b6c | 2444 4189 | 6b0c 4c8b | 4424 604d | 8bc8 4c8b | 4424 6845 | 8948 1049 
  0x00007585f078774c: c1eb 0949 | b800 9022 | 0686 7500 | 0047 8824 | 1841 81fa | 0000 0400 | 0f87 5206 | 0000 4d8b 
  0x00007585f078776c: 87b8 0100 | 0048 8d0c | 8d17 0000 | 004c 8bd9 | 4983 e3f8 | 4d8b c84d | 03cb 4d3b | 8fc8 0100 
  0x00007585f078778c: 000f 8329 | 0600 004d | 898f b801 | 0000 410f | 1881 c000 | 0000 49c7 | 0001 0000 | 0041 0f18 
  0x00007585f07877ac: 8100 0100 

  0x00007585f07877b0: ;   {metadata({type array int})}
  0x00007585f07877b0: 0041 c740 | 0808 2700 | 0045 8950 | 0c41 0f18 | 8140 0100 | 0049 8bf8 | 4883 c710 | 410f 1881 
  0x00007585f07877d0: 8001 0000 | 48c1 e903 | 4883 c1fe | 4833 c048 | 83f9 087f | 1048 ffc9 | 784f 4889 | 04cf 48ff 
  0x00007585f07877f0: c97d f7eb | 44c5 fd57 | c0e9 0d00 | 0000 c5fe | 7f07 c5fe | 7f47 2048 | 83c7 4048 | 83e9 087d 
  0x00007585f0787810: ed48 83c1 | 047c 0cc5 | fe7f 0748 | 83c7 2048 | 83e9 0448 | 83c1 047e | 1048 ffc9 | c5f9 d607 
  0x00007585f0787830: 4883 c708 | 48ff c97d | f341 8bea | 4d8b d84c | 8b54 2468 | 4d8b c24d | 8bd3 4c8b | 4c24 6845 
  0x00007585f0787850: 8951 1049 | c1e8 0949 | ba00 9022 | 0686 7500 | 0047 8824 | 023b 6c24 | 440f 8201 | 0b00 0044 
  0x00007585f0787870: 8b54 2444 | 4585 d276 | 2849 83c3 | 1048 8b7c | 2460 4883 | c710 4963 | d249 8bf3 | 49ba 60e2 
  0x00007585f0787890: d6ef 8575 | 0000 41ff 

  0x00007585f0787898: ;   {other}
  0x00007585f0787898: d20f 1f84 | 0000 0000 | 004c 8b54 | 2468 458b | 4a10 418b | 6a0c 448b | dd41 ffc3 | 4589 5a0c 
  0x00007585f07878b8: ; implicit exception: dispatches to 0x00007585f0788c10
  0x00007585f07878b8: 458b 590c | 413b eb0f | 8373 0a00 | 0044 8b54 | 2438 4589 | 54a9 104c | 8b54 2450 | 458b 5a14 
  0x00007585f07878d8: ; implicit exception: dispatches to 0x00007585f0788c24
  0x00007585f07878d8: 458b 5b0c | 4489 5c24 | 4444 8b5c | 244c 4183 | fb02 0f8c | 2504 0000 | be01 0000 | 0048 8b54 
  0x00007585f07878f8: 2458 33c9 

  0x00007585f07878fc: ;   {static_call}
  0x00007585f07878fc: 458b c3e8 

  0x00007585f0787900: ; ImmutableOopMap {[0]=Oop [12]=NarrowOop [24]=Oop [32]=Oop [44]=NarrowOop [48]=Oop [64]=NarrowOop [72]=NarrowOop [80]=Oop [88]=Oop [104]=Oop }
                      ;*invokestatic hashCode {reexecute=0 rethrow=0 return_oop=0}
                      ; - jdk.internal.util.ArraysSupport::vectorizedHashCode@84 (line 206)
                      ; - java.util.Arrays::hashCode@55 (line 4458)
                      ; - org.eclipse.jdt.core.compiler.CharOperation::hashCode@1 (line 2489)
                      ; - org.eclipse.jdt.internal.compiler.util.HashtableOfObject::put@7 (line 99)
                      ; - org.eclipse.jdt.internal.core.index.DiskIndex::copyQueryResults@196 (line 397)
  0x00007585f0787900: fc12 e8ff 

  0x00007585f0787904: ;   {other}
  0x00007585f0787904: 0f1f 8400 | f413 000b | 25ff ffff | 7f44 8b5c | 2444 4585 | db0f 86d5 | 0a00 003d | 0000 0080 
  0x00007585f0787924: 7508 33d2 | 4183 fbff | 7404 9941 | f7fb 4c8b | 5424 5045 | 8b42 1445 | 8b58 0c41 | 8b6a 184c 
  0x00007585f0787944: 8b54 2468 | 4d8b ca41 | 3bd3 0f83 | 5809 0000 | 418b 4c90 | 104d 8b97 

  0x00007585f078795c: ; ImmutableOopMap {r8=NarrowOop r9=NarrowOop rcx=NarrowOop rbp=NarrowOop [0]=Oop [12]=NarrowOop [24]=Oop [32]=Oop [44]=NarrowOop [48]=Oop [64]=NarrowOop [72]=NarrowOop [80]=Oop [88]=Oop [104]=Oop }
                      ;*ifnonnull {reexecute=1 rethrow=0 return_oop=0}
                      ; - (reexecute) org.eclipse.jdt.internal.compiler.util.HashtableOfObject::put@58 (line 101)
                      ; - org.eclipse.jdt.internal.core.index.DiskIndex::copyQueryResults@196 (line 397)
  0x00007585f078795c: 5804 0000 

  0x00007585f0787960: ;   {poll}
  0x00007585f0787960: 4185 0285 | c90f 84f5 | 0100 0048 | 8bf9 488b | 7424 5848 | 3bfe 0f84 | b700 0000 | 4885 ff0f 
  0x00007585f0787980: 84b5 0000 | 0048 85f6 | 0f84 ac00 | 0000 8b4f | 0c3b 4e0c | 0f85 a000 | 0000 85c9 | 0f84 9100 
  0x00007585f07879a0: 0000 488d | 7f10 488d | 7610 d1e1 | 8bc1 83e0 | 0f83 e1f0 | 0f84 4b00 | 0000 488d | 3c0f 488d 
  0x00007585f07879c0: 340e 48f7 | d9c5 fa6f | 040f c5fa | 6f0c 0ec5 | f9ef c1c4 | e279 17c0 | 0f85 5c00 | 0000 4883 
  0x00007585f07879e0: c110 75e1 | 85c0 0f84 | 4700 0000 | c5fa 6f44 | 07f0 c5fa | 6f4c 06f0 | c5f9 efc1 | c4e2 7917 
  0x00007585f0787a00: c075 37eb | 2e8b c883 | e1fc 7419 | 488d 3c0f | 488d 340e | 48f7 d98b | 1c0f 3b1c | 0e75 1b48 
  0x00007585f0787a20: 83c1 0475 | f2a8 0274 | 0a0f b71f | 0fb7 0e3b | d975 07b8 | 0100 0000 | eb02 33c0 | 85c0 0f85 
  0x00007585f0787a40: 1202 0000 | ffc2 3b54 | 2444 0f84 | 0501 0000 | 413b d30f | 8327 0b00 | 0041 8b4c 

  0x00007585f0787a5c: ;   {no_reloc}
  0x00007585f0787a5c: 9010 4d8b | 9758 0400 

  0x00007585f0787a64: ; ImmutableOopMap {r8=NarrowOop r9=NarrowOop rcx=NarrowOop rbp=NarrowOop [0]=Oop [12]=NarrowOop [24]=Oop [32]=Oop [44]=NarrowOop [48]=Oop [64]=NarrowOop [72]=NarrowOop [80]=Oop [88]=Oop [104]=Oop }
                      ;*ifnonnull {reexecute=1 rethrow=0 return_oop=0}
                      ; - (reexecute) org.eclipse.jdt.internal.compiler.util.HashtableOfObject::put@58 (line 101)
                      ; - org.eclipse.jdt.internal.core.index.DiskIndex::copyQueryResults@196 (line 397)
                      ;   {poll}
  0x00007585f0787a64: 0041 8502 | 85c9 0f84 | f000 0000 | 488b f948 | 8b74 2458 | 483b fe0f | 84b7 0000 | 0048 85ff 
  0x00007585f0787a84: 0f84 b500 | 0000 4885 | f60f 84ac | 0000 008b | 4f0c 3b4e | 0c0f 85a0 | 0000 0085 | c90f 8491 
  0x00007585f0787aa4: 0000 0048 | 8d7f 1048 | 8d76 10d1 | e18b c183 | e00f 83e1 | f00f 844b | 0000 0048 | 8d3c 0f48 
  0x00007585f0787ac4: 8d34 0e48 | f7d9 c5fa | 6f04 0fc5 | fa6f 0c0e | c5f9 efc1 | c4e2 7917 | c00f 855c | 0000 0048 
  0x00007585f0787ae4: 83c1 1075 | e185 c00f | 8447 0000 | 00c5 fa6f | 4407 f0c5 | fa6f 4c06 | f0c5 f9ef | c1c4 e279 
  0x00007585f0787b04: 17c0 7537 | eb2e 8bc8 | 83e1 fc74 | 1948 8d3c | 0f48 8d34 | 0e48 f7d9 | 8b1c 0f3b | 1c0e 751b 
  0x00007585f0787b24: 4883 c104 | 75f2 a802 | 740a 0fb7 | 1f0f b70e | 3bd9 7507 | b801 0000 | 00eb 0233 | c085 c00f 
  0x00007585f0787b44: 850d 0100 | 00ff c23b | 5424 440f | 85fb feff | ff45 33d2 | 418b d2e9 | ebfd ffff | 413b d30f 
  0x00007585f0787b64: ;   {no_reloc}
  0x00007585f0787b64: 83df 0800 | 0048 63ca | 4d8b d048 | c1e1 024d | 8d54 0810 | 448b 4424 | 4045 8902 | 49c1 ea09 
  0x00007585f0787b84: 49bb 0090 | 2206 8675 | 0000 4788 | 2413 448b | 550c 413b | d20f 8319 | 0900 0044 

  0x00007585f0787ba0: ;   {metadata('java/lang/Object'[])}
  0x00007585f0787ba0: 8b55 0841 | 81fa 7012 | 0000 0f85 | 5c09 0000 | 4c8b 5424 | 5045 8b52 | 104c 8b5c | 2450 458b 
  0x00007585f0787bc0: 430c 4c8b | dd4c 8d5c | 0d10 4589 | 0b41 ffc0 | 4c8b 4c24 | 5045 8941 | 0c49 c1eb | 0949 b900 
  0x00007585f0787be0: 9022 0686 | 7500 0047 | 8824 1945 | 3bc2 7f33 | 448b 5424 | 3844 8b5c | 242c 448b | 4c24 284c 
  0x00007585f0787c00: 8b44 2430 | 8b7c 243c | e984 f5ff | ff48 81c4 | 9000 0000 

  0x00007585f0787c14: ;   {poll_return}
  0x00007585f0787c14: 5d49 3ba7 | 5004 0000 | 0f87 1a11 | 0000 c348 | 8b74 2450 

  0x00007585f0787c28: ;   {optimized virtual_call}
  0x00007585f0787c28: 6666 90e8 

  0x00007585f0787c2c: ; ImmutableOopMap {[0]=Oop [12]=NarrowOop [24]=Oop [32]=Oop [44]=NarrowOop [48]=Oop [72]=NarrowOop [80]=Oop [104]=Oop }
                      ;*invokevirtual rehash {reexecute=0 rethrow=0 return_oop=0}
                      ; - org.eclipse.jdt.internal.compiler.util.HashtableOfObject::put@96 (line 114)
                      ; - org.eclipse.jdt.internal.core.index.DiskIndex::copyQueryResults@196 (line 397)
  0x00007585f0787c2c: 50d4 5fff 

  0x00007585f0787c30: ;   {other}
  0x00007585f0787c30: 0f1f 8400 | 2017 000e | ebb6 448b | 5424 388b | 6c24 0c44 | 8b4c 2414 | 448b 4424 | 488b 4c24 
  0x00007585f0787c50: 10e9 c0ec | ffff 448b | 550c 413b | d20f 832d | 0a00 0044 

  0x00007585f0787c64: ;   {metadata('java/lang/Object'[])}
  0x00007585f0787c64: 8b55 0841 | 81fa 7012 | 0000 0f85 | 5c0a 0000 | 4c8b d54c | 8d54 9510 | 4589 0a49 | c1ea 0949 
  0x00007585f0787c84: bb00 9022 | 0686 7500 | 0047 8824 | 13e9 5aff | ffff 4183 | fb01 0f85 | 700a 0000 | 4585 db0f 
  0x00007585f0787ca4: 86bf 0a00 | 000f b741 | 1083 c01f | e960 f5ff | ff41 83fb | 010f 8501 | 0b00 0045 | 85db 0f86 
  0x00007585f0787cc4: 380b 0000 | 448b 5c24 | 4041 0fb7 | 4310 83c0 | 1fe9 77f3 | ffff 4183 | fb01 0f85 | 600b 0000 
  0x00007585f0787ce4: 4585 db0f | 8693 0b00 | 0044 0fb7 | 6f10 4183 | c51f e901 | edff ff48 | 8b74 2450 

  0x00007585f0787d00: ;   {optimized virtual_call}
  0x00007585f0787d00: 6666 90e8 

  0x00007585f0787d04: ; ImmutableOopMap {[0]=Oop [12]=NarrowOop [24]=Oop [32]=Oop [44]=NarrowOop [48]=Oop [72]=NarrowOop [80]=Oop }
                      ;*invokevirtual rehash {reexecute=0 rethrow=0 return_oop=0}
                      ; - org.eclipse.jdt.internal.compiler.util.HashtableOfObject::putUnsafely@74 (line 141)
                      ; - org.eclipse.jdt.internal.core.index.DiskIndex::copyQueryResults@144 (line 391)
  0x00007585f0787d04: 5890 ffff 

  0x00007585f0787d08: ;   {other}
  0x00007585f0787d08: 0f1f 8400 | f817 000f | e964 f4ff | ff41 83fb | 010f 8599 | 0b00 0045 | 85db 0f86 | 0c0c 0000 
  0x00007585f0787d28: 448b 5c24 | 4045 0fb7 | 5310 4183 | c21f 418b | c2e9 d3fb 

  0x00007585f0787d3c: ;   {metadata({type array int})}
  0x00007585f0787d3c: ffff 48be | 0827 009f | 8575 0000 | ba01 0000 

  0x00007585f0787d4c: ;   {runtime_call _new_array_Java}
  0x00007585f0787d4c: 0066 90e8 

  0x00007585f0787d50: ; ImmutableOopMap {[0]=Oop [12]=NarrowOop [24]=Oop [32]=Oop [44]=NarrowOop [48]=Oop [64]=NarrowOop [72]=NarrowOop [80]=Oop [88]=Oop }
                      ;*newarray {reexecute=0 rethrow=0 return_oop=1}
                      ; - org.eclipse.jdt.internal.core.index.DiskIndex::copyQueryResults@138 (line 391)
  0x00007585f0787d50: ac03 6cff 

  0x00007585f0787d54: ;   {other}
  0x00007585f0787d54: 0f1f 8400 | 4418 0010 | 488b e8e9 | b1f2 ffff | 41ff c2e9 | b6ef ffff | 4489 5c24 | 5c44 8954 
  0x00007585f0787d74: ;   {metadata({type array int})}
  0x00007585f0787d74: 2408 48be | 0827 009f | 8575 0000 

  0x00007585f0787d80: ;   {runtime_call _new_array_Java}
  0x00007585f0787d80: 418b d2e8 

  0x00007585f0787d84: ; ImmutableOopMap {rbp=NarrowOop [0]=Oop [12]=NarrowOop [24]=Oop [32]=Oop [44]=NarrowOop [48]=Oop [64]=Oop [72]=NarrowOop [80]=Oop }
                      ;*newarray {reexecute=0 rethrow=0 return_oop=1}
                      ; - org.eclipse.jdt.internal.core.index.DiskIndex$IntList::add@35 (line 92)
                      ; - org.eclipse.jdt.internal.core.index.DiskIndex::copyQueryResults@164 (line 393)
  0x00007585f0787d84: 7803 6cff 

  0x00007585f0787d88: ;   {other}
  0x00007585f0787d88: 0f1f 8400 | 7818 0011 | 4c8b c844 | 8b5c 245c | e91a f8ff 

  0x00007585f0787d9c: ;   {metadata('org/eclipse/jdt/internal/core/index/DiskIndex$IntList')}
  0x00007585f0787d9c: ff48 be88 | df6b a085 

  0x00007585f0787da4: ;   {runtime_call _new_instance_Java}
  0x00007585f0787da4: 7500 00e8 

  0x00007585f0787da8: ; ImmutableOopMap {[0]=Oop [12]=NarrowOop [24]=Oop [32]=Oop [44]=NarrowOop [48]=Oop [64]=NarrowOop [68]=NarrowOop [72]=NarrowOop [80]=Oop [88]=Oop [96]=Oop }
                      ;*new {reexecute=0 rethrow=0 return_oop=1}
                      ; - org.eclipse.jdt.internal.core.index.DiskIndex::copyQueryResults@170 (line 395)
  0x00007585f0787da8: 5406 6cff 

  0x00007585f0787dac: ;   {other}
  0x00007585f0787dac: 0f1f 8400 | 9c18 0012 | 4c8b d8e9 | 2df9 ffff 

  0x00007585f0787dbc: ;   {metadata({type array int})}
  0x00007585f0787dbc: 418b ea48 | be08 2700 | 9f85 7500 | 0041 8bd2 

  0x00007585f0787dcc: ;   {runtime_call _new_array_Java}
  0x00007585f0787dcc: 6666 90e8 

  0x00007585f0787dd0: ; ImmutableOopMap {[0]=Oop [12]=NarrowOop [24]=Oop [32]=Oop [44]=NarrowOop [48]=Oop [64]=NarrowOop [72]=NarrowOop [80]=Oop [88]=Oop [96]=Oop [104]=Oop }
                      ;*newarray {reexecute=0 rethrow=0 return_oop=1}
                      ; - org.eclipse.jdt.internal.core.index.DiskIndex$IntList::add@35 (line 92)
                      ; - org.eclipse.jdt.internal.core.index.DiskIndex::copyQueryResults@187 (line 396)
  0x00007585f0787dd0: 2c03 6cff 

  0x00007585f0787dd4: ;   {other}
  0x00007585f0787dd4: 0f1f 8400 | c418 0013 | 4c8b c0e9 | 58fa ffff | 4489 1c24 

  0x00007585f0787de8: ;   {metadata('org/eclipse/jdt/internal/compiler/util/HashtableOfObject')}
  0x00007585f0787de8: 498b e848 | be00 e05a | a085 7500 

  0x00007585f0787df4: ;   {runtime_call _new_instance_Java}
  0x00007585f0787df4: 0066 90e8 

  0x00007585f0787df8: ; ImmutableOopMap {rbp=Oop [0]=NarrowOop [12]=NarrowOop [24]=Oop [32]=Oop [40]=NarrowOop [48]=Oop [64]=Oop [72]=NarrowOop }
                      ;*new {reexecute=0 rethrow=0 return_oop=1}
                      ; - org.eclipse.jdt.internal.core.index.DiskIndex::copyQueryResults@67 (line 384)
  0x00007585f0787df8: 0406 6cff 

  0x00007585f0787dfc: ;   {other}
  0x00007585f0787dfc: 0f1f 8400 | ec18 0014 | 4c8b c544 | 8b1c 24e9 | dcee ffff | 4c89 0424 | 418b eb48 | 8944 2450 
  0x00007585f0787e1c: 4489 5424 

  0x00007585f0787e20: ;   {metadata({type array char}[])}
  0x00007585f0787e20: 0848 be68 | 9b0d a085 | 7500 008b 

  0x00007585f0787e2c: ;   {runtime_call _new_array_Java}
  0x00007585f0787e2c: 5424 08e8 

  0x00007585f0787e30: ; ImmutableOopMap {rbp=NarrowOop [0]=Oop [12]=NarrowOop [24]=Oop [32]=Oop [40]=NarrowOop [48]=Oop [64]=Oop [72]=NarrowOop [80]=Oop }
                      ;*anewarray {reexecute=0 rethrow=0 return_oop=1}
                      ; - org.eclipse.jdt.internal.compiler.util.HashtableOfObject::<init>@63 (line 56)
                      ; - org.eclipse.jdt.internal.core.index.DiskIndex::copyQueryResults@76 (line 384)
  0x00007585f0787e30: cc02 6cff 

  0x00007585f0787e34: ;   {other}
  0x00007585f0787e34: 0f1f 8400 | 2419 0015 | 4c8b c0e9 | f6ef ffff 

  0x00007585f0787e44: ;   {metadata('java/lang/Object'[])}
  0x00007585f0787e44: 458b ca48 | be70 1200 | 9f85 7500 | 0041 8bd1 

  0x00007585f0787e54: ;   {runtime_call _new_array_Java}
  0x00007585f0787e54: 6666 90e8 

  0x00007585f0787e58: ; ImmutableOopMap {rbp=NarrowOop [0]=Oop [12]=NarrowOop [24]=Oop [32]=Oop [40]=NarrowOop [48]=Oop [64]=Oop [72]=NarrowOop [80]=Oop }
                      ;*anewarray {reexecute=0 rethrow=0 return_oop=1}
                      ; - org.eclipse.jdt.internal.compiler.util.HashtableOfObject::<init>@71 (line 57)
                      ; - org.eclipse.jdt.internal.core.index.DiskIndex::copyQueryResults@76 (line 384)
  0x00007585f0787e58: a402 6cff 

  0x00007585f0787e5c: ;   {other}
  0x00007585f0787e5c: 0f1f 8400 | 4c19 0016 | 4c8b c0e9 | d3f0 ffff | bee4 ffff | ff48 8b2c | 2444 8b54 | 2438 4489 
  0x00007585f0787e7c: 1424 448b | 4424 0c44 | 8944 2404 | 448b 5424 | 1044 8954 | 2408 448b | 4424 1444 | 8944 240c 
  0x00007585f0787e9c: 448b 5424 | 4044 8954 | 2418 448b | 4424 3c44 | 8944 241c | 448b 5424 | 2844 8954 | 2420 448b 
  0x00007585f0787ebc: 4424 2c44 | 8944 2424 | 448b 4424 | 4444 8944 | 2434 4489 | 5c24 3c89 

  0x00007585f0787ed4: ;   {runtime_call UncommonTrapBlob}
  0x00007585f0787ed4: 5424 40e8 

  0x00007585f0787ed8: ; ImmutableOopMap {rbp=Oop [4]=NarrowOop [24]=NarrowOop [36]=NarrowOop [60]=NarrowOop [72]=NarrowOop [80]=Oop }
                      ;*aaload {reexecute=0 rethrow=0 return_oop=0}
                      ; - org.eclipse.jdt.internal.compiler.util.HashtableOfObject::get@47 (line 86)
                      ; - org.eclipse.jdt.internal.core.index.DiskIndex::copyQueryResults@123 (line 389)
  0x00007585f0787ed8: 2424 60ff 

  0x00007585f0787edc: ;   {other}
  0x00007585f0787edc: 0f1f 8400 | cc19 0017 | be86 ffff 

  0x00007585f0787ee8: ;   {runtime_call UncommonTrapBlob}
  0x00007585f0787ee8: ff8b e8e8 

  0x00007585f0787eec: ; ImmutableOopMap {}
                      ;*irem {reexecute=0 rethrow=0 return_oop=0}
                      ; - org.eclipse.jdt.internal.compiler.util.HashtableOfObject::get@11 (line 84)
                      ; - org.eclipse.jdt.internal.core.index.DiskIndex::copyQueryResults@123 (line 389)
  0x00007585f0787eec: 1024 60ff 

  0x00007585f0787ef0: ;   {other}
  0x00007585f0787ef0: 0f1f 8400 | e019 0018 | bee4 ffff | ff48 8b2c | 2444 8b5c | 240c 4489 | 5c24 0444 | 8b54 2410 
  0x00007585f0787f10: 4489 5424 | 0844 8b5c | 2414 4489 | 5c24 0c44 | 8b54 2428 | 4489 5424 | 2044 8b54 | 242c 4489 
  0x00007585f0787f30: 5424 2444 | 8944 2428 | 8954 242c 

  0x00007585f0787f3c: ;   {runtime_call UncommonTrapBlob}
  0x00007585f0787f3c: 6666 90e8 

  0x00007585f0787f40: ; ImmutableOopMap {rbp=Oop [4]=NarrowOop [36]=NarrowOop [40]=NarrowOop [64]=NarrowOop [72]=NarrowOop [80]=Oop }
                      ;*aaload {reexecute=0 rethrow=0 return_oop=0}
                      ; - org.eclipse.jdt.internal.compiler.util.HashtableOfObject::get@30 (line 88)
                      ; - org.eclipse.jdt.internal.core.index.DiskIndex::copyQueryResults@123 (line 389)
  0x00007585f0787f40: bc23 60ff 

  0x00007585f0787f44: ;   {other}
  0x00007585f0787f44: 0f1f 8400 | 341a 0019 | bee4 ffff | ff44 8b5c | 2438 4489 | 5c24 0844 | 8b54 243c | 4489 5424 
  0x00007585f0787f64: 2044 8b5c | 2428 4489 | 5c24 2444 | 8b54 242c | 4489 5424 | 2844 8b5c | 2440 4489 | 5c24 2c44 
  0x00007585f0787f84: 8944 2440 | 8954 2444 

  0x00007585f0787f8c: ;   {runtime_call UncommonTrapBlob}
  0x00007585f0787f8c: 6666 90e8 

  0x00007585f0787f90: ; ImmutableOopMap {rbp=Oop [0]=Oop [12]=NarrowOop [40]=NarrowOop [44]=NarrowOop [64]=NarrowOop [72]=NarrowOop [80]=Oop }
                      ;*aaload {reexecute=0 rethrow=0 return_oop=0}
                      ; - org.eclipse.jdt.internal.compiler.util.HashtableOfObject::putUnsafely@35 (line 131)
                      ; - org.eclipse.jdt.internal.core.index.DiskIndex::copyQueryResults@144 (line 391)
  0x00007585f0787f90: 6c23 60ff 

  0x00007585f0787f94: ;   {other}
  0x00007585f0787f94: 0f1f 8400 | 841a 001a | bee4 ffff | ff44 8b5c | 2438 4489 | 5c24 0844 | 8b54 243c | 4489 5424 
  0x00007585f0787fb4: 2044 8b5c | 2428 4489 | 5c24 2444 | 8b54 242c | 4489 5424 | 2844 8944 | 2438 8954 

  0x00007585f0787fd0: ;   {runtime_call UncommonTrapBlob}
  0x00007585f0787fd0: 243c 90e8 

  0x00007585f0787fd4: ; ImmutableOopMap {rbp=Oop [0]=Oop [12]=NarrowOop [40]=NarrowOop [56]=NarrowOop [64]=NarrowOop [72]=NarrowOop [80]=Oop }
                      ;*aastore {reexecute=1 rethrow=0 return_oop=0}
                      ; - (reexecute) org.eclipse.jdt.internal.compiler.util.HashtableOfObject::putUnsafely@46 (line 136)
                      ; - org.eclipse.jdt.internal.core.index.DiskIndex::copyQueryResults@144 (line 391)
  0x00007585f0787fd4: 2823 60ff 

  0x00007585f0787fd8: ;   {other}
  0x00007585f0787fd8: 0f1f 8400 | c81a 001b | bee4 ffff | ff44 8b54 | 2438 4489 | 5424 0844 | 8b5c 243c | 4489 5c24 
  0x00007585f0787ff8: 2044 8b54 | 2428 4489 | 5424 2444 | 8b54 242c | 4489 5424 | 2844 894c | 242c 8954 

  0x00007585f0788014: ;   {runtime_call UncommonTrapBlob}
  0x00007585f0788014: 2438 90e8 

  0x00007585f0788018: ; ImmutableOopMap {rbp=Oop [0]=Oop [12]=NarrowOop [40]=NarrowOop [44]=NarrowOop [72]=NarrowOop [80]=Oop }
                      ;*aastore {reexecute=1 rethrow=0 return_oop=0}
                      ; - (reexecute) org.eclipse.jdt.internal.compiler.util.HashtableOfObject::putUnsafely@54 (line 137)
                      ; - org.eclipse.jdt.internal.core.index.DiskIndex::copyQueryResults@144 (line 391)
  0x00007585f0788018: e422 60ff 

  0x00007585f078801c: ;   {other}
  0x00007585f078801c: 0f1f 8400 | 0c1b 001c | be86 ffff 

  0x00007585f0788028: ;   {runtime_call UncommonTrapBlob}
  0x00007585f0788028: ff8b e8e8 

  0x00007585f078802c: ; ImmutableOopMap {}
                      ;*irem {reexecute=0 rethrow=0 return_oop=0}
                      ; - org.eclipse.jdt.internal.compiler.util.HashtableOfObject::putUnsafely@11 (line 130)
                      ; - org.eclipse.jdt.internal.core.index.DiskIndex::copyQueryResults@144 (line 391)
  0x00007585f078802c: d022 60ff 

  0x00007585f0788030: ;   {other}
  0x00007585f0788030: 0f1f 8400 | 201b 001d | bed6 ffff | ff44 8b5c | 2438 4489 | 5c24 0844 | 8b5c 243c | 4489 5c24 
  0x00007585f0788050: 2044 8b54 | 2428 4489 | 5424 2444 | 8b5c 242c | 4489 5c24 | 2844 894c | 242c 8954 

  0x00007585f078806c: ;   {runtime_call UncommonTrapBlob}
  0x00007585f078806c: 2438 90e8 

  0x00007585f0788070: ; ImmutableOopMap {rbp=Oop [0]=Oop [12]=NarrowOop [40]=NarrowOop [44]=NarrowOop [72]=NarrowOop [80]=Oop }
                      ;*aastore {reexecute=1 rethrow=0 return_oop=0}
                      ; - (reexecute) org.eclipse.jdt.internal.compiler.util.HashtableOfObject::putUnsafely@54 (line 137)
                      ; - org.eclipse.jdt.internal.core.index.DiskIndex::copyQueryResults@144 (line 391)
  0x00007585f0788070: 8c22 60ff 

  0x00007585f0788074: ;   {other}
  0x00007585f0788074: 0f1f 8400 | 641b 001e | bee4 ffff | ff48 8b2c | 2444 8b54 | 2438 4489 | 1424 448b | 4424 0c44 
  0x00007585f0788094: 8944 2404 | 448b 5424 | 1044 8954 | 2408 448b | 4424 1444 | 8944 240c | 448b 5424 | 4044 8954 
  0x00007585f07880b4: 2418 448b | 5424 3c44 | 8954 241c | 448b 4424 | 2844 8944 | 2420 448b | 5424 2c44 | 8954 2424 
  0x00007585f07880d4: 448b 5424 | 4444 8954 | 2434 4489 | 5c24 3c89 

  0x00007585f07880e4: ;   {runtime_call UncommonTrapBlob}
  0x00007585f07880e4: 5424 40e8 

  0x00007585f07880e8: ; ImmutableOopMap {rbp=Oop [4]=NarrowOop [24]=NarrowOop [36]=NarrowOop [60]=NarrowOop [72]=NarrowOop [80]=Oop }
                      ;*aaload {reexecute=0 rethrow=0 return_oop=0}
                      ; - org.eclipse.jdt.internal.compiler.util.HashtableOfObject::get@47 (line 86)
                      ; - org.eclipse.jdt.internal.core.index.DiskIndex::copyQueryResults@123 (line 389)
  0x00007585f07880e8: 1422 60ff 

  0x00007585f07880ec: ;   {other}
  0x00007585f07880ec: 0f1f 8400 | dc1b 001f | bee4 ffff | ff44 8b5c | 2428 4489 | 5c24 2444 | 8b54 242c | 4489 5424 
  0x00007585f078810c: ;   {runtime_call UncommonTrapBlob}
  0x00007585f078810c: 2866 90e8 

  0x00007585f0788110: ; ImmutableOopMap {rbp=NarrowOop [0]=Oop [12]=NarrowOop [40]=NarrowOop [72]=NarrowOop [80]=Oop }
                      ;*iastore {reexecute=0 rethrow=0 return_oop=0}
                      ; - org.eclipse.jdt.internal.core.index.DiskIndex$IntList::add@65 (line 94)
                      ; - org.eclipse.jdt.internal.core.index.DiskIndex::copyQueryResults@164 (line 393)
  0x00007585f0788110: ec21 60ff 

  0x00007585f0788114: ;   {other}
  0x00007585f0788114: 0f1f 8400 | 041c 0020 | bee4 ffff | ff44 8b54 | 2438 4489 | 5424 0844 | 8b54 243c | 4489 5424 
  0x00007585f0788134: 2044 8b5c | 2428 4489 | 5c24 2444 | 8b54 242c | 4489 5424 | 2844 8b5c | 2440 4489 | 5c24 2c44 
  0x00007585f0788154: 8944 2440 | 8954 2444 

  0x00007585f078815c: ;   {runtime_call UncommonTrapBlob}
  0x00007585f078815c: 6666 90e8 

  0x00007585f0788160: ; ImmutableOopMap {rbp=Oop [0]=Oop [12]=NarrowOop [40]=NarrowOop [44]=NarrowOop [64]=NarrowOop [72]=NarrowOop [80]=Oop }
                      ;*aaload {reexecute=0 rethrow=0 return_oop=0}
                      ; - org.eclipse.jdt.internal.compiler.util.HashtableOfObject::putUnsafely@35 (line 131)
                      ; - org.eclipse.jdt.internal.core.index.DiskIndex::copyQueryResults@144 (line 391)
  0x00007585f0788160: 9c21 60ff 

  0x00007585f0788164: ;   {other}
  0x00007585f0788164: 0f1f 8400 | 541c 0021 | bee4 ffff | ff44 8b54 | 2438 4489 | 5424 0844 | 8b44 2428 | 4489 4424 
  0x00007585f0788184: 1c4c 8b54 | 2430 4c89 | 5424 2844 | 895c 2424 | 4489 4c24 | 3089 5424 

  0x00007585f078819c: ;   {runtime_call UncommonTrapBlob}
  0x00007585f078819c: 3866 90e8 

  0x00007585f07881a0: ; ImmutableOopMap {rbp=NarrowOop [0]=Oop [12]=NarrowOop [28]=NarrowOop [36]=NarrowOop [40]=Oop [72]=NarrowOop }
                      ;*aaload {reexecute=0 rethrow=0 return_oop=0}
                      ; - org.eclipse.jdt.internal.compiler.util.HashtableOfObject::get@47 (line 86)
                      ; - org.eclipse.jdt.internal.core.index.DiskIndex::copyQueryResults@48 (line 382)
  0x00007585f07881a0: 5c21 60ff 

  0x00007585f07881a4: ;   {other}
  0x00007585f07881a4: 0f1f 8400 | 941c 0022 | bee4 ffff | ff44 894c | 2410 897c | 2414 894c | 2418 4489 

  0x00007585f07881c0: ;   {runtime_call UncommonTrapBlob}
  0x00007585f07881c0: 4424 20e8 

  0x00007585f07881c4: ; ImmutableOopMap {rbp=NarrowOop [0]=Oop [20]=NarrowOop [32]=NarrowOop }
                      ;*aaload {reexecute=0 rethrow=0 return_oop=0}
                      ; - org.eclipse.jdt.internal.core.index.DiskIndex::copyQueryResults@36 (line 381)
  0x00007585f07881c4: 3821 60ff 

  0x00007585f07881c8: ;   {other}
  0x00007585f07881c8: 0f1f 8400 | b81c 0023 | be86 ffff | ff41 8bed 

  0x00007585f07881d8: ;   {runtime_call UncommonTrapBlob}
  0x00007585f07881d8: 6666 90e8 

  0x00007585f07881dc: ; ImmutableOopMap {}
                      ;*irem {reexecute=0 rethrow=0 return_oop=0}
                      ; - org.eclipse.jdt.internal.compiler.util.HashtableOfObject::get@11 (line 84)
                      ; - org.eclipse.jdt.internal.core.index.DiskIndex::copyQueryResults@48 (line 382)
  0x00007585f07881dc: 2021 60ff 

  0x00007585f07881e0: ;   {other}
  0x00007585f07881e0: 0f1f 8400 | d01c 0024 | be76 ffff | ff48 8b2c | 2444 8b54 | 240c 4489 | 5424 0444 | 8b44 2410 
  0x00007585f0788200: 4489 4424 | 0844 8b54 | 2414 4489 | 5424 0c44 | 895c 241c | 4489 4c24 

  0x00007585f0788218: ;   {runtime_call UncommonTrapBlob}
  0x00007585f0788218: 2066 90e8 

  0x00007585f078821c: ; ImmutableOopMap {rbp=Oop [4]=NarrowOop [28]=NarrowOop [72]=NarrowOop [80]=Oop }
                      ;*if_icmplt {reexecute=1 rethrow=0 return_oop=0}
                      ; - (reexecute) org.eclipse.jdt.internal.core.index.DiskIndex::copyQueryResults@207 (line 387)
  0x00007585f078821c: e020 60ff 

  0x00007585f0788220: ;   {other}
  0x00007585f0788220: 0f1f 8400 | 101d 0025 | bee4 ffff | ff44 8b5c | 2428 4489 | 5c24 1889 

  0x00007585f0788238: ;   {runtime_call UncommonTrapBlob}
  0x00007585f0788238: 5424 28e8 

  0x00007585f078823c: ; ImmutableOopMap {rbp=NarrowOop [0]=Oop [12]=NarrowOop [24]=NarrowOop [48]=Oop [72]=NarrowOop }
                      ;*aaload {reexecute=0 rethrow=0 return_oop=0}
                      ; - org.eclipse.jdt.internal.compiler.util.HashtableOfObject::get@30 (line 88)
                      ; - org.eclipse.jdt.internal.core.index.DiskIndex::copyQueryResults@48 (line 382)
  0x00007585f078823c: c020 60ff 

  0x00007585f0788240: ;   {other}
  0x00007585f0788240: 0f1f 8400 | 301d 0026 | 4d63 c2e9 | 8af2 ffff | 448b 4424 | 4ceb 0544 | 8b44 244c | becc ffff 
  0x00007585f0788260: ff44 8b54 | 243c 4489 | 5424 2044 | 8b5c 2428 | 4489 5c24 | 2444 8b54 | 242c 4489 | 5424 284c 
  0x00007585f0788280: 8b54 2440 | 4c89 5424 | 3044 8b5c | 2438 4489 | 5c24 2c4c | 894c 2440 | 4489 4424 

  0x00007585f078829c: ;   {runtime_call UncommonTrapBlob}
  0x00007585f078829c: 3c66 90e8 

  0x00007585f07882a0: ; ImmutableOopMap {rbp=NarrowOop [0]=Oop [12]=NarrowOop [40]=NarrowOop [48]=Oop [64]=Oop [72]=NarrowOop [80]=Oop }
                      ;*invokestatic arraycopy {reexecute=0 rethrow=0 return_oop=0}
                      ; - org.eclipse.jdt.internal.core.index.DiskIndex$IntList::add@46 (line 92)
                      ; - org.eclipse.jdt.internal.core.index.DiskIndex::copyQueryResults@164 (line 393)
  0x00007585f07882a0: 5c20 60ff 

  0x00007585f07882a4: ;   {other}
  0x00007585f07882a4: 0f1f 8400 | 941d 0027 | bee4 ffff | ff48 8b2c | 2444 8b5c | 2438 4489 | 1c24 448b | 5424 0c44 
  0x00007585f07882c4: 8954 2404 | 448b 5c24 | 1044 895c | 2408 448b | 5424 1444 | 8954 240c | 448b 5c24 | 3c44 895c 
  0x00007585f07882e4: 2418 448b | 5424 2844 | 8954 241c | 448b 5c24 | 2c44 895c | 2420 448b | 5c24 4044 | 895c 2424 
  0x00007585f0788304: 448b 5424 | 4844 8954 | 2430 448b | 5c24 4444 | 895c 2434 | 4489 4424 | 4489 5424 

  0x00007585f0788320: ;   {runtime_call UncommonTrapBlob}
  0x00007585f0788320: 4866 90e8 

  0x00007585f0788324: ; ImmutableOopMap {rbp=Oop [4]=NarrowOop [32]=NarrowOop [36]=NarrowOop [48]=NarrowOop [68]=NarrowOop [80]=Oop [104]=Oop }
                      ;*aaload {reexecute=0 rethrow=0 return_oop=0}
                      ; - org.eclipse.jdt.internal.compiler.util.HashtableOfObject::put@54 (line 101)
                      ; - org.eclipse.jdt.internal.core.index.DiskIndex::copyQueryResults@196 (line 397)
  0x00007585f0788324: d81f 60ff 

  0x00007585f0788328: ;   {other}
  0x00007585f0788328: 0f1f 8400 | 181e 0028 | 4963 cae9 | f5f3 ffff | bee4 ffff | ff44 8b5c | 2440 4489 | 5c24 2044 
  0x00007585f0788348: 8b54 243c | 4489 5424 | 2444 8b5c | 2438 4489 | 5c24 3044 | 894c 2440 

  0x00007585f0788360: ;   {runtime_call UncommonTrapBlob}
  0x00007585f0788360: 6666 90e8 

  0x00007585f0788364: ; ImmutableOopMap {[0]=Oop [12]=NarrowOop [32]=NarrowOop [44]=NarrowOop [64]=NarrowOop [72]=NarrowOop [80]=Oop [104]=Oop }
                      ;*iastore {reexecute=0 rethrow=0 return_oop=0}
                      ; - org.eclipse.jdt.internal.core.index.DiskIndex$IntList::add@65 (line 94)
                      ; - org.eclipse.jdt.internal.core.index.DiskIndex::copyQueryResults@187 (line 396)
  0x00007585f0788364: 981f 60ff 

  0x00007585f0788368: ;   {other}
  0x00007585f0788368: 0f1f 8400 | 581e 0029 | becc ffff | ff48 8b2c | 2444 8b54 | 240c 4489 | 5424 0444 | 8b44 2410 
  0x00007585f0788388: 4489 4424 | 0844 8b54 | 2414 4489 | 5424 0c4c | 8b54 2450 | 4c89 5424 | 1044 8b54 | 2440 4489 
  0x00007585f07883a8: 5424 1844 | 8b44 243c | 4489 4424 | 1c44 8b54 | 2428 4489 | 5424 2044 | 8b44 242c | 4489 4424 
  0x00007585f07883c8: 2444 8b54 | 2438 4489 | 5424 2844 | 8b44 2448 | 4489 4424 | 2c4c 894c | 2448 4c89 

  0x00007585f07883e4: ;   {runtime_call UncommonTrapBlob}
  0x00007585f07883e4: 5c24 50e8 

  0x00007585f07883e8: ; ImmutableOopMap {rbp=Oop [4]=NarrowOop [16]=Oop [24]=NarrowOop [36]=NarrowOop [44]=NarrowOop [72]=Oop [80]=Oop [96]=Oop [104]=Oop }
                      ;*invokestatic arraycopy {reexecute=0 rethrow=0 return_oop=0}
                      ; - org.eclipse.jdt.internal.core.index.DiskIndex$IntList::add@46 (line 92)
                      ; - org.eclipse.jdt.internal.core.index.DiskIndex::copyQueryResults@187 (line 396)
  0x00007585f07883e8: 141f 60ff 

  0x00007585f07883ec: ;   {other}
  0x00007585f07883ec: 0f1f 8400 | dc1e 002a | be86 ffff 

  0x00007585f07883f8: ;   {runtime_call UncommonTrapBlob}
  0x00007585f07883f8: ff8b e8e8 

  0x00007585f07883fc: ; ImmutableOopMap {}
                      ;*irem {reexecute=0 rethrow=0 return_oop=0}
                      ; - org.eclipse.jdt.internal.compiler.util.HashtableOfObject::put@11 (line 99)
                      ; - org.eclipse.jdt.internal.core.index.DiskIndex::copyQueryResults@196 (line 397)
  0x00007585f07883fc: 001f 60ff 

  0x00007585f0788400: ;   {other}
  0x00007585f0788400: 0f1f 8400 | f01e 002b | bee4 ffff | ff44 8b44 | 2438 4489 | 4424 0844 | 8b54 2428 | 4489 5424 
  0x00007585f0788420: 1c4c 8b54 | 2430 4c89 | 5424 2844 | 895c 2424 | 4489 4c24 | 3089 5424 

  0x00007585f0788438: ;   {runtime_call UncommonTrapBlob}
  0x00007585f0788438: 3866 90e8 

  0x00007585f078843c: ; ImmutableOopMap {rbp=NarrowOop [0]=Oop [12]=NarrowOop [28]=NarrowOop [36]=NarrowOop [40]=Oop [72]=NarrowOop }
                      ;*aaload {reexecute=0 rethrow=0 return_oop=0}
                      ; - org.eclipse.jdt.internal.compiler.util.HashtableOfObject::get@47 (line 86)
                      ; - org.eclipse.jdt.internal.core.index.DiskIndex::copyQueryResults@48 (line 382)
  0x00007585f078843c: c01e 60ff 

  0x00007585f0788440: ;   {other}
  0x00007585f0788440: 0f1f 8400 | 301f 002c | bee4 ffff | ff48 8b2c | 2444 8b54 | 2438 4489 | 1424 448b | 5c24 0c44 
  0x00007585f0788460: 895c 2404 | 448b 5424 | 1044 8954 | 2408 448b | 5c24 1444 | 895c 240c | 448b 5424 | 3c44 8954 
  0x00007585f0788480: 2418 448b | 5c24 2844 | 895c 241c | 448b 5c24 | 2c44 895c | 2420 448b | 5424 4044 | 8954 2424 
  0x00007585f07884a0: 4489 4424 | 4089 5424 

  0x00007585f07884a8: ;   {runtime_call UncommonTrapBlob}
  0x00007585f07884a8: 4466 90e8 

  0x00007585f07884ac: ; ImmutableOopMap {rbp=Oop [4]=NarrowOop [32]=NarrowOop [36]=NarrowOop [64]=NarrowOop [72]=NarrowOop [80]=Oop [104]=Oop }
                      ;*aastore {reexecute=1 rethrow=0 return_oop=0}
                      ; - (reexecute) org.eclipse.jdt.internal.compiler.util.HashtableOfObject::put@68 (line 109)
                      ; - org.eclipse.jdt.internal.core.index.DiskIndex::copyQueryResults@196 (line 397)
  0x00007585f07884ac: 501e 60ff 

  0x00007585f07884b0: ;   {other}
  0x00007585f07884b0: 0f1f 8400 | a01f 002d | bee4 ffff | ff44 8b54 | 2438 4489 | 5424 0844 | 8b5c 243c | 4489 5c24 
  0x00007585f07884d0: 2044 8b54 | 2428 4489 | 5424 2444 | 8b54 242c | 4489 5424 | 2844 8b54 | 2448 4489 | 5424 2c4c 
  0x00007585f07884f0: 8b54 2468 | 8954 2440 | 4c89 5424 

  0x00007585f07884fc: ;   {runtime_call UncommonTrapBlob}
  0x00007585f07884fc: 4866 90e8 

  0x00007585f0788500: ; ImmutableOopMap {rbp=NarrowOop [0]=Oop [12]=NarrowOop [40]=NarrowOop [44]=NarrowOop [72]=Oop [80]=Oop [104]=Oop }
                      ;*aastore {reexecute=1 rethrow=0 return_oop=0}
                      ; - (reexecute) org.eclipse.jdt.internal.compiler.util.HashtableOfObject::put@76 (line 110)
                      ; - org.eclipse.jdt.internal.core.index.DiskIndex::copyQueryResults@196 (line 397)
  0x00007585f0788500: fc1d 60ff 

  0x00007585f0788504: ;   {other}
  0x00007585f0788504: 0f1f 8400 | f41f 002e | bed6 ffff | ff44 8b5c | 2438 4489 | 5c24 0844 | 8b54 243c | 4489 5424 
  0x00007585f0788524: 2044 8b5c | 2428 4489 | 5c24 2444 | 8b5c 242c | 4489 5c24 | 2844 8b5c | 2448 4489 | 5c24 2c4c 
  0x00007585f0788544: 8b54 2468 | 8954 2440 | 4c89 5424 

  0x00007585f0788550: ;   {runtime_call UncommonTrapBlob}
  0x00007585f0788550: 4866 90e8 

  0x00007585f0788554: ; ImmutableOopMap {rbp=NarrowOop [0]=Oop [12]=NarrowOop [40]=NarrowOop [44]=NarrowOop [72]=Oop [80]=Oop [104]=Oop }
                      ;*aastore {reexecute=1 rethrow=0 return_oop=0}
                      ; - (reexecute) org.eclipse.jdt.internal.compiler.util.HashtableOfObject::put@76 (line 110)
                      ; - org.eclipse.jdt.internal.core.index.DiskIndex::copyQueryResults@196 (line 397)
  0x00007585f0788554: a81d 60ff 

  0x00007585f0788558: ;   {other}
  0x00007585f0788558: 0f1f 8400 | 4820 002f | bef6 ffff | ff8b 6c24 

  0x00007585f0788568: ;   {runtime_call UncommonTrapBlob}
  0x00007585f0788568: 2866 90e8 

  0x00007585f078856c: ; ImmutableOopMap {rbp=NarrowOop [80]=Oop }
                      ;*invokevirtual put {reexecute=0 rethrow=0 return_oop=0}
                      ; - org.eclipse.jdt.internal.core.index.DiskIndex::copyQueryResults@82 (line 384)
  0x00007585f078856c: 901d 60ff 

  0x00007585f0788570: ;   {other}
  0x00007585f0788570: 0f1f 8400 | 6020 0030 | 4d63 cae9 | c8e7 ffff | bee4 ffff | ff48 8b2c | 2444 8b54 | 2438 4489 
  0x00007585f0788590: 1424 448b | 5c24 0c44 | 895c 2404 | 448b 5424 | 1044 8954 | 2408 448b | 5c24 1444 | 895c 240c 
  0x00007585f07885b0: 448b 5424 | 3c44 8954 | 2418 448b | 5c24 2844 | 895c 241c | 448b 5424 | 2c44 8954 | 2420 448b 
  0x00007585f07885d0: 5c24 4044 | 895c 2424 | 448b 5424 | 4844 8954 | 2430 448b | 5c24 4444 | 895c 2434 | 4489 4424 
  0x00007585f07885f0: 4489 5424 

  0x00007585f07885f4: ;   {runtime_call UncommonTrapBlob}
  0x00007585f07885f4: 4866 90e8 

  0x00007585f07885f8: ; ImmutableOopMap {rbp=Oop [4]=NarrowOop [32]=NarrowOop [36]=NarrowOop [48]=NarrowOop [68]=NarrowOop [80]=Oop [104]=Oop }
                      ;*aaload {reexecute=0 rethrow=0 return_oop=0}
                      ; - org.eclipse.jdt.internal.compiler.util.HashtableOfObject::put@54 (line 101)
                      ; - org.eclipse.jdt.internal.core.index.DiskIndex::copyQueryResults@196 (line 397)
  0x00007585f07885f8: 041d 60ff 

  0x00007585f07885fc: ;   {other}
  0x00007585f07885fc: 0f1f 8400 | ec20 0031 | be45 ffff | ff4c 8904 | 2444 8b44 | 2428 4489 | 4424 1848 | 894c 2420 
  0x00007585f078861c: 4489 5c24 | 2848 8944 

  0x00007585f0788624: ;   {runtime_call UncommonTrapBlob}
  0x00007585f0788624: 2430 90e8 

  0x00007585f0788628: ; ImmutableOopMap {[0]=Oop [12]=NarrowOop [24]=NarrowOop [32]=Oop [40]=NarrowOop [48]=Oop [72]=NarrowOop }
                      ;*ifge {reexecute=1 rethrow=0 return_oop=0}
                      ; - (reexecute) org.eclipse.jdt.internal.compiler.util.HashtableOfObject::<init>@5 (line 44)
                      ; - org.eclipse.jdt.internal.core.index.DiskIndex::copyQueryResults@76 (line 384)
  0x00007585f0788628: d41c 60ff 

  0x00007585f078862c: ;   {other}
  0x00007585f078862c: 0f1f 8400 | 1c21 0032 | be3d ffff | ff4c 8904 | 2444 8b44 | 2438 4489 | 4424 0844 | 8b4c 2428 
  0x00007585f078864c: 4489 4c24 | 1848 894c | 2420 4489 | 5c24 2848 | 8944 2438 | 4489 5424 

  0x00007585f0788664: ;   {runtime_call UncommonTrapBlob}
  0x00007585f0788664: 4066 90e8 

  0x00007585f0788668: ; ImmutableOopMap {[0]=Oop [12]=NarrowOop [24]=NarrowOop [32]=Oop [40]=NarrowOop [56]=Oop [72]=NarrowOop }
                      ;*if_icmplt {reexecute=1 rethrow=0 return_oop=0}
                      ; - (reexecute) org.eclipse.jdt.internal.compiler.util.HashtableOfObject::<init>@47 (line 53)
                      ; - org.eclipse.jdt.internal.core.index.DiskIndex::copyQueryResults@76 (line 384)
  0x00007585f0788668: 941c 60ff 

  0x00007585f078866c: ;   {other}
  0x00007585f078866c: 0f1f 8400 | 5c21 0033 | be76 ffff | ff44 894c | 2410 4489 

  0x00007585f0788680: ;   {runtime_call UncommonTrapBlob}
  0x00007585f0788680: 4424 14e8 

  0x00007585f0788684: ; ImmutableOopMap {rbp=NarrowOop [0]=Oop [20]=NarrowOop }
                      ;*if_icmplt {reexecute=1 rethrow=0 return_oop=0}
                      ; - (reexecute) org.eclipse.jdt.internal.core.index.DiskIndex::copyQueryResults@217 (line 378)
  0x00007585f0788684: 781c 60ff 

  0x00007585f0788688: ;   {other}
  0x00007585f0788688: 0f1f 8400 | 7821 0034 | bee4 ffff | ff44 8b5c | 2438 4489 | 5c24 0844 | 8b5c 2428 | 4489 5c24 
  0x00007585f07886a8: 2444 8b54 | 242c 4489 | 5424 284c | 8b54 2468 | 8954 2438 | 4c89 5424 

  0x00007585f07886c0: ;   {runtime_call UncommonTrapBlob}
  0x00007585f07886c0: 4066 90e8 

  0x00007585f07886c4: ; ImmutableOopMap {rbp=NarrowOop [0]=Oop [12]=NarrowOop [40]=NarrowOop [64]=Oop [72]=NarrowOop [80]=Oop [104]=Oop }
                      ;*aastore {reexecute=1 rethrow=0 return_oop=0}
                      ; - (reexecute) org.eclipse.jdt.internal.compiler.util.HashtableOfObject::put@34 (line 103)
                      ; - org.eclipse.jdt.internal.core.index.DiskIndex::copyQueryResults@196 (line 397)
  0x00007585f07886c4: 381c 60ff 

  0x00007585f07886c8: ;   {other}
  0x00007585f07886c8: 0f1f 8400 | b821 0035 | bed6 ffff | ff44 8b54 | 2438 4489 | 5424 0844 | 8b54 2428 | 4489 5424 
  0x00007585f07886e8: 2444 8b5c | 242c 4489 | 5c24 284c | 8b54 2468 | 8954 2438 | 4c89 5424 

  0x00007585f0788700: ;   {runtime_call UncommonTrapBlob}
  0x00007585f0788700: 4066 90e8 

  0x00007585f0788704: ; ImmutableOopMap {rbp=NarrowOop [0]=Oop [12]=NarrowOop [40]=NarrowOop [64]=Oop [72]=NarrowOop [80]=Oop [104]=Oop }
                      ;*aastore {reexecute=1 rethrow=0 return_oop=0}
                      ; - (reexecute) org.eclipse.jdt.internal.compiler.util.HashtableOfObject::put@34 (line 103)
                      ; - org.eclipse.jdt.internal.core.index.DiskIndex::copyQueryResults@196 (line 397)
  0x00007585f0788704: f81b 60ff 

  0x00007585f0788708: ;   {other}
  0x00007585f0788708: 0f1f 8400 | f821 0036 | be45 ffff | ff48 8b2c | 2444 8b54 | 2438 4489 | 1424 448b | 5c24 0c44 
  0x00007585f0788728: 895c 2404 | 448b 5424 | 1044 8954 | 2408 448b | 5c24 1444 | 895c 240c | 897c 241c | 4489 4c24 
  0x00007585f0788748: 2044 8b54 | 242c 4489 | 5424 2489 | 4c24 3089 

  0x00007585f0788758: ;   {runtime_call UncommonTrapBlob}
  0x00007585f0788758: 4c24 38e8 

  0x00007585f078875c: ; ImmutableOopMap {rbp=Oop [4]=NarrowOop [36]=NarrowOop [48]=NarrowOop [56]=NarrowOop [72]=NarrowOop [80]=Oop }
                      ;*lookupswitch {reexecute=1 rethrow=0 return_oop=0}
                      ; - (reexecute) java.util.Arrays::hashCode@8 (line 4455)
                      ; - org.eclipse.jdt.core.compiler.CharOperation::hashCode@1 (line 2489)
                      ; - org.eclipse.jdt.internal.compiler.util.HashtableOfObject::get@7 (line 84)
                      ; - org.eclipse.jdt.internal.core.index.DiskIndex::copyQueryResults@123 (line 389)
  0x00007585f078875c: a01b 60ff 

  0x00007585f0788760: ;   {other}
  0x00007585f0788760: 0f1f 8400 | 5022 0037 | bee4 ffff | ff48 8b2c | 2444 8b5c | 2438 4489 | 1c24 448b | 5424 0c44 
  0x00007585f0788780: 8954 2404 | 448b 5c24 | 1044 895c | 2408 448b | 5424 1444 | 8954 240c | 897c 241c | 4489 4c24 
  0x00007585f07887a0: 2044 8b5c | 242c 4489 | 5c24 2489 | 4c24 3089 

  0x00007585f07887b0: ;   {runtime_call UncommonTrapBlob}
  0x00007585f07887b0: 4c24 38e8 

  0x00007585f07887b4: ; ImmutableOopMap {rbp=Oop [4]=NarrowOop [36]=NarrowOop [48]=NarrowOop [56]=NarrowOop [72]=NarrowOop [80]=Oop }
                      ;*caload {reexecute=0 rethrow=0 return_oop=0}
                      ; - java.util.Arrays::hashCode@44 (line 4457)
                      ; - org.eclipse.jdt.core.compiler.CharOperation::hashCode@1 (line 2489)
                      ; - org.eclipse.jdt.internal.compiler.util.HashtableOfObject::get@7 (line 84)
                      ; - org.eclipse.jdt.internal.core.index.DiskIndex::copyQueryResults@123 (line 389)
  0x00007585f07887b4: 481b 60ff 

  0x00007585f07887b8: ;   {other}
  0x00007585f07887b8: 0f1f 8400 | a822 0038 | be45 ffff | ff44 8954 | 2408 448b | 5424 3c44 | 8954 2420 | 448b 5c24 
  0x00007585f07887d8: 2844 895c | 2424 448b | 5424 2c44 | 8954 2428 | 448b 5c24 | 4044 895c 

  0x00007585f07887f0: ;   {runtime_call UncommonTrapBlob}
  0x00007585f07887f0: 243c 90e8 

  0x00007585f07887f4: ; ImmutableOopMap {rbp=Oop [0]=Oop [12]=NarrowOop [40]=NarrowOop [60]=NarrowOop [72]=NarrowOop [80]=Oop }
                      ;*lookupswitch {reexecute=1 rethrow=0 return_oop=0}
                      ; - (reexecute) java.util.Arrays::hashCode@8 (line 4455)
                      ; - org.eclipse.jdt.core.compiler.CharOperation::hashCode@1 (line 2489)
                      ; - org.eclipse.jdt.internal.compiler.util.HashtableOfObject::putUnsafely@7 (line 130)
                      ; - org.eclipse.jdt.internal.core.index.DiskIndex::copyQueryResults@144 (line 391)
  0x00007585f07887f4: 081b 60ff 

  0x00007585f07887f8: ;   {other}
  0x00007585f07887f8: 0f1f 8400 | e822 0039 | bee4 ffff | ff44 8b54 | 2438 4489 | 5424 0844 | 8b5c 243c | 4489 5c24 
  0x00007585f0788818: 2044 8b54 | 2428 4489 | 5424 2444 | 8b54 242c | 4489 5424 | 2844 8b5c | 2440 4489 

  0x00007585f0788834: ;   {runtime_call UncommonTrapBlob}
  0x00007585f0788834: 5c24 3ce8 

  0x00007585f0788838: ; ImmutableOopMap {rbp=Oop [0]=Oop [12]=NarrowOop [40]=NarrowOop [60]=NarrowOop [72]=NarrowOop [80]=Oop }
                      ;*caload {reexecute=0 rethrow=0 return_oop=0}
                      ; - java.util.Arrays::hashCode@44 (line 4457)
                      ; - org.eclipse.jdt.core.compiler.CharOperation::hashCode@1 (line 2489)
                      ; - org.eclipse.jdt.internal.compiler.util.HashtableOfObject::putUnsafely@7 (line 130)
                      ; - org.eclipse.jdt.internal.core.index.DiskIndex::copyQueryResults@144 (line 391)
  0x00007585f0788838: c41a 60ff 

  0x00007585f078883c: ;   {other}
  0x00007585f078883c: 0f1f 8400 | 2c23 003a | be45 ffff | ff89 4c24 | 0c44 894c | 2410 897c | 2418 897c | 241c 4489 
  0x00007585f078885c: 4424 2048 | 8944 2428 | 8954 2424 | 4489 5424 | 3044 895c 

  0x00007585f0788870: ;   {runtime_call UncommonTrapBlob}
  0x00007585f0788870: 2434 90e8 

  0x00007585f0788874: ; ImmutableOopMap {rbp=NarrowOop [0]=Oop [24]=NarrowOop [28]=NarrowOop [32]=NarrowOop [36]=NarrowOop [40]=Oop }
                      ;*lookupswitch {reexecute=1 rethrow=0 return_oop=0}
                      ; - (reexecute) java.util.Arrays::hashCode@8 (line 4455)
                      ; - org.eclipse.jdt.core.compiler.CharOperation::hashCode@1 (line 2489)
                      ; - org.eclipse.jdt.internal.compiler.util.HashtableOfObject::get@7 (line 84)
                      ; - org.eclipse.jdt.internal.core.index.DiskIndex::copyQueryResults@48 (line 382)
  0x00007585f0788874: 881a 60ff 

  0x00007585f0788878: ;   {other}
  0x00007585f0788878: 0f1f 8400 | 6823 003b | bee4 ffff | ff89 4c24 | 0c44 894c | 2410 897c | 2418 897c | 241c 4489 
  0x00007585f0788898: 4424 2048 | 8944 2428 | 8954 2424 | 4489 5424 

  0x00007585f07888a8: ;   {runtime_call UncommonTrapBlob}
  0x00007585f07888a8: 3066 90e8 

  0x00007585f07888ac: ; ImmutableOopMap {rbp=NarrowOop [0]=Oop [24]=NarrowOop [28]=NarrowOop [32]=NarrowOop [36]=NarrowOop [40]=Oop }
                      ;*caload {reexecute=0 rethrow=0 return_oop=0}
                      ; - java.util.Arrays::hashCode@44 (line 4457)
                      ; - org.eclipse.jdt.core.compiler.CharOperation::hashCode@1 (line 2489)
                      ; - org.eclipse.jdt.internal.compiler.util.HashtableOfObject::get@7 (line 84)
                      ; - org.eclipse.jdt.internal.core.index.DiskIndex::copyQueryResults@48 (line 382)
  0x00007585f07888ac: 501a 60ff 

  0x00007585f07888b0: ;   {other}
  0x00007585f07888b0: 0f1f 8400 | a023 003c | be45 ffff | ff48 8b2c | 2444 8b5c | 2438 4489 | 1c24 448b | 5424 0c44 
  0x00007585f07888d0: 8954 2404 | 448b 5c24 | 1044 895c | 2408 448b | 5424 1444 | 8954 240c | 448b 5c24 | 3c44 895c 
  0x00007585f07888f0: 2418 448b | 5424 2844 | 8954 241c | 448b 5c24 | 2c44 895c | 2420 448b | 5c24 4044 | 895c 2430 
  0x00007585f0788910: 448b 5c24 | 4c44 895c | 2434 448b | 5424 4844 | 8954 2438 

  0x00007585f0788924: ;   {runtime_call UncommonTrapBlob}
  0x00007585f0788924: 6666 90e8 

  0x00007585f0788928: ; ImmutableOopMap {rbp=Oop [4]=NarrowOop [32]=NarrowOop [48]=NarrowOop [56]=NarrowOop [64]=NarrowOop [80]=Oop [104]=Oop }
                      ;*lookupswitch {reexecute=1 rethrow=0 return_oop=0}
                      ; - (reexecute) java.util.Arrays::hashCode@8 (line 4455)
                      ; - org.eclipse.jdt.core.compiler.CharOperation::hashCode@1 (line 2489)
                      ; - org.eclipse.jdt.internal.compiler.util.HashtableOfObject::put@7 (line 99)
                      ; - org.eclipse.jdt.internal.core.index.DiskIndex::copyQueryResults@196 (line 397)
  0x00007585f0788928: d419 60ff 

  0x00007585f078892c: ;   {other}
  0x00007585f078892c: 0f1f 8400 | 1c24 003d | bee4 ffff | ff48 8b2c | 2444 8b54 | 2438 4489 | 1424 448b | 5c24 0c44 
  0x00007585f078894c: 895c 2404 | 448b 5424 | 1044 8954 | 2408 448b | 5c24 1444 | 895c 240c | 448b 5424 | 3c44 8954 
  0x00007585f078896c: 2418 448b | 5c24 2844 | 895c 241c | 448b 5424 | 2c44 8954 | 2420 448b | 5c24 4044 | 895c 2430 
  0x00007585f078898c: ;   {runtime_call UncommonTrapBlob}
  0x00007585f078898c: 6666 90e8 

  0x00007585f0788990: ; ImmutableOopMap {rbp=Oop [4]=NarrowOop [32]=NarrowOop [48]=NarrowOop [72]=NarrowOop [80]=Oop [104]=Oop }
                      ;*caload {reexecute=0 rethrow=0 return_oop=0}
                      ; - java.util.Arrays::hashCode@44 (line 4457)
                      ; - org.eclipse.jdt.core.compiler.CharOperation::hashCode@1 (line 2489)
                      ; - org.eclipse.jdt.internal.compiler.util.HashtableOfObject::put@7 (line 99)
                      ; - org.eclipse.jdt.internal.core.index.DiskIndex::copyQueryResults@196 (line 397)
  0x00007585f0788990: 6c19 60ff 

  0x00007585f0788994: ;   {other}
  0x00007585f0788994: 0f1f 8400 | 8424 003e | bede ffff | ff89 4c24 | 0c44 894c | 2410 897c | 2414 4489 | 4424 1889 
  0x00007585f07889b4: ;   {runtime_call UncommonTrapBlob}
  0x00007585f07889b4: 4424 1ce8 

  0x00007585f07889b8: ; ImmutableOopMap {rbp=NarrowOop [0]=Oop [20]=NarrowOop [24]=NarrowOop [28]=NarrowOop }
                      ;*checkcast {reexecute=0 rethrow=0 return_oop=0}
                      ; - org.eclipse.jdt.internal.core.index.DiskIndex::copyQueryResults@37 (line 381)
  0x00007585f07889b8: 4419 60ff 

  0x00007585f07889bc: ;   {other}
  0x00007585f07889bc: 0f1f 8400 | ac24 003f | bede ffff | ff48 8b2c | 2444 8b5c | 2438 4489 | 1c24 448b | 5424 0c44 
  0x00007585f07889dc: 8954 2404 | 448b 5c24 | 1044 895c | 2408 448b | 5424 1444 | 8954 240c | 448b 5424 | 3c44 8954 
  0x00007585f07889fc: 241c 448b | 5c24 2844 | 895c 2420 | 448b 5424 | 2c44 8954 | 2424 4c8b | 5424 684c | 8954 2438 
  0x00007585f0788a1c: ;   {runtime_call UncommonTrapBlob}
  0x00007585f0788a1c: 6666 90e8 

  0x00007585f0788a20: ; ImmutableOopMap {rbp=Oop [4]=NarrowOop [36]=NarrowOop [56]=Oop [64]=NarrowOop [68]=NarrowOop [72]=NarrowOop [80]=Oop [104]=Oop }
                      ;*checkcast {reexecute=0 rethrow=0 return_oop=0}
                      ; - org.eclipse.jdt.internal.core.index.DiskIndex::copyQueryResults@176 (line 395)
  0x00007585f0788a20: dc18 60ff 

  0x00007585f0788a24: ;   {other}
  0x00007585f0788a24: 0f1f 8400 | 1425 0040 | bede ffff 

  0x00007585f0788a30: ;   {runtime_call UncommonTrapBlob}
  0x00007585f0788a30: ff66 90e8 

  0x00007585f0788a34: ; ImmutableOopMap {rbp=NarrowOop [0]=Oop [12]=NarrowOop [40]=NarrowOop [48]=Oop [72]=NarrowOop }
                      ;*checkcast {reexecute=0 rethrow=0 return_oop=0}
                      ; - org.eclipse.jdt.internal.core.index.DiskIndex::copyQueryResults@51 (line 382)
  0x00007585f0788a34: c818 60ff 

  0x00007585f0788a38: ;   {other}
  0x00007585f0788a38: 0f1f 8400 | 2825 0041 | bef6 ffff 

  0x00007585f0788a44: ;   {runtime_call UncommonTrapBlob}
  0x00007585f0788a44: ff66 90e8 

  0x00007585f0788a48: ; ImmutableOopMap {}
                      ;*arraylength {reexecute=0 rethrow=0 return_oop=0}
                      ; - org.eclipse.jdt.internal.compiler.util.HashtableOfObject::get@4 (line 83)
                      ; - org.eclipse.jdt.internal.core.index.DiskIndex::copyQueryResults@123 (line 389)
  0x00007585f0788a48: b418 60ff 

  0x00007585f0788a4c: ;   {other}
  0x00007585f0788a4c: 0f1f 8400 | 3c25 0042 | be76 ffff | ff48 8b2c | 2444 8b5c | 2438 4489 | 1c24 448b | 5424 0c44 
  0x00007585f0788a6c: 8954 2404 | 448b 5c24 | 1044 895c | 2408 448b | 5424 1444 | 8954 240c | 448b 5c24 | 4044 8b54 
  0x00007585f0788a8c: 243c 4489 | 5424 1c44 | 8b54 2428 | 4489 5424 | 2044 8b54 | 242c 4489 | 5424 2444 | 895c 2430 
  0x00007585f0788aac: 8954 2438 

  0x00007585f0788ab0: ;   {runtime_call UncommonTrapBlob}
  0x00007585f0788ab0: 6666 90e8 

  0x00007585f0788ab4: ; ImmutableOopMap {rbp=Oop [4]=NarrowOop [36]=NarrowOop [48]=NarrowOop [64]=NarrowOop [72]=NarrowOop [80]=Oop }
                      ;*aload_0 {reexecute=0 rethrow=0 return_oop=0}
                      ; - org.eclipse.jdt.internal.compiler.util.HashtableOfObject::get@42 (line 86)
                      ; - org.eclipse.jdt.internal.core.index.DiskIndex::copyQueryResults@123 (line 389)
  0x00007585f0788ab4: 4818 60ff 

  0x00007585f0788ab8: ;   {other}
  0x00007585f0788ab8: 0f1f 8400 | a825 0043 | bef6 ffff 

  0x00007585f0788ac4: ;   {runtime_call UncommonTrapBlob}
  0x00007585f0788ac4: ff8b eae8 

  0x00007585f0788ac8: ; ImmutableOopMap {}
                      ;*aaload {reexecute=0 rethrow=0 return_oop=0}
                      ; - org.eclipse.jdt.internal.compiler.util.HashtableOfObject::get@30 (line 88)
                      ; - org.eclipse.jdt.internal.core.index.DiskIndex::copyQueryResults@123 (line 389)
  0x00007585f0788ac8: 3418 60ff 

  0x00007585f0788acc: ;   {other}
  0x00007585f0788acc: 0f1f 8400 | bc25 0044 | be76 ffff | ff44 8b54 | 2438 4489 | 5424 0844 | 8b5c 243c | 4489 5c24 
  0x00007585f0788aec: 2044 8b54 | 2428 4489 | 5424 2444 | 8b5c 242c | 4489 5c24 | 2844 8b54 | 2440 4489 | 5424 2c89 
  0x00007585f0788b0c: ;   {runtime_call UncommonTrapBlob}
  0x00007585f0788b0c: 5424 3ce8 

  0x00007585f0788b10: ; ImmutableOopMap {rbp=Oop [0]=Oop [12]=NarrowOop [40]=NarrowOop [44]=NarrowOop [72]=NarrowOop [80]=Oop }
                      ;*aload_0 {reexecute=0 rethrow=0 return_oop=0}
                      ; - org.eclipse.jdt.internal.compiler.util.HashtableOfObject::putUnsafely@29 (line 131)
                      ; - org.eclipse.jdt.internal.core.index.DiskIndex::copyQueryResults@144 (line 391)
  0x00007585f0788b10: ec17 60ff 

  0x00007585f0788b14: ;   {other}
  0x00007585f0788b14: 0f1f 8400 | 0426 0045 | bef6 ffff | ff89 1424 

  0x00007585f0788b24: ;   {runtime_call UncommonTrapBlob}
  0x00007585f0788b24: 6666 90e8 

  0x00007585f0788b28: ; ImmutableOopMap {rbp=Oop }
                      ;*aastore {reexecute=1 rethrow=0 return_oop=0}
                      ; - (reexecute) org.eclipse.jdt.internal.compiler.util.HashtableOfObject::putUnsafely@54 (line 137)
                      ; - org.eclipse.jdt.internal.core.index.DiskIndex::copyQueryResults@144 (line 391)
  0x00007585f0788b28: d417 60ff 

  0x00007585f0788b2c: ;   {other}
  0x00007585f0788b2c: 0f1f 8400 | 1c26 0046 | bef6 ffff 

  0x00007585f0788b38: ;   {runtime_call UncommonTrapBlob}
  0x00007585f0788b38: ff66 90e8 

  0x00007585f0788b3c: ; ImmutableOopMap {}
                      ;*arraylength {reexecute=0 rethrow=0 return_oop=0}
                      ; - org.eclipse.jdt.internal.core.index.DiskIndex$IntList::add@8 (line 89)
                      ; - org.eclipse.jdt.internal.core.index.DiskIndex::copyQueryResults@164 (line 393)
  0x00007585f0788b3c: c017 60ff 

  0x00007585f0788b40: ;   {other}
  0x00007585f0788b40: 0f1f 8400 | 3026 0047 | bef6 ffff 

  0x00007585f0788b4c: ;   {runtime_call UncommonTrapBlob}
  0x00007585f0788b4c: ff8b e9e8 

  0x00007585f0788b50: ; ImmutableOopMap {}
                      ;*aaload {reexecute=0 rethrow=0 return_oop=0}
                      ; - org.eclipse.jdt.internal.core.index.DiskIndex::copyQueryResults@36 (line 381)
  0x00007585f0788b50: ac17 60ff 

  0x00007585f0788b54: ;   {other}
  0x00007585f0788b54: 0f1f 8400 | 4426 0048 | bef4 ffff | ff89 4c24 | 0c44 894c | 2410 897c | 2414 4489 

  0x00007585f0788b70: ;   {runtime_call UncommonTrapBlob}
  0x00007585f0788b70: 4424 18e8 

  0x00007585f0788b74: ; ImmutableOopMap {rbp=NarrowOop [0]=Oop [20]=NarrowOop [24]=NarrowOop }
                      ;*checkcast {reexecute=0 rethrow=0 return_oop=0}
                      ; - org.eclipse.jdt.internal.core.index.DiskIndex::copyQueryResults@37 (line 381)
  0x00007585f0788b74: 8817 60ff 

  0x00007585f0788b78: ;   {other}
  0x00007585f0788b78: 0f1f 8400 | 6826 0049 | bef6 ffff 

  0x00007585f0788b84: ;   {runtime_call UncommonTrapBlob}
  0x00007585f0788b84: ff8b efe8 

  0x00007585f0788b88: ; ImmutableOopMap {rbp=NarrowOop }
                      ;*invokevirtual get {reexecute=0 rethrow=0 return_oop=0}
                      ; - org.eclipse.jdt.internal.core.index.DiskIndex::copyQueryResults@48 (line 382)
  0x00007585f0788b88: 7417 60ff 

  0x00007585f0788b8c: ;   {other}
  0x00007585f0788b8c: 0f1f 8400 | 7c26 004a | bef6 ffff 

  0x00007585f0788b98: ;   {runtime_call UncommonTrapBlob}
  0x00007585f0788b98: ff66 90e8 

  0x00007585f0788b9c: ; ImmutableOopMap {}
                      ;*arraylength {reexecute=0 rethrow=0 return_oop=0}
                      ; - org.eclipse.jdt.internal.compiler.util.HashtableOfObject::get@4 (line 83)
                      ; - org.eclipse.jdt.internal.core.index.DiskIndex::copyQueryResults@48 (line 382)
  0x00007585f0788b9c: 6017 60ff 

  0x00007585f0788ba0: ;   {other}
  0x00007585f0788ba0: 0f1f 8400 | 9026 004b | be76 ffff | ff48 8beb | 448b 4424 | 0c44 8944 | 2404 894c | 2408 448b 
  0x00007585f0788bc0: 4424 1444 | 8944 240c | 897c 2414 | 4489 5c24 | 1c44 894c | 2428 8954 

  0x00007585f0788bd8: ;   {runtime_call UncommonTrapBlob}
  0x00007585f0788bd8: 242c 90e8 

  0x00007585f0788bdc: ; ImmutableOopMap {rbp=Oop [4]=NarrowOop [20]=NarrowOop [28]=NarrowOop [48]=Oop [72]=NarrowOop }
                      ;*aload_0 {reexecute=0 rethrow=0 return_oop=0}
                      ; - org.eclipse.jdt.internal.compiler.util.HashtableOfObject::get@42 (line 86)
                      ; - org.eclipse.jdt.internal.core.index.DiskIndex::copyQueryResults@48 (line 382)
  0x00007585f0788bdc: 2017 60ff 

  0x00007585f0788be0: ;   {other}
  0x00007585f0788be0: 0f1f 8400 | d026 004c | bef6 ffff 

  0x00007585f0788bec: ;   {runtime_call UncommonTrapBlob}
  0x00007585f0788bec: ff66 90e8 

  0x00007585f0788bf0: ; ImmutableOopMap {}
                      ;*arraylength {reexecute=0 rethrow=0 return_oop=0}
                      ; - org.eclipse.jdt.internal.core.index.DiskIndex::copyQueryResults@98 (line 387)
  0x00007585f0788bf0: 0c17 60ff 

  0x00007585f0788bf4: ;   {other}
  0x00007585f0788bf4: 0f1f 8400 | e426 004d | bef6 ffff 

  0x00007585f0788c00: ;   {runtime_call UncommonTrapBlob}
  0x00007585f0788c00: ff8b eae8 

  0x00007585f0788c04: ; ImmutableOopMap {}
                      ;*aaload {reexecute=0 rethrow=0 return_oop=0}
                      ; - org.eclipse.jdt.internal.compiler.util.HashtableOfObject::get@30 (line 88)
                      ; - org.eclipse.jdt.internal.core.index.DiskIndex::copyQueryResults@48 (line 382)
  0x00007585f0788c04: f816 60ff 

  0x00007585f0788c08: ;   {other}
  0x00007585f0788c08: 0f1f 8400 | f826 004e | bef6 ffff 

  0x00007585f0788c14: ;   {runtime_call UncommonTrapBlob}
  0x00007585f0788c14: ff66 90e8 

  0x00007585f0788c18: ; ImmutableOopMap {}
                      ;*iastore {reexecute=0 rethrow=0 return_oop=0}
                      ; - org.eclipse.jdt.internal.core.index.DiskIndex$IntList::add@65 (line 94)
                      ; - org.eclipse.jdt.internal.core.index.DiskIndex::copyQueryResults@187 (line 396)
  0x00007585f0788c18: e416 60ff 

  0x00007585f0788c1c: ;   {other}
  0x00007585f0788c1c: 0f1f 8400 | 0c27 004f | bef6 ffff 

  0x00007585f0788c28: ;   {runtime_call UncommonTrapBlob}
  0x00007585f0788c28: ff66 90e8 

  0x00007585f0788c2c: ; ImmutableOopMap {}
                      ;*arraylength {reexecute=0 rethrow=0 return_oop=0}
                      ; - org.eclipse.jdt.internal.compiler.util.HashtableOfObject::put@4 (line 98)
                      ; - org.eclipse.jdt.internal.core.index.DiskIndex::copyQueryResults@196 (line 397)
  0x00007585f0788c2c: d016 60ff 

  0x00007585f0788c30: ;   {other}
  0x00007585f0788c30: 0f1f 8400 | 2027 0050 | be76 ffff | ff48 8b2c | 2444 8b5c | 2438 4489 | 1c24 448b | 5424 0c44 
  0x00007585f0788c50: 8954 2404 | 448b 5c24 | 1044 895c | 2408 448b | 5424 1444 | 8954 240c | 448b 5c24 | 3c44 895c 
  0x00007585f0788c70: 2418 448b | 5424 2844 | 8954 241c | 448b 5c24 | 2c44 895c | 2420 448b | 5c24 4044 | 895c 2424 
  0x00007585f0788c90: 8954 2440 

  0x00007585f0788c94: ;   {runtime_call UncommonTrapBlob}
  0x00007585f0788c94: 6666 90e8 

  0x00007585f0788c98: ; ImmutableOopMap {rbp=Oop [4]=NarrowOop [32]=NarrowOop [36]=NarrowOop [72]=NarrowOop [80]=Oop [104]=Oop }
                      ;*aload_0 {reexecute=0 rethrow=0 return_oop=0}
                      ; - org.eclipse.jdt.internal.compiler.util.HashtableOfObject::put@48 (line 101)
                      ; - org.eclipse.jdt.internal.core.index.DiskIndex::copyQueryResults@196 (line 397)
  0x00007585f0788c98: 6416 60ff 

  0x00007585f0788c9c: ;   {other}
  0x00007585f0788c9c: 0f1f 8400 | 8c27 0051 | bef6 ffff 

  0x00007585f0788ca8: ;   {runtime_call UncommonTrapBlob}
  0x00007585f0788ca8: ff8b eae8 

  0x00007585f0788cac: ; ImmutableOopMap {[104]=Oop }
                      ;*aastore {reexecute=1 rethrow=0 return_oop=0}
                      ; - (reexecute) org.eclipse.jdt.internal.compiler.util.HashtableOfObject::put@76 (line 110)
                      ; - org.eclipse.jdt.internal.core.index.DiskIndex::copyQueryResults@196 (line 397)
  0x00007585f0788cac: 5016 60ff 

  0x00007585f0788cb0: ;   {other}
  0x00007585f0788cb0: 0f1f 8400 | a027 0052 | bef6 ffff 

  0x00007585f0788cbc: ;   {runtime_call UncommonTrapBlob}
  0x00007585f0788cbc: ff66 90e8 

  0x00007585f0788cc0: ; ImmutableOopMap {}
                      ;*getfield keyTable {reexecute=1 rethrow=0 return_oop=0}
                      ; - (reexecute) org.eclipse.jdt.internal.core.index.DiskIndex::copyQueryResults@1 (line 376)
  0x00007585f0788cc0: 3c16 60ff 

  0x00007585f0788cc4: ;   {other}
  0x00007585f0788cc4: 0f1f 8400 | b427 0053 | bef6 ffff 

  0x00007585f0788cd0: ;   {runtime_call UncommonTrapBlob}
  0x00007585f0788cd0: ff66 90e8 

  0x00007585f0788cd4: ; ImmutableOopMap {}
                      ;*arraylength {reexecute=0 rethrow=0 return_oop=0}
                      ; - org.eclipse.jdt.internal.core.index.DiskIndex::copyQueryResults@15 (line 378)
  0x00007585f0788cd4: 2816 60ff 

  0x00007585f0788cd8: ;   {other}
  0x00007585f0788cd8: 0f1f 8400 | c827 0054 | bef6 ffff 

  0x00007585f0788ce4: ;   {runtime_call UncommonTrapBlob}
  0x00007585f0788ce4: ff8b eae8 

  0x00007585f0788ce8: ; ImmutableOopMap {[104]=Oop }
                      ;*aastore {reexecute=1 rethrow=0 return_oop=0}
                      ; - (reexecute) org.eclipse.jdt.internal.compiler.util.HashtableOfObject::put@34 (line 103)
                      ; - org.eclipse.jdt.internal.core.index.DiskIndex::copyQueryResults@196 (line 397)
  0x00007585f0788ce8: 1416 60ff 

  0x00007585f0788cec: ;   {other}
  0x00007585f0788cec: 0f1f 8400 | dc27 0055 | 488b f0eb | 36eb 0048 | 8bf0 eb2f | 488b f0eb | 2a48 8bf0 | eb25 488b 
  0x00007585f0788d0c: f0eb 2048 | 8bf0 eb1b | eb16 eb05 | 488b f0eb | 1248 8bf0 | eb0d 488b | f0eb 0848 | 8bf0 eb03 
  0x00007585f0788d2c: 488b f048 | 81c4 9000 

  0x00007585f0788d34: ;   {runtime_call _rethrow_Java}
  0x00007585f0788d34: 0000 5de9 | c456 6cff 

  0x00007585f0788d3c: ;   {internal_word}
  0x00007585f0788d3c: 49ba 157c | 78f0 8575 | 0000 4d89 | 9768 0400 

  0x00007585f0788d4c: ;   {runtime_call SafepointBlob}
  0x00007585f0788d4c: 00e9 ae26 | 60ff 4883 | ec08 c5fb 

  0x00007585f0788d58: ;   {runtime_call StubRoutines (initial stubs)}
  0x00007585f0788d58: 1104 24e8 | 0df0 5aff | 415a e9b2 

  0x00007585f0788d64: ;   {runtime_call StubRoutines (final stubs)}
  0x00007585f0788d64: dfff ffe8 | 9463 5eff | e94d dbff | fff4 f4f4 | f4f4 f4f4 
[Stub Code]
  0x00007585f0788d78: ;   {no_reloc}
  0x00007585f0788d78: 48bb 0000 | 0000 0000 

  0x00007585f0788d80: ;   {runtime_call nmethod}
  0x00007585f0788d80: 0000 e9fb 

  0x00007585f0788d84: ;   {static_stub}
  0x00007585f0788d84: ffff ff48 | bb00 0000 | 0000 0000 

  0x00007585f0788d90: ;   {runtime_call nmethod}
  0x00007585f0788d90: 00e9 fbff 

  0x00007585f0788d94: ;   {static_stub}
  0x00007585f0788d94: ffff 48bb | 0000 0000 | 0000 0000 

  0x00007585f0788da0: ;   {runtime_call nmethod}
  0x00007585f0788da0: e9fb ffff 

  0x00007585f0788da4: ;   {runtime_call ExceptionBlob}
  0x00007585f0788da4: ffe9 56f9 | 6bff e800 | 0000 0048 | 832c 2405 

  0x00007585f0788db4: ;   {runtime_call DeoptimizationBlob}
  0x00007585f0788db4: e9e7 1860 | fff4 f4f4 | f4f4 f4f4 
[/MachCode]


---------------  P R O C E S S  ---------------

Threads class SMR info:
_java_thread_list=0x000075857847b9d0, length=29, elements={
0x0000758600018f50, 0x00007586000e0930, 0x00007586000e1e80, 0x00007586000e3600,
0x00007586000e4c20, 0x00007586000e61a0, 0x00007586000e7cc0, 0x00007586000e9360,
0x000075860016ff50, 0x000075860021f620, 0x0000758600399580, 0x00007586002554b0,
0x00007585540255e0, 0x00007586003392f0, 0x000075854c3cc440, 0x000075854c216e80,
0x000075854c606590, 0x000075854c6e1340, 0x000075854c6ee910, 0x0000758540001ca0,
0x000075854cb22050, 0x0000758538000fe0, 0x0000758530000fe0, 0x0000758524000fe0,
0x00007586003aef80, 0x00007586004da5d0, 0x00007586004db8d0, 0x00007585300d9880,
0x000075857847b120
}

Java Threads: ( => current thread )
  0x0000758600018f50 JavaThread "main"                              [_thread_blocked, id=20561, stack(0x0000758606f00000,0x0000758607000000) (1024K)]
  0x00007586000e0930 JavaThread "Reference Handler"          daemon [_thread_blocked, id=20590, stack(0x0000758604700000,0x0000758604800000) (1024K)]
  0x00007586000e1e80 JavaThread "Finalizer"                  daemon [_thread_blocked, id=20592, stack(0x0000758604600000,0x0000758604700000) (1024K)]
  0x00007586000e3600 JavaThread "Signal Dispatcher"          daemon [_thread_blocked, id=20595, stack(0x0000758604500000,0x0000758604600000) (1024K)]
  0x00007586000e4c20 JavaThread "Service Thread"             daemon [_thread_blocked, id=20597, stack(0x0000758604400000,0x0000758604500000) (1024K)]
  0x00007586000e61a0 JavaThread "Monitor Deflation Thread"   daemon [_thread_blocked, id=20599, stack(0x0000758604300000,0x0000758604400000) (1024K)]
  0x00007586000e7cc0 JavaThread "C2 CompilerThread0"         daemon [_thread_blocked, id=20601, stack(0x0000758604200000,0x0000758604300000) (1024K)]
  0x00007586000e9360 JavaThread "C1 CompilerThread0"         daemon [_thread_blocked, id=20602, stack(0x0000758604100000,0x0000758604200000) (1024K)]
  0x000075860016ff50 JavaThread "Common-Cleaner"             daemon [_thread_blocked, id=20614, stack(0x00007585fff00000,0x0000758600000000) (1024K)]
  0x000075860021f620 JavaThread "Notification Thread"        daemon [_thread_blocked, id=20636, stack(0x00007585e8700000,0x00007585e8800000) (1024K)]
  0x0000758600399580 JavaThread "Active Thread: Equinox Container: 0ff64d3e-8104-49f3-a6a4-58760e0f1f40"        [_thread_blocked, id=20769, stack(0x00007585e82fd000,0x00007585e83fd000) (1024K)]
  0x00007586002554b0 JavaThread "Refresh Thread: Equinox Container: 0ff64d3e-8104-49f3-a6a4-58760e0f1f40" daemon [_thread_blocked, id=20781, stack(0x00007585e81fd000,0x00007585e82fd000) (1024K)]
  0x00007585540255e0 JavaThread "Framework Event Dispatcher: Equinox Container: 0ff64d3e-8104-49f3-a6a4-58760e0f1f40" daemon [_thread_blocked, id=20783, stack(0x00007585e80fd000,0x00007585e81fd000) (1024K)]
  0x00007586003392f0 JavaThread "Start Level: Equinox Container: 0ff64d3e-8104-49f3-a6a4-58760e0f1f40" daemon [_thread_blocked, id=20784, stack(0x000075859ef00000,0x000075859f000000) (1024K)]
  0x000075854c3cc440 JavaThread "Bundle File Closer"         daemon [_thread_blocked, id=21213, stack(0x000075859ee00000,0x000075859ef00000) (1024K)]
  0x000075854c216e80 JavaThread "SCR Component Actor"        daemon [_thread_blocked, id=21804, stack(0x000075859ed00000,0x000075859ee00000) (1024K)]
  0x000075854c606590 JavaThread "Worker-JM"                         [_thread_blocked, id=21822, stack(0x000075859ec00000,0x000075859ed00000) (1024K)]
  0x000075854c6e1340 JavaThread "Worker-0"                          [_thread_blocked, id=21829, stack(0x000075859eb00000,0x000075859ec00000) (1024K)]
  0x000075854c6ee910 JavaThread "Worker-1: Java indexing... "        [_thread_blocked, id=21830, stack(0x000075859ea00000,0x000075859eb00000) (1024K)]
  0x0000758540001ca0 JavaThread "Worker-2"                          [_thread_blocked, id=21909, stack(0x000075859e800000,0x000075859e900000) (1024K)]
=>0x000075854cb22050 JavaThread "Java indexing"              daemon [_thread_in_Java, id=21910, stack(0x000075859e53d000,0x000075859e63d000) (1024K)]
  0x0000758538000fe0 JavaThread "Worker-3"                          [_thread_blocked, id=21911, stack(0x000075859e43d000,0x000075859e53d000) (1024K)]
  0x0000758530000fe0 JavaThread "Worker-4"                          [_thread_blocked, id=21912, stack(0x000075859e700000,0x000075859e800000) (1024K)]
  0x0000758524000fe0 JavaThread "Worker-5"                          [_thread_blocked, id=21913, stack(0x000075859e33d000,0x000075859e43d000) (1024K)]
  0x00007586003aef80 JavaThread "pool-2-thread-1"                   [_thread_blocked, id=21914, stack(0x000075859e23d000,0x000075859e33d000) (1024K)]
  0x00007586004da5d0 JavaThread "WorkspaceEventsHandler"            [_thread_blocked, id=21916, stack(0x000075859e13d000,0x000075859e23d000) (1024K)]
  0x00007586004db8d0 JavaThread "pool-1-thread-1"                   [_thread_blocked, id=21917, stack(0x000075859e03d000,0x000075859e13d000) (1024K)]
  0x00007585300d9880 JavaThread "Keep-Alive-Timer"           daemon [_thread_blocked, id=21922, stack(0x000075859dd36000,0x000075859de36000) (1024K)]
  0x000075857847b120 JavaThread "C2 CompilerThread1"         daemon [_thread_blocked, id=22020, stack(0x000075859e900000,0x000075859ea00000) (1024K)]
Total: 29

Other Threads:
  0x00007586000d64c0 VMThread "VM Thread"                           [id=20588, stack(0x0000758604ff3000,0x00007586050f3000) (1024K)] _threads_hazard_ptr=0x000075857847b9d0
  0x0000758600040a10 WatcherThread "VM Periodic Task Thread"        [id=20585, stack(0x0000758605d00000,0x0000758605e00000) (1024K)]
  0x0000758600031b10 WorkerThread "GC Thread#0"                     [id=20581, stack(0x0000758606529000,0x0000758606629000) (1024K)]
  0x000075858c000f70 WorkerThread "GC Thread#1"                     [id=20668, stack(0x00007585e8600000,0x00007585e8700000) (1024K)]
  0x000075858c002dc0 WorkerThread "GC Thread#2"                     [id=20670, stack(0x00007585e84ff000,0x00007585e85ff000) (1024K)]
  0x000075858c0038c0 WorkerThread "GC Thread#3"                     [id=20671, stack(0x00007585e83fe000,0x00007585e84fe000) (1024K)]
Total: 6

Threads with active compile tasks:
C2 CompilerThread0  283202 8015       4       java.io.BufferedOutputStream::implWrite (71 bytes)
C2 CompilerThread1  283202 8002       4       org.eclipse.osgi.container.ModuleDatabase$Persistence::addMap (289 bytes)
Total: 2

VM state: synchronizing (normal execution)

VM Mutex/Monitor currently owned by a thread:  ([mutex/lock_event])
[0x0000758608529ed8] Threads_lock - owner thread: 0x00007586000d64c0
[0x0000758608529dd8] Heap_lock - owner thread: 0x0000758600399580

Heap address: 0x0000000080000000, size: 2048 MB, Compressed Oops mode: 32-bit

CDS archive(s) mapped at: [0x000075859f000000-0x000075859fc9c000-0x000075859fc9c000), size 13221888, SharedBaseAddress: 0x000075859f000000, ArchiveRelocationMode: 1.
Compressed class space mapped at: 0x00007585a0000000-0x00007585e0000000, reserved size: 1073741824
Narrow klass base: 0x000075859f000000, Narrow klass shift: 0, Narrow klass range: 0x100000000

GC Precious Log:
 CardTable entry size: 512
 CPUs: 4 total, 4 available
 Memory: 7820M
 Large Page Support: Disabled
 NUMA Support: Disabled
 Compressed Oops: Enabled (32-bit)
 Alignments: Space 512K, Generation 512K, Heap 2M
 Heap Min Capacity: 100M
 Heap Initial Capacity: 100M
 Heap Max Capacity: 2G
 Pre-touch: Disabled
 Parallel Workers: 4

Heap:
 PSYoungGen      total 4608K, used 4144K [0x00000000d5580000, 0x00000000d5f00000, 0x0000000100000000)
  eden space 2560K, 100% used [0x00000000d5580000,0x00000000d5800000,0x00000000d5800000)
  from space 2048K, 77% used [0x00000000d5d00000,0x00000000d5e8c030,0x00000000d5f00000)
  to   space 2560K, 0% used [0x00000000d5a00000,0x00000000d5a00000,0x00000000d5c80000)
 ParOldGen       total 374272K, used 373931K [0x0000000080000000, 0x0000000096d80000, 0x00000000d5580000)
  object space 374272K, 99% used [0x0000000080000000,0x0000000096d2ae78,0x0000000096d80000)
 Metaspace       used 58663K, committed 59776K, reserved 1114112K
  class space    used 6263K, committed 6784K, reserved 1048576K

Card table byte_map: [0x0000758606629000,0x0000758606a2a000] _byte_map_base: 0x0000758606229000

Marking Bits: (ParMarkBitMap*) 0x00007586085301e0
 Begin Bits: [0x00007585e0000000, 0x00007585e2000000)
 End Bits:   [0x00007585e2000000, 0x00007585e4000000)

Polling page: 0x00007586089d1000

Metaspace:

Usage:
  Non-class:     51,17 MB used.
      Class:      6,12 MB used.
       Both:     57,29 MB used.

Virtual space:
  Non-class space:       64,00 MB reserved,      51,75 MB ( 81%) committed,  1 nodes.
      Class space:        1,00 GB reserved,       6,62 MB ( <1%) committed,  1 nodes.
             Both:        1,06 GB reserved,      58,38 MB (  5%) committed. 

Chunk freelists:
   Non-Class:  11,45 MB
       Class:  9,23 MB
        Both:  20,68 MB

MaxMetaspaceSize: unlimited
CompressedClassSpaceSize: 1,00 GB
Initial GC threshold: 21,00 MB
Current GC threshold: 58,38 MB
CDS: on
 - commit_granule_bytes: 65536.
 - commit_granule_words: 8192.
 - virtual_space_node_default_size: 8388608.
 - enlarge_chunks_in_place: 1.
 - use_allocation_guard: 0.


Internal statistics:

num_allocs_failed_limit: 6.
num_arena_births: 870.
num_arena_deaths: 14.
num_vsnodes_births: 2.
num_vsnodes_deaths: 0.
num_space_committed: 934.
num_space_uncommitted: 0.
num_chunks_returned_to_freelist: 20.
num_chunks_taken_from_freelist: 3250.
num_chunk_merges: 10.
num_chunk_splits: 2046.
num_chunks_enlarged: 1236.
num_inconsistent_stats: 0.

CodeHeap 'non-profiled nmethods': size=120032Kb used=4907Kb max_used=4907Kb free=115124Kb
 bounds [0x00007585f02c8000, 0x00007585f0798000, 0x00007585f7800000]
CodeHeap 'profiled nmethods': size=120028Kb used=15246Kb max_used=15246Kb free=104781Kb
 bounds [0x00007585e8800000, 0x00007585e96f0000, 0x00007585efd37000]
CodeHeap 'non-nmethods': size=5700Kb used=1421Kb max_used=1490Kb free=4278Kb
 bounds [0x00007585efd37000, 0x00007585effa7000, 0x00007585f02c8000]
CodeCache: size=245760Kb, used=21574Kb, max_used=21643Kb, free=224183Kb
 total_blobs=8146, nmethods=7402, adapters=651, full_count=0
Compilation: enabled, stopped_count=0, restarted_count=0

Compilation events (20 events):
Event: 283,030 Thread 0x00007586000e9360 8004       3       java.util.RegularEnumSet$EnumSetIterator::next (60 bytes)
Event: 283,031 Thread 0x00007586000e9360 nmethod 8004 0x00007585e96dac10 code [0x00007585e96dade0, 0x00007585e96db088]
Event: 283,044 Thread 0x000075857847b120 nmethod 7988 0x00007585f078a390 code [0x00007585f078a620, 0x00007585f078b238]
Event: 283,044 Thread 0x000075857847b120 7989   !   4       java.io.BufferedOutputStream::write (62 bytes)
Event: 283,048 Thread 0x00007586000e7cc0 nmethod 7984 0x00007585f078bc90 code [0x00007585f078bf80, 0x00007585f078d1a0]
Event: 283,048 Thread 0x00007586000e7cc0 8005       4       org.eclipse.osgi.container.ModuleDatabase$Persistence::writeString (99 bytes)
Event: 283,050 Thread 0x00007586000e9360 8009       3       java.io.FileDescriptor$1::getAppend (5 bytes)
Event: 283,050 Thread 0x00007586000e9360 nmethod 8009 0x00007585e96db210 code [0x00007585e96db3a0, 0x00007585e96db4b0]
Event: 283,060 Thread 0x000075857847b120 nmethod 7989 0x00007585f078df90 code [0x00007585f078e1c0, 0x00007585f078e6f0]
Event: 283,060 Thread 0x000075857847b120 8000       4       java.util.Collections$UnmodifiableMap$UnmodifiableEntrySet$1::next (5 bytes)
Event: 283,062 Thread 0x00007586000e9360 8011   !   3       java.io.FileOutputStream::write (47 bytes)
Event: 283,063 Thread 0x00007586000e9360 nmethod 8011 0x00007585e96db590 code [0x00007585e96db760, 0x00007585e96dba28]
Event: 283,066 Thread 0x000075857847b120 nmethod 8000 0x00007585f078ec10 code [0x00007585f078ede0, 0x00007585f078f250]
Event: 283,066 Thread 0x000075857847b120 8002       4       org.eclipse.osgi.container.ModuleDatabase$Persistence::addMap (289 bytes)
Event: 283,096 Thread 0x00007586000e9360 8013       3       org.eclipse.osgi.container.ModuleDatabase$Persistence::writeModule (343 bytes)
Event: 283,105 Thread 0x00007586000e7cc0 nmethod 8005 0x00007585f078f590 code [0x00007585f078f900, 0x00007585f0790af8]
Event: 283,105 Thread 0x00007586000e7cc0 8008       4       java.io.DataOutputStream::incCount (20 bytes)
Event: 283,106 Thread 0x00007586000e7cc0 nmethod 8008 0x00007585f0791c10 code [0x00007585f0791d80, 0x00007585f0791e28]
Event: 283,106 Thread 0x00007586000e7cc0 8014   !   4       java.io.BufferedOutputStream::write (73 bytes)
Event: 283,118 Thread 0x00007586000e9360 nmethod 8013 0x00007585e96dbc10 code [0x00007585e96dc540, 0x00007585e96e1c08]

GC Heap History (20 events):
Event: 282,683 GC heap before
{Heap before GC invocations=219 (full 2):
 PSYoungGen      total 8192K, used 7644K [0x00000000d5580000, 0x00000000d6380000, 0x0000000100000000)
  eden space 4096K, 91% used [0x00000000d5580000,0x00000000d59244e8,0x00000000d5980000)
  from space 4096K, 95% used [0x00000000d5f80000,0x00000000d6352e60,0x00000000d6380000)
  to   space 4608K, 0% used [0x00000000d5a80000,0x00000000d5a80000,0x00000000d5f00000)
 ParOldGen       total 350208K, used 349722K [0x0000000080000000, 0x0000000095600000, 0x00000000d5580000)
  object space 350208K, 99% used [0x0000000080000000,0x0000000095586888,0x0000000095600000)
 Metaspace       used 58645K, committed 59776K, reserved 1114112K
  class space    used 6263K, committed 6784K, reserved 1048576K
}
Event: 282,692 GC heap after
{Heap after GC invocations=219 (full 2):
 PSYoungGen      total 8192K, used 3791K [0x00000000d5580000, 0x00000000d6180000, 0x0000000100000000)
  eden space 4096K, 0% used [0x00000000d5580000,0x00000000d5580000,0x00000000d5980000)
  from space 4096K, 92% used [0x00000000d5a80000,0x00000000d5e33e30,0x00000000d5e80000)
  to   space 3072K, 0% used [0x00000000d5e80000,0x00000000d5e80000,0x00000000d6180000)
 ParOldGen       total 353792K, used 353559K [0x0000000080000000, 0x0000000095980000, 0x00000000d5580000)
  object space 353792K, 99% used [0x0000000080000000,0x0000000095945c10,0x0000000095980000)
 Metaspace       used 58645K, committed 59776K, reserved 1114112K
  class space    used 6263K, committed 6784K, reserved 1048576K
}
Event: 282,760 GC heap before
{Heap before GC invocations=220 (full 2):
 PSYoungGen      total 8192K, used 7887K [0x00000000d5580000, 0x00000000d6180000, 0x0000000100000000)
  eden space 4096K, 100% used [0x00000000d5580000,0x00000000d5980000,0x00000000d5980000)
  from space 4096K, 92% used [0x00000000d5a80000,0x00000000d5e33e30,0x00000000d5e80000)
  to   space 3072K, 0% used [0x00000000d5e80000,0x00000000d5e80000,0x00000000d6180000)
 ParOldGen       total 353792K, used 353559K [0x0000000080000000, 0x0000000095980000, 0x00000000d5580000)
  object space 353792K, 99% used [0x0000000080000000,0x0000000095945c10,0x0000000095980000)
 Metaspace       used 58645K, committed 59776K, reserved 1114112K
  class space    used 6263K, committed 6784K, reserved 1048576K
}
Event: 282,768 GC heap after
{Heap after GC invocations=220 (full 2):
 PSYoungGen      total 3584K, used 3063K [0x00000000d5580000, 0x00000000d6a80000, 0x0000000100000000)
  eden space 512K, 0% used [0x00000000d5580000,0x00000000d5580000,0x00000000d5600000)
  from space 3072K, 99% used [0x00000000d5e80000,0x00000000d617dee8,0x00000000d6180000)
  to   space 8704K, 0% used [0x00000000d5600000,0x00000000d5600000,0x00000000d5e80000)
 ParOldGen       total 358400K, used 358306K [0x0000000080000000, 0x0000000095e00000, 0x00000000d5580000)
  object space 358400K, 99% used [0x0000000080000000,0x0000000095de8a18,0x0000000095e00000)
 Metaspace       used 58645K, committed 59776K, reserved 1114112K
  class space    used 6263K, committed 6784K, reserved 1048576K
}
Event: 282,775 GC heap before
{Heap before GC invocations=221 (full 2):
 PSYoungGen      total 3584K, used 3573K [0x00000000d5580000, 0x00000000d6a80000, 0x0000000100000000)
  eden space 512K, 99% used [0x00000000d5580000,0x00000000d55ff738,0x00000000d5600000)
  from space 3072K, 99% used [0x00000000d5e80000,0x00000000d617dee8,0x00000000d6180000)
  to   space 8704K, 0% used [0x00000000d5600000,0x00000000d5600000,0x00000000d5e80000)
 ParOldGen       total 358400K, used 358306K [0x0000000080000000, 0x0000000095e00000, 0x00000000d5580000)
  object space 358400K, 99% used [0x0000000080000000,0x0000000095de8a18,0x0000000095e00000)
 Metaspace       used 58645K, committed 59776K, reserved 1114112K
  class space    used 6263K, committed 6784K, reserved 1048576K
}
Event: 282,782 GC heap after
{Heap after GC invocations=221 (full 2):
 PSYoungGen      total 1536K, used 584K [0x00000000d5580000, 0x00000000d5f00000, 0x0000000100000000)
  eden space 512K, 0% used [0x00000000d5580000,0x00000000d5580000,0x00000000d5600000)
  from space 1024K, 57% used [0x00000000d5600000,0x00000000d5692000,0x00000000d5700000)
  to   space 3584K, 0% used [0x00000000d5b80000,0x00000000d5b80000,0x00000000d5f00000)
 ParOldGen       total 361472K, used 361388K [0x0000000080000000, 0x0000000096100000, 0x00000000d5580000)
  object space 361472K, 99% used [0x0000000080000000,0x00000000960eb2f8,0x0000000096100000)
 Metaspace       used 58645K, committed 59776K, reserved 1114112K
  class space    used 6263K, committed 6784K, reserved 1048576K
}
Event: 282,789 GC heap before
{Heap before GC invocations=222 (full 2):
 PSYoungGen      total 1536K, used 1068K [0x00000000d5580000, 0x00000000d5f00000, 0x0000000100000000)
  eden space 512K, 94% used [0x00000000d5580000,0x00000000d55f9290,0x00000000d5600000)
  from space 1024K, 57% used [0x00000000d5600000,0x00000000d5692000,0x00000000d5700000)
  to   space 3584K, 0% used [0x00000000d5b80000,0x00000000d5b80000,0x00000000d5f00000)
 ParOldGen       total 361472K, used 361388K [0x0000000080000000, 0x0000000096100000, 0x00000000d5580000)
  object space 361472K, 99% used [0x0000000080000000,0x00000000960eb2f8,0x0000000096100000)
 Metaspace       used 58645K, committed 59776K, reserved 1114112K
  class space    used 6263K, committed 6784K, reserved 1048576K
}
Event: 282,794 GC heap after
{Heap after GC invocations=222 (full 2):
 PSYoungGen      total 2048K, used 535K [0x00000000d5580000, 0x00000000d5c80000, 0x0000000100000000)
  eden space 1024K, 0% used [0x00000000d5580000,0x00000000d5580000,0x00000000d5680000)
  from space 1024K, 52% used [0x00000000d5b80000,0x00000000d5c05f40,0x00000000d5c80000)
  to   space 1024K, 0% used [0x00000000d5a80000,0x00000000d5a80000,0x00000000d5b80000)
 ParOldGen       total 361984K, used 361898K [0x0000000080000000, 0x0000000096180000, 0x00000000d5580000)
  object space 361984K, 99% used [0x0000000080000000,0x000000009616a848,0x0000000096180000)
 Metaspace       used 58645K, committed 59776K, reserved 1114112K
  class space    used 6263K, committed 6784K, reserved 1048576K
}
Event: 282,822 GC heap before
{Heap before GC invocations=223 (full 2):
 PSYoungGen      total 2048K, used 1559K [0x00000000d5580000, 0x00000000d5c80000, 0x0000000100000000)
  eden space 1024K, 99% used [0x00000000d5580000,0x00000000d567fd80,0x00000000d5680000)
  from space 1024K, 52% used [0x00000000d5b80000,0x00000000d5c05f40,0x00000000d5c80000)
  to   space 1024K, 0% used [0x00000000d5a80000,0x00000000d5a80000,0x00000000d5b80000)
 ParOldGen       total 364032K, used 363242K [0x0000000080000000, 0x0000000096380000, 0x00000000d5580000)
  object space 364032K, 99% used [0x0000000080000000,0x00000000962ba848,0x0000000096380000)
 Metaspace       used 58645K, committed 59776K, reserved 1114112K
  class space    used 6263K, committed 6784K, reserved 1048576K
}
Event: 282,826 GC heap after
{Heap after GC invocations=223 (full 2):
 PSYoungGen      total 2560K, used 1023K [0x00000000d5580000, 0x00000000d5c00000, 0x0000000100000000)
  eden space 1536K, 0% used [0x00000000d5580000,0x00000000d5580000,0x00000000d5700000)
  from space 1024K, 99% used [0x00000000d5a80000,0x00000000d5b7fe90,0x00000000d5b80000)
  to   space 512K, 0% used [0x00000000d5b80000,0x00000000d5b80000,0x00000000d5c00000)
 ParOldGen       total 364032K, used 363724K [0x0000000080000000, 0x0000000096380000, 0x00000000d5580000)
  object space 364032K, 99% used [0x0000000080000000,0x0000000096333200,0x0000000096380000)
 Metaspace       used 58645K, committed 59776K, reserved 1114112K
  class space    used 6263K, committed 6784K, reserved 1048576K
}
Event: 282,866 GC heap before
{Heap before GC invocations=224 (full 2):
 PSYoungGen      total 2560K, used 2559K [0x00000000d5580000, 0x00000000d5c00000, 0x0000000100000000)
  eden space 1536K, 100% used [0x00000000d5580000,0x00000000d5700000,0x00000000d5700000)
  from space 1024K, 99% used [0x00000000d5a80000,0x00000000d5b7fe90,0x00000000d5b80000)
  to   space 512K, 0% used [0x00000000d5b80000,0x00000000d5b80000,0x00000000d5c00000)
 ParOldGen       total 364032K, used 363724K [0x0000000080000000, 0x0000000096380000, 0x00000000d5580000)
  object space 364032K, 99% used [0x0000000080000000,0x0000000096333200,0x0000000096380000)
 Metaspace       used 58645K, committed 59776K, reserved 1114112K
  class space    used 6263K, committed 6784K, reserved 1048576K
}
Event: 282,881 GC heap after
{Heap after GC invocations=224 (full 2):
 PSYoungGen      total 2560K, used 483K [0x00000000d5580000, 0x00000000d5d80000, 0x0000000100000000)
  eden space 2048K, 0% used [0x00000000d5580000,0x00000000d5580000,0x00000000d5780000)
  from space 512K, 94% used [0x00000000d5b80000,0x00000000d5bf8f48,0x00000000d5c00000)
  to   space 3072K, 0% used [0x00000000d5780000,0x00000000d5780000,0x00000000d5a80000)
 ParOldGen       total 366080K, used 365771K [0x0000000080000000, 0x0000000096580000, 0x00000000d5580000)
  object space 366080K, 99% used [0x0000000080000000,0x0000000096532f10,0x0000000096580000)
 Metaspace       used 58645K, committed 59776K, reserved 1114112K
  class space    used 6263K, committed 6784K, reserved 1048576K
}
Event: 282,918 GC heap before
{Heap before GC invocations=225 (full 2):
 PSYoungGen      total 2560K, used 2531K [0x00000000d5580000, 0x00000000d5d80000, 0x0000000100000000)
  eden space 2048K, 100% used [0x00000000d5580000,0x00000000d5780000,0x00000000d5780000)
  from space 512K, 94% used [0x00000000d5b80000,0x00000000d5bf8f48,0x00000000d5c00000)
  to   space 3072K, 0% used [0x00000000d5780000,0x00000000d5780000,0x00000000d5a80000)
 ParOldGen       total 366080K, used 365771K [0x0000000080000000, 0x0000000096580000, 0x00000000d5580000)
  object space 366080K, 99% used [0x0000000080000000,0x0000000096532f10,0x0000000096580000)
 Metaspace       used 58645K, committed 59776K, reserved 1114112K
  class space    used 6263K, committed 6784K, reserved 1048576K
}
Event: 282,925 GC heap after
{Heap after GC invocations=225 (full 2):
 PSYoungGen      total 5120K, used 2091K [0x00000000d5580000, 0x00000000d5d00000, 0x0000000100000000)
  eden space 2048K, 0% used [0x00000000d5580000,0x00000000d5580000,0x00000000d5780000)
  from space 3072K, 68% used [0x00000000d5780000,0x00000000d598ae60,0x00000000d5a80000)
  to   space 2560K, 0% used [0x00000000d5a80000,0x00000000d5a80000,0x00000000d5d00000)
 ParOldGen       total 366592K, used 366278K [0x0000000080000000, 0x0000000096600000, 0x00000000d5580000)
  object space 366592K, 99% used [0x0000000080000000,0x00000000965b18c8,0x0000000096600000)
 Metaspace       used 58645K, committed 59776K, reserved 1114112K
  class space    used 6263K, committed 6784K, reserved 1048576K
}
Event: 282,946 GC heap before
{Heap before GC invocations=226 (full 2):
 PSYoungGen      total 5120K, used 3805K [0x00000000d5580000, 0x00000000d5d00000, 0x0000000100000000)
  eden space 2048K, 83% used [0x00000000d5580000,0x00000000d572c930,0x00000000d5780000)
  from space 3072K, 68% used [0x00000000d5780000,0x00000000d598ae60,0x00000000d5a80000)
  to   space 2560K, 0% used [0x00000000d5a80000,0x00000000d5a80000,0x00000000d5d00000)
 ParOldGen       total 366592K, used 366278K [0x0000000080000000, 0x0000000096600000, 0x00000000d5580000)
  object space 366592K, 99% used [0x0000000080000000,0x00000000965b18c8,0x0000000096600000)
 Metaspace       used 58645K, committed 59776K, reserved 1114112K
  class space    used 6263K, committed 6784K, reserved 1048576K
}
Event: 282,952 GC heap after
{Heap after GC invocations=226 (full 2):
 PSYoungGen      total 4608K, used 1735K [0x00000000d5580000, 0x00000000d5c80000, 0x0000000100000000)
  eden space 2560K, 0% used [0x00000000d5580000,0x00000000d5580000,0x00000000d5800000)
  from space 2048K, 84% used [0x00000000d5a80000,0x00000000d5c31e90,0x00000000d5c80000)
  to   space 2048K, 0% used [0x00000000d5880000,0x00000000d5880000,0x00000000d5a80000)
 ParOldGen       total 368640K, used 368335K [0x0000000080000000, 0x0000000096800000, 0x00000000d5580000)
  object space 368640K, 99% used [0x0000000080000000,0x00000000967b3c68,0x0000000096800000)
 Metaspace       used 58645K, committed 59776K, reserved 1114112K
  class space    used 6263K, committed 6784K, reserved 1048576K
}
Event: 283,004 GC heap before
{Heap before GC invocations=227 (full 2):
 PSYoungGen      total 4608K, used 4295K [0x00000000d5580000, 0x00000000d5c80000, 0x0000000100000000)
  eden space 2560K, 100% used [0x00000000d5580000,0x00000000d5800000,0x00000000d5800000)
  from space 2048K, 84% used [0x00000000d5a80000,0x00000000d5c31e90,0x00000000d5c80000)
  to   space 2048K, 0% used [0x00000000d5880000,0x00000000d5880000,0x00000000d5a80000)
 ParOldGen       total 370176K, used 369679K [0x0000000080000000, 0x0000000096980000, 0x00000000d5580000)
  object space 370176K, 99% used [0x0000000080000000,0x0000000096903c68,0x0000000096980000)
 Metaspace       used 58645K, committed 59776K, reserved 1114112K
  class space    used 6263K, committed 6784K, reserved 1048576K
}
Event: 283,009 GC heap after
{Heap after GC invocations=227 (full 2):
 PSYoungGen      total 4608K, used 2027K [0x00000000d5580000, 0x00000000d6200000, 0x0000000100000000)
  eden space 2560K, 0% used [0x00000000d5580000,0x00000000d5580000,0x00000000d5800000)
  from space 2048K, 99% used [0x00000000d5880000,0x00000000d5a7ae60,0x00000000d5a80000)
  to   space 5120K, 0% used [0x00000000d5d00000,0x00000000d5d00000,0x00000000d6200000)
 ParOldGen       total 372224K, used 371884K [0x0000000080000000, 0x0000000096b80000, 0x00000000d5580000)
  object space 372224K, 99% used [0x0000000080000000,0x0000000096b2b048,0x0000000096b80000)
 Metaspace       used 58645K, committed 59776K, reserved 1114112K
  class space    used 6263K, committed 6784K, reserved 1048576K
}
Event: 283,053 GC heap before
{Heap before GC invocations=228 (full 2):
 PSYoungGen      total 4608K, used 4587K [0x00000000d5580000, 0x00000000d6200000, 0x0000000100000000)
  eden space 2560K, 100% used [0x00000000d5580000,0x00000000d5800000,0x00000000d5800000)
  from space 2048K, 99% used [0x00000000d5880000,0x00000000d5a7ae60,0x00000000d5a80000)
  to   space 5120K, 0% used [0x00000000d5d00000,0x00000000d5d00000,0x00000000d6200000)
 ParOldGen       total 372224K, used 371884K [0x0000000080000000, 0x0000000096b80000, 0x00000000d5580000)
  object space 372224K, 99% used [0x0000000080000000,0x0000000096b2b048,0x0000000096b80000)
 Metaspace       used 58658K, committed 59776K, reserved 1114112K
  class space    used 6263K, committed 6784K, reserved 1048576K
}
Event: 283,059 GC heap after
{Heap after GC invocations=228 (full 2):
 PSYoungGen      total 4608K, used 1584K [0x00000000d5580000, 0x00000000d5f00000, 0x0000000100000000)
  eden space 2560K, 0% used [0x00000000d5580000,0x00000000d5580000,0x00000000d5800000)
  from space 2048K, 77% used [0x00000000d5d00000,0x00000000d5e8c030,0x00000000d5f00000)
  to   space 2560K, 0% used [0x00000000d5a00000,0x00000000d5a00000,0x00000000d5c80000)
 ParOldGen       total 374272K, used 373931K [0x0000000080000000, 0x0000000096d80000, 0x00000000d5580000)
  object space 374272K, 99% used [0x0000000080000000,0x0000000096d2ae78,0x0000000096d80000)
 Metaspace       used 58658K, committed 59776K, reserved 1114112K
  class space    used 6263K, committed 6784K, reserved 1048576K
}

Dll operation events (11 events):
Event: 3,719 Loaded shared library /usr/lib/jvm/java-21-openjdk-amd64/lib/libjava.so
Event: 7,753 Loaded shared library /usr/lib/jvm/java-21-openjdk-amd64/lib/libjsvml.so
Event: 10,727 Loaded shared library /usr/lib/jvm/java-21-openjdk-amd64/lib/libzip.so
Event: 12,011 Loaded shared library /usr/lib/jvm/java-21-openjdk-amd64/lib/libinstrument.so
Event: 13,663 Loaded shared library /usr/lib/jvm/java-21-openjdk-amd64/lib/libnio.so
Event: 13,888 Loaded shared library /usr/lib/jvm/java-21-openjdk-amd64/lib/libzip.so
Event: 17,982 Loaded shared library /usr/lib/jvm/java-21-openjdk-amd64/lib/libjimage.so
Event: 23,687 Loaded shared library /usr/lib/jvm/java-21-openjdk-amd64/lib/libverify.so
Event: 103,517 Loaded shared library /usr/lib/jvm/java-21-openjdk-amd64/lib/libnet.so
Event: 128,866 Loaded shared library /home/dan/.config/Code/User/globalStorage/redhat.java/1.55.0/config_linux/org.eclipse.equinox.launcher/org.eclipse.equinox.launcher.gtk.linux.x86_64_1.2.1600.v20260613-0559/eclipse_11924.so
Event: 267,280 Loaded shared library /usr/lib/jvm/java-21-openjdk-amd64/lib/libextnet.so

Deoptimization events (20 events):
Event: 282,470 Thread 0x000075854cb22050 DEOPT PACKING pc=0x00007585e96ce7ed sp=0x000075859e63b490
Event: 282,470 Thread 0x000075854cb22050 DEOPT UNPACKING pc=0x00007585efd8ab2f sp=0x000075859e63a978 mode 0
Event: 282,471 Thread 0x000075854cb22050 DEOPT PACKING pc=0x00007585e96ce7ed sp=0x000075859e63b490
Event: 282,471 Thread 0x000075854cb22050 DEOPT UNPACKING pc=0x00007585efd8ab2f sp=0x000075859e63a978 mode 0
Event: 282,472 Thread 0x000075854cb22050 DEOPT PACKING pc=0x00007585e96ce7ed sp=0x000075859e63b490
Event: 282,472 Thread 0x000075854cb22050 DEOPT UNPACKING pc=0x00007585efd8ab2f sp=0x000075859e63a978 mode 0
Event: 282,474 Thread 0x000075854cb22050 DEOPT PACKING pc=0x00007585e96ce7ed sp=0x000075859e63b490
Event: 282,474 Thread 0x000075854cb22050 DEOPT UNPACKING pc=0x00007585efd8ab2f sp=0x000075859e63a978 mode 0
Event: 282,475 Thread 0x000075854cb22050 DEOPT PACKING pc=0x00007585e96ce7ed sp=0x000075859e63b490
Event: 282,475 Thread 0x000075854cb22050 DEOPT UNPACKING pc=0x00007585efd8ab2f sp=0x000075859e63a978 mode 0
Event: 282,477 Thread 0x000075854cb22050 DEOPT PACKING pc=0x00007585e96ce7ed sp=0x000075859e63b490
Event: 282,477 Thread 0x000075854cb22050 DEOPT UNPACKING pc=0x00007585efd8ab2f sp=0x000075859e63a978 mode 0
Event: 282,478 Thread 0x000075854cb22050 DEOPT PACKING pc=0x00007585e96ce7ed sp=0x000075859e63b490
Event: 282,478 Thread 0x000075854cb22050 DEOPT UNPACKING pc=0x00007585efd8ab2f sp=0x000075859e63a978 mode 0
Event: 282,479 Thread 0x000075854cb22050 DEOPT PACKING pc=0x00007585e96ce7ed sp=0x000075859e63b490
Event: 282,479 Thread 0x000075854cb22050 DEOPT UNPACKING pc=0x00007585efd8ab2f sp=0x000075859e63a978 mode 0
Event: 282,480 Thread 0x000075854cb22050 DEOPT PACKING pc=0x00007585e96ce7ed sp=0x000075859e63b490
Event: 282,480 Thread 0x000075854cb22050 DEOPT UNPACKING pc=0x00007585efd8ab2f sp=0x000075859e63a978 mode 0
Event: 282,496 Thread 0x000075854cb22050 DEOPT PACKING pc=0x00007585e96ce7ed sp=0x000075859e63b490
Event: 282,497 Thread 0x000075854cb22050 DEOPT UNPACKING pc=0x00007585efd8ab2f sp=0x000075859e63a978 mode 0

Classes loaded (20 events):
Event: 273,322 Loading class java/nio/channels/NonWritableChannelException
Event: 273,322 Loading class java/nio/channels/NonWritableChannelException done
Event: 273,973 Loading class java/lang/UnsupportedClassVersionError
Event: 273,973 Loading class java/lang/UnsupportedClassVersionError done
Event: 275,704 Loading class java/util/stream/DistinctOps
Event: 275,704 Loading class java/util/stream/DistinctOps done
Event: 275,704 Loading class java/util/stream/DistinctOps$1
Event: 275,704 Loading class java/util/stream/DistinctOps$1 done
Event: 275,708 Loading class java/util/stream/DistinctOps$1$2
Event: 275,708 Loading class java/util/stream/DistinctOps$1$2 done
Event: 276,356 Loading class java/util/Collections$SynchronizedRandomAccessList
Event: 276,356 Loading class java/util/Collections$SynchronizedList
Event: 276,357 Loading class java/util/Collections$SynchronizedList done
Event: 276,357 Loading class java/util/Collections$SynchronizedRandomAccessList done
Event: 278,492 Loading class sun/security/ssl/Alert
Event: 278,494 Loading class sun/security/ssl/Alert done
Event: 278,494 Loading class sun/security/ssl/Alert$AlertConsumer
Event: 278,494 Loading class sun/security/ssl/Alert$AlertConsumer done
Event: 278,494 Loading class sun/security/ssl/Alert$Level
Event: 278,495 Loading class sun/security/ssl/Alert$Level done

Classes unloaded (7 events):
Event: 263,276 Thread 0x00007586000d64c0 Unloading class 0x00007585a01ab000 'java/lang/invoke/LambdaForm$MH+0x00007585a01ab000'
Event: 263,276 Thread 0x00007586000d64c0 Unloading class 0x00007585a01aac00 'java/lang/invoke/LambdaForm$MH+0x00007585a01aac00'
Event: 263,276 Thread 0x00007586000d64c0 Unloading class 0x00007585a01aa800 'java/lang/invoke/LambdaForm$MH+0x00007585a01aa800'
Event: 263,276 Thread 0x00007586000d64c0 Unloading class 0x00007585a01aa400 'java/lang/invoke/LambdaForm$MH+0x00007585a01aa400'
Event: 263,277 Thread 0x00007586000d64c0 Unloading class 0x00007585a01aa000 'java/lang/invoke/LambdaForm$BMH+0x00007585a01aa000'
Event: 263,277 Thread 0x00007586000d64c0 Unloading class 0x00007585a01a9c00 'java/lang/invoke/LambdaForm$DMH+0x00007585a01a9c00'
Event: 263,277 Thread 0x00007586000d64c0 Unloading class 0x00007585a01a8c00 'java/lang/invoke/LambdaForm$DMH+0x00007585a01a8c00'

Classes redefined (0 events):
No events

Internal exceptions (20 events):
Event: 276,447 Thread 0x0000758530000fe0 Exception <a 'java/io/IOException'{0x00000000d5834cf0}> (0x00000000d5834cf0) 
thrown [./src/hotspot/share/prims/jni.cpp, line 520]
Event: 276,449 Thread 0x0000758530000fe0 Exception <a 'java/io/IOException'{0x00000000d583eea0}> (0x00000000d583eea0) 
thrown [./src/hotspot/share/prims/jni.cpp, line 520]
Event: 276,453 Thread 0x0000758530000fe0 Exception <a 'java/io/IOException'{0x00000000d5bbb0e0}> (0x00000000d5bbb0e0) 
thrown [./src/hotspot/share/prims/jni.cpp, line 520]
Event: 276,454 Thread 0x0000758530000fe0 Exception <a 'java/io/IOException'{0x00000000d5bc4f58}> (0x00000000d5bc4f58) 
thrown [./src/hotspot/share/prims/jni.cpp, line 520]
Event: 276,455 Thread 0x0000758530000fe0 Exception <a 'java/io/IOException'{0x00000000d5c04b10}> (0x00000000d5c04b10) 
thrown [./src/hotspot/share/prims/jni.cpp, line 520]
Event: 276,461 Thread 0x0000758530000fe0 Exception <a 'java/io/IOException'{0x00000000d5c0dc98}> (0x00000000d5c0dc98) 
thrown [./src/hotspot/share/prims/jni.cpp, line 520]
Event: 277,326 Thread 0x0000758540001ca0 Exception <a 'java/io/IOException'{0x00000000d55ceab8}> (0x00000000d55ceab8) 
thrown [./src/hotspot/share/prims/jni.cpp, line 520]
Event: 277,326 Thread 0x0000758540001ca0 Exception <a 'java/io/IOException'{0x00000000d55f2f20}> (0x00000000d55f2f20) 
thrown [./src/hotspot/share/prims/jni.cpp, line 520]
Event: 277,328 Thread 0x0000758540001ca0 Exception <a 'java/io/IOException'{0x00000000d5642ab8}> (0x00000000d5642ab8) 
thrown [./src/hotspot/share/prims/jni.cpp, line 520]
Event: 277,330 Thread 0x0000758540001ca0 Exception <a 'java/io/IOException'{0x00000000d56474c8}> (0x00000000d56474c8) 
thrown [./src/hotspot/share/prims/jni.cpp, line 520]
Event: 277,333 Thread 0x0000758540001ca0 Exception <a 'java/io/IOException'{0x00000000d5697c58}> (0x00000000d5697c58) 
thrown [./src/hotspot/share/prims/jni.cpp, line 520]
Event: 277,333 Thread 0x0000758540001ca0 Exception <a 'java/io/IOException'{0x00000000d569c8a0}> (0x00000000d569c8a0) 
thrown [./src/hotspot/share/prims/jni.cpp, line 520]
Event: 277,339 Thread 0x0000758540001ca0 Exception <a 'java/io/IOException'{0x00000000d56ecae8}> (0x00000000d56ecae8) 
thrown [./src/hotspot/share/prims/jni.cpp, line 520]
Event: 277,476 Thread 0x0000758540001ca0 Exception <a 'java/io/IOException'{0x00000000d5615fa8}> (0x00000000d5615fa8) 
thrown [./src/hotspot/share/prims/jni.cpp, line 520]
Event: 277,476 Thread 0x0000758540001ca0 Exception <a 'java/io/IOException'{0x00000000d5872b78}> (0x00000000d5872b78) 
thrown [./src/hotspot/share/prims/jni.cpp, line 520]
Event: 277,477 Thread 0x0000758540001ca0 Exception <a 'java/io/IOException'{0x00000000d58a4658}> (0x00000000d58a4658) 
thrown [./src/hotspot/share/prims/jni.cpp, line 520]
Event: 277,477 Thread 0x0000758540001ca0 Exception <a 'java/io/IOException'{0x00000000d58cb970}> (0x00000000d58cb970) 
thrown [./src/hotspot/share/prims/jni.cpp, line 520]
Event: 277,499 Thread 0x0000758540001ca0 Exception <a 'java/io/IOException'{0x00000000d5a97da0}> (0x00000000d5a97da0) 
thrown [./src/hotspot/share/prims/jni.cpp, line 520]
Event: 277,500 Thread 0x0000758540001ca0 Exception <a 'java/io/IOException'{0x00000000d5ae2d90}> (0x00000000d5ae2d90) 
thrown [./src/hotspot/share/prims/jni.cpp, line 520]
Event: 277,502 Thread 0x0000758540001ca0 Exception <a 'java/io/IOException'{0x00000000d5b30e68}> (0x00000000d5b30e68) 
thrown [./src/hotspot/share/prims/jni.cpp, line 520]

ZGC Phase Switch (0 events):
No events

VM Operations (20 events):
Event: 282,683 Executing safepoint VM operation: ParallelGCFailedAllocation (Allocation Failure)
Event: 282,692 Executing safepoint VM operation: ParallelGCFailedAllocation (Allocation Failure) done
Event: 282,760 Executing safepoint VM operation: ParallelGCFailedAllocation (Allocation Failure)
Event: 282,768 Executing safepoint VM operation: ParallelGCFailedAllocation (Allocation Failure) done
Event: 282,775 Executing safepoint VM operation: ParallelGCFailedAllocation (Allocation Failure)
Event: 282,782 Executing safepoint VM operation: ParallelGCFailedAllocation (Allocation Failure) done
Event: 282,789 Executing safepoint VM operation: ParallelGCFailedAllocation (Allocation Failure)
Event: 282,794 Executing safepoint VM operation: ParallelGCFailedAllocation (Allocation Failure) done
Event: 282,822 Executing safepoint VM operation: ParallelGCFailedAllocation (Allocation Failure)
Event: 282,826 Executing safepoint VM operation: ParallelGCFailedAllocation (Allocation Failure) done
Event: 282,866 Executing safepoint VM operation: ParallelGCFailedAllocation (Allocation Failure)
Event: 282,881 Executing safepoint VM operation: ParallelGCFailedAllocation (Allocation Failure) done
Event: 282,918 Executing safepoint VM operation: ParallelGCFailedAllocation (Allocation Failure)
Event: 282,925 Executing safepoint VM operation: ParallelGCFailedAllocation (Allocation Failure) done
Event: 282,945 Executing safepoint VM operation: ParallelGCFailedAllocation (Allocation Failure)
Event: 282,952 Executing safepoint VM operation: ParallelGCFailedAllocation (Allocation Failure) done
Event: 283,004 Executing safepoint VM operation: ParallelGCFailedAllocation (Allocation Failure)
Event: 283,009 Executing safepoint VM operation: ParallelGCFailedAllocation (Allocation Failure) done
Event: 283,053 Executing safepoint VM operation: ParallelGCFailedAllocation (Allocation Failure)
Event: 283,059 Executing safepoint VM operation: ParallelGCFailedAllocation (Allocation Failure) done

Memory protections (20 events):
Event: 253,030 Protecting memory [0x000075859ec00000,0x000075859ec04000] with protection modes 0
Event: 254,288 Protecting memory [0x000075859ec00000,0x000075859ec04000] with protection modes 0
Event: 256,181 Protecting memory [0x000075859eb00000,0x000075859eb04000] with protection modes 0
Event: 256,279 Protecting memory [0x000075859ea00000,0x000075859ea04000] with protection modes 0
Event: 263,470 Protecting memory [0x000075859e900000,0x000075859e904000] with protection modes 0
Event: 264,214 Protecting memory [0x000075859e900000,0x000075859e904000] with protection modes 0
Event: 264,381 Protecting memory [0x000075859e800000,0x000075859e804000] with protection modes 0
Event: 264,635 Protecting memory [0x000075859e53d000,0x000075859e541000] with protection modes 0
Event: 264,641 Protecting memory [0x000075859e43d000,0x000075859e441000] with protection modes 0
Event: 265,495 Protecting memory [0x000075859e700000,0x000075859e704000] with protection modes 0
Event: 265,616 Protecting memory [0x000075859e33d000,0x000075859e341000] with protection modes 0
Event: 265,712 Protecting memory [0x000075859e23d000,0x000075859e241000] with protection modes 0
Event: 266,423 Protecting memory [0x000075859e13d000,0x000075859e141000] with protection modes 0
Event: 266,424 Protecting memory [0x000075859e03d000,0x000075859e041000] with protection modes 0
Event: 268,337 Protecting memory [0x000075859dd36000,0x000075859dd3a000] with protection modes 0
Event: 268,492 Protecting memory [0x000075859dd36000,0x000075859dd3a000] with protection modes 0
Event: 271,885 Protecting memory [0x000075859e900000,0x000075859e904000] with protection modes 0
Event: 272,542 Protecting memory [0x000075859df3d000,0x000075859df41000] with protection modes 0
Event: 282,251 Protecting memory [0x000075859e900000,0x000075859e904000] with protection modes 0
Event: 283,023 Protecting memory [0x000075859e900000,0x000075859e904000] with protection modes 0

Nmethod flushes (20 events):
Event: 265,970 Thread 0x00007586000d64c0 flushing  nmethod 0x00007585e8e08b10
Event: 265,970 Thread 0x00007586000d64c0 flushing  nmethod 0x00007585e8e09690
Event: 265,970 Thread 0x00007586000d64c0 flushing  nmethod 0x00007585e8e09e10
Event: 265,970 Thread 0x00007586000d64c0 flushing  nmethod 0x00007585e8e0b310
Event: 265,970 Thread 0x00007586000d64c0 flushing  nmethod 0x00007585e8e0b810
Event: 265,970 Thread 0x00007586000d64c0 flushing  nmethod 0x00007585e8e0bd10
Event: 265,970 Thread 0x00007586000d64c0 flushing  nmethod 0x00007585e8e0c110
Event: 265,970 Thread 0x00007586000d64c0 flushing  nmethod 0x00007585e8e0c590
Event: 265,970 Thread 0x00007586000d64c0 flushing  nmethod 0x00007585e8e0d110
Event: 265,970 Thread 0x00007586000d64c0 flushing  nmethod 0x00007585e8e0f110
Event: 265,970 Thread 0x00007586000d64c0 flushing  nmethod 0x00007585e8e0f410
Event: 265,970 Thread 0x00007586000d64c0 flushing  nmethod 0x00007585e8e18f90
Event: 265,970 Thread 0x00007586000d64c0 flushing  nmethod 0x00007585e8e19e90
Event: 265,970 Thread 0x00007586000d64c0 flushing  nmethod 0x00007585e8e30f90
Event: 265,970 Thread 0x00007586000d64c0 flushing  nmethod 0x00007585e8e4ad10
Event: 265,970 Thread 0x00007586000d64c0 flushing  nmethod 0x00007585e8e4e790
Event: 265,970 Thread 0x00007586000d64c0 flushing  nmethod 0x00007585e8e52090
Event: 265,970 Thread 0x00007586000d64c0 flushing  nmethod 0x00007585e8e9eb10
Event: 265,970 Thread 0x00007586000d64c0 flushing  nmethod 0x00007585e8ea0490
Event: 265,970 Thread 0x00007586000d64c0 flushing  nmethod 0x00007585e8ec8a90

Events (20 events):
Event: 264,214 Thread 0x00007586000e9360 Thread added: 0x00007585784bfd20
Event: 264,378 Thread 0x000075854c6ee910 Thread added: 0x0000758540001ca0
Event: 264,635 Thread 0x00007586003392f0 Thread added: 0x000075854cb22050
Event: 264,641 Thread 0x0000758540001ca0 Thread added: 0x0000758538000fe0
Event: 265,493 Thread 0x0000758538000fe0 Thread added: 0x0000758530000fe0
Event: 265,615 Thread 0x0000758530000fe0 Thread added: 0x0000758524000fe0
Event: 265,712 Thread 0x0000758600018f50 Thread added: 0x00007586003aef80
Event: 266,422 Thread 0x0000758600018f50 Thread added: 0x00007586004da5d0
Event: 266,424 Thread 0x0000758600018f50 Thread added: 0x00007586004db8d0
Event: 268,334 Thread 0x0000758538000fe0 Thread added: 0x00007585300b45a0
Event: 268,337 Thread 0x00007585300b45a0 Thread exited: 0x00007585300b45a0
Event: 268,492 Thread 0x0000758538000fe0 Thread added: 0x00007585300d9880
Event: 270,490 Thread 0x00007585784bfd20 Thread exited: 0x00007585784bfd20
Event: 271,885 Thread 0x00007586000e9360 Thread added: 0x000075857822b940
Event: 272,541 Thread 0x0000758530000fe0 Thread added: 0x00007585240a50f0
Event: 276,261 Thread 0x00007585240a50f0 Thread exited: 0x00007585240a50f0
Event: 279,403 Thread 0x000075857822b940 Thread exited: 0x000075857822b940
Event: 282,251 Thread 0x00007586000e7cc0 Thread added: 0x00007585743c7880
Event: 283,009 Thread 0x00007585743c7880 Thread exited: 0x00007585743c7880
Event: 283,023 Thread 0x00007586000e9360 Thread added: 0x000075857847b120


Dynamic libraries:
80000000-96d80000 rw-p 00000000 00:00 0 
96d80000-d5580000 ---p 00000000 00:00 0 
d5580000-d5f00000 rw-p 00000000 00:00 0 
d5f00000-100000000 ---p 00000000 00:00 0 
5e7d1d987000-5e7d1d988000 r--p 00000000 08:03 21778769                   /usr/lib/jvm/java-21-openjdk-amd64/bin/java
5e7d1d988000-5e7d1d989000 r-xp 00001000 08:03 21778769                   /usr/lib/jvm/java-21-openjdk-amd64/bin/java
5e7d1d989000-5e7d1d98a000 r--p 00002000 08:03 21778769                   /usr/lib/jvm/java-21-openjdk-amd64/bin/java
5e7d1d98a000-5e7d1d98b000 r--p 00002000 08:03 21778769                   /usr/lib/jvm/java-21-openjdk-amd64/bin/java
5e7d1d98b000-5e7d1d98c000 rw-p 00003000 08:03 21778769                   /usr/lib/jvm/java-21-openjdk-amd64/bin/java
5e7d4c9f7000-5e7d4ca3f000 rw-p 00000000 00:00 0                          [heap]
75851b800000-758523e51000 r--s 00000000 08:03 21778993                   /usr/lib/jvm/java-21-openjdk-amd64/lib/modules
758524000000-75852427b000 rw-p 00000000 00:00 0 
75852427b000-758528000000 ---p 00000000 00:00 0 
758528000000-758528021000 rw-p 00000000 00:00 0 
758528021000-75852c000000 ---p 00000000 00:00 0 
75852c000000-75852c288000 rw-p 00000000 00:00 0 
75852c288000-758530000000 ---p 00000000 00:00 0 
758530000000-75853012d000 rw-p 00000000 00:00 0 
75853012d000-758534000000 ---p 00000000 00:00 0 
758534000000-758535cf5000 rw-p 00000000 00:00 0 
758535cf5000-758538000000 ---p 00000000 00:00 0 
758538000000-758538098000 rw-p 00000000 00:00 0 
758538098000-75853c000000 ---p 00000000 00:00 0 
75853c000000-75853c070000 rw-p 00000000 00:00 0 
75853c070000-758540000000 ---p 00000000 00:00 0 
758540000000-758540623000 rw-p 00000000 00:00 0 
758540623000-758544000000 ---p 00000000 00:00 0 
758544000000-758544021000 rw-p 00000000 00:00 0 
758544021000-758548000000 ---p 00000000 00:00 0 
758548000000-758548143000 rw-p 00000000 00:00 0 
758548143000-75854c000000 ---p 00000000 00:00 0 
75854c000000-75854cc36000 rw-p 00000000 00:00 0 
75854cc36000-758550000000 ---p 00000000 00:00 0 
758550000000-758550021000 rw-p 00000000 00:00 0 
758550021000-758554000000 ---p 00000000 00:00 0 
758554000000-758554030000 rw-p 00000000 00:00 0 
758554030000-758558000000 ---p 00000000 00:00 0 
758558000000-758558021000 rw-p 00000000 00:00 0 
758558021000-75855c000000 ---p 00000000 00:00 0 
75855c000000-75855c021000 rw-p 00000000 00:00 0 
75855c021000-758560000000 ---p 00000000 00:00 0 
758560000000-758560027000 rw-p 00000000 00:00 0 
758560027000-758564000000 ---p 00000000 00:00 0 
758564000000-758564021000 rw-p 00000000 00:00 0 
758564021000-758568000000 ---p 00000000 00:00 0 
758568000000-758568021000 rw-p 00000000 00:00 0 
758568021000-75856c000000 ---p 00000000 00:00 0 
75856c000000-75856c021000 rw-p 00000000 00:00 0 
75856c021000-758570000000 ---p 00000000 00:00 0 
758570000000-758570021000 rw-p 00000000 00:00 0 
758570021000-758574000000 ---p 00000000 00:00 0 
758574000000-7585756f2000 rw-p 00000000 00:00 0 
7585756f2000-758578000000 ---p 00000000 00:00 0 
758578000000-75857878e000 rw-p 00000000 00:00 0 
75857878e000-75857c000000 ---p 00000000 00:00 0 
75857c000000-75857c021000 rw-p 00000000 00:00 0 
75857c021000-758580000000 ---p 00000000 00:00 0 
758580000000-758580021000 rw-p 00000000 00:00 0 
758580021000-758584000000 ---p 00000000 00:00 0 
758584000000-758584021000 rw-p 00000000 00:00 0 
758584021000-758588000000 ---p 00000000 00:00 0 
758588000000-758588021000 rw-p 00000000 00:00 0 
758588021000-75858c000000 ---p 00000000 00:00 0 
75858c000000-75858c157000 rw-p 00000000 00:00 0 
75858c157000-758590000000 ---p 00000000 00:00 0 
758590000000-758590021000 rw-p 00000000 00:00 0 
758590021000-758594000000 ---p 00000000 00:00 0 
758594000000-758594400000 rw-p 00000000 00:00 0 
758594400000-758594700000 rw-p 00000000 00:00 0 
758594700000-758594800000 rw-p 00000000 00:00 0 
758594800000-7585949c0000 rw-p 00000000 00:00 0 
7585949c0000-758594b00000 rw-p 00000000 00:00 0 
758594b00000-758594f00000 rw-p 00000000 00:00 0 
758594f00000-758595000000 rw-p 00000000 00:00 0 
758595000000-758595900000 rw-p 00000000 00:00 0 
758595900000-758595a00000 rw-p 00000000 00:00 0 
758595a00000-758595c00000 rw-p 00000000 00:00 0 
758595c00000-758596100000 rw-p 00000000 00:00 0 
758596100000-758596200000 rw-p 00000000 00:00 0 
758596200000-758596300000 rw-p 00000000 00:00 0 
758596300000-758596400000 rw-p 00000000 00:00 0 
758596400000-758596500000 rw-p 00000000 00:00 0 
758596500000-758596700000 rw-p 00000000 00:00 0 
758596700000-758596800000 rw-p 00000000 00:00 0 
758596800000-758596b80000 rw-p 00000000 00:00 0 
758596b80000-758596c00000 rw-p 00000000 00:00 0 
758596c00000-758597300000 rw-p 00000000 00:00 0 
758597300000-758597330000 rw-p 00000000 00:00 0 
758597330000-758597400000 ---p 00000000 00:00 0 
758597400000-758597490000 rw-p 00000000 00:00 0 
758597490000-758598000000 ---p 00000000 00:00 0 
758598000000-758598021000 rw-p 00000000 00:00 0 
758598021000-75859c000000 ---p 00000000 00:00 0 
75859da52000-75859dd36000 rw-p 00000000 00:00 0 
75859dd36000-75859dd3a000 ---p 00000000 00:00 0 
75859dd3a000-75859de36000 rw-p 00000000 00:00 0 
75859df3d000-75859df41000 ---p 00000000 00:00 0 
75859df41000-75859e03d000 rw-p 00000000 00:00 0 
75859e03d000-75859e041000 ---p 00000000 00:00 0 
75859e041000-75859e13d000 rw-p 00000000 00:00 0 
75859e13d000-75859e141000 ---p 00000000 00:00 0 
75859e141000-75859e23d000 rw-p 00000000 00:00 0 
75859e23d000-75859e241000 ---p 00000000 00:00 0 
75859e241000-75859e33d000 rw-p 00000000 00:00 0 
75859e33d000-75859e341000 ---p 00000000 00:00 0 
75859e341000-75859e43d000 rw-p 00000000 00:00 0 
75859e43d000-75859e441000 ---p 00000000 00:00 0 
75859e441000-75859e53d000 rw-p 00000000 00:00 0 
75859e53d000-75859e541000 ---p 00000000 00:00 0 
75859e541000-75859e63d000 rw-p 00000000 00:00 0 
75859e700000-75859e704000 ---p 00000000 00:00 0 
75859e704000-75859e800000 rw-p 00000000 00:00 0 
75859e800000-75859e804000 ---p 00000000 00:00 0 
75859e804000-75859e900000 rw-p 00000000 00:00 0 
75859e900000-75859e904000 ---p 00000000 00:00 0 
75859e904000-75859ea00000 rw-p 00000000 00:00 0 
75859ea00000-75859ea04000 ---p 00000000 00:00 0 
75859ea04000-75859eb00000 rw-p 00000000 00:00 0 
75859eb00000-75859eb04000 ---p 00000000 00:00 0 
75859eb04000-75859ec00000 rw-p 00000000 00:00 0 
75859ec00000-75859ec04000 ---p 00000000 00:00 0 
75859ec04000-75859ed00000 rw-p 00000000 00:00 0 
75859ed00000-75859ed04000 ---p 00000000 00:00 0 
75859ed04000-75859ee00000 rw-p 00000000 00:00 0 
75859ee00000-75859ee04000 ---p 00000000 00:00 0 
75859ee04000-75859ef00000 rw-p 00000000 00:00 0 
75859ef00000-75859ef04000 ---p 00000000 00:00 0 
75859ef04000-75859f000000 rw-p 00000000 00:00 0 
75859f000000-75859fc9c000 rw-p 00001000 08:03 21778994                   /usr/lib/jvm/java-21-openjdk-amd64/lib/server/classes.jsa
75859fc9c000-7585a0000000 ---p 00000000 00:00 0 
7585a0000000-7585a0040000 rw-p 00000000 00:00 0 
7585a0040000-7585a00c0000 rw-p 00000000 00:00 0 
7585a00c0000-7585a0100000 rw-p 00000000 00:00 0 
7585a0100000-7585a01c0000 rw-p 00000000 00:00 0 
7585a01c0000-7585a0200000 rw-p 00000000 00:00 0 
7585a0200000-7585a03e0000 rw-p 00000000 00:00 0 
7585a03e0000-7585a0400000 rw-p 00000000 00:00 0 
7585a0400000-7585a04c0000 rw-p 00000000 00:00 0 
7585a04c0000-7585a05d0000 rw-p 00000000 00:00 0 
7585a05d0000-7585a0600000 ---p 00000000 00:00 0 
7585a0600000-7585a06d0000 rw-p 00000000 00:00 0 
7585a06d0000-7585e0000000 ---p 00000000 00:00 0 
7585e0000000-7585e4021000 rw-p 00000000 00:00 0 
7585e4021000-7585e8000000 ---p 00000000 00:00 0 
7585e80fd000-7585e8101000 ---p 00000000 00:00 0 
7585e8101000-7585e81fd000 rw-p 00000000 00:00 0 
7585e81fd000-7585e8201000 ---p 00000000 00:00 0 
7585e8201000-7585e82fd000 rw-p 00000000 00:00 0 
7585e82fd000-7585e8301000 ---p 00000000 00:00 0 
7585e8301000-7585e83fd000 rw-p 00000000 00:00 0 
7585e83fd000-7585e83fe000 ---p 00000000 00:00 0 
7585e83fe000-7585e84fe000 rw-p 00000000 00:00 0 
7585e84fe000-7585e84ff000 ---p 00000000 00:00 0 
7585e84ff000-7585e85ff000 rw-p 00000000 00:00 0 
7585e85ff000-7585e8600000 ---p 00000000 00:00 0 
7585e8600000-7585e8700000 rw-p 00000000 00:00 0 
7585e8700000-7585e8704000 ---p 00000000 00:00 0 
7585e8704000-7585e8800000 rw-p 00000000 00:00 0 
7585e8800000-7585e96f0000 rwxp 00000000 00:00 0 
7585e96f0000-7585efd37000 ---p 00000000 00:00 0 
7585efd37000-7585effa7000 rwxp 00000000 00:00 0 
7585effa7000-7585f02c8000 ---p 00000000 00:00 0 
7585f02c8000-7585f0798000 rwxp 00000000 00:00 0 
7585f0798000-7585f7800000 ---p 00000000 00:00 0 
7585f7800000-7585ffe51000 r--s 00000000 08:03 21778993                   /usr/lib/jvm/java-21-openjdk-amd64/lib/modules
7585fff00000-7585fff04000 ---p 00000000 00:00 0 
7585fff04000-758600000000 rw-p 00000000 00:00 0 
758600000000-7586004e4000 rw-p 00000000 00:00 0 
7586004e4000-758604000000 ---p 00000000 00:00 0 
758604016000-758604017000 r--p 00000000 08:03 19544728                   /usr/lib/x86_64-linux-gnu/libnss_mdns4_minimal.so.2
758604017000-758604019000 r-xp 00001000 08:03 19544728                   /usr/lib/x86_64-linux-gnu/libnss_mdns4_minimal.so.2
758604019000-75860401a000 r--p 00003000 08:03 19544728                   /usr/lib/x86_64-linux-gnu/libnss_mdns4_minimal.so.2
75860401a000-75860401b000 r--p 00003000 08:03 19544728                   /usr/lib/x86_64-linux-gnu/libnss_mdns4_minimal.so.2
75860401b000-75860401c000 rw-p 00004000 08:03 19544728                   /usr/lib/x86_64-linux-gnu/libnss_mdns4_minimal.so.2
75860402a000-75860402b000 r--p 00000000 08:03 21778963                   /usr/lib/jvm/java-21-openjdk-amd64/lib/libextnet.so
75860402b000-75860402c000 r-xp 00001000 08:03 21778963                   /usr/lib/jvm/java-21-openjdk-amd64/lib/libextnet.so
75860402c000-75860402d000 r--p 00002000 08:03 21778963                   /usr/lib/jvm/java-21-openjdk-amd64/lib/libextnet.so
75860402d000-75860402e000 r--p 00002000 08:03 21778963                   /usr/lib/jvm/java-21-openjdk-amd64/lib/libextnet.so
75860402e000-75860402f000 rw-p 00003000 08:03 21778963                   /usr/lib/jvm/java-21-openjdk-amd64/lib/libextnet.so
75860402f000-758604034000 r--p 00000000 08:03 21778977                   /usr/lib/jvm/java-21-openjdk-amd64/lib/libjsvml.so
758604034000-758604075000 r-xp 00005000 08:03 21778977                   /usr/lib/jvm/java-21-openjdk-amd64/lib/libjsvml.so
758604075000-7586040fe000 r--p 00046000 08:03 21778977                   /usr/lib/jvm/java-21-openjdk-amd64/lib/libjsvml.so
7586040fe000-7586040ff000 r--p 000ce000 08:03 21778977                   /usr/lib/jvm/java-21-openjdk-amd64/lib/libjsvml.so
7586040ff000-758604100000 rw-p 000cf000 08:03 21778977                   /usr/lib/jvm/java-21-openjdk-amd64/lib/libjsvml.so
758604100000-758604104000 ---p 00000000 00:00 0 
758604104000-758604200000 rw-p 00000000 00:00 0 
758604200000-758604204000 ---p 00000000 00:00 0 
758604204000-758604300000 rw-p 00000000 00:00 0 
758604300000-758604304000 ---p 00000000 00:00 0 
758604304000-758604400000 rw-p 00000000 00:00 0 
758604400000-758604404000 ---p 00000000 00:00 0 
758604404000-758604500000 rw-p 00000000 00:00 0 
758604500000-758604504000 ---p 00000000 00:00 0 
758604504000-758604600000 rw-p 00000000 00:00 0 
758604600000-758604604000 ---p 00000000 00:00 0 
758604604000-758604700000 rw-p 00000000 00:00 0 
758604700000-758604704000 ---p 00000000 00:00 0 
758604704000-758604800000 rw-p 00000000 00:00 0 
758604800000-758604ff0000 r--p 00000000 08:03 19530507                   /usr/lib/locale/locale-archive
758604ff2000-758604ff3000 ---p 00000000 00:00 0 
758604ff3000-7586050f3000 rw-p 00000000 00:00 0 
7586050f3000-758605cff000 rw-p 00000000 00:00 0 
758605cff000-758605d00000 ---p 00000000 00:00 0 
758605d00000-758605e00000 rw-p 00000000 00:00 0 
758605e00000-758606200000 rw-p 00000000 00:00 0 
758606204000-758606205000 r--p 00000000 08:03 19530192                   /usr/lib/x86_64-linux-gnu/libdl.so.2
758606205000-758606206000 r-xp 00001000 08:03 19530192                   /usr/lib/x86_64-linux-gnu/libdl.so.2
758606206000-758606207000 r--p 00002000 08:03 19530192                   /usr/lib/x86_64-linux-gnu/libdl.so.2
758606207000-758606208000 r--p 00002000 08:03 19530192                   /usr/lib/x86_64-linux-gnu/libdl.so.2
758606208000-758606209000 rw-p 00003000 08:03 19530192                   /usr/lib/x86_64-linux-gnu/libdl.so.2
758606209000-75860620d000 r--p 00000000 08:03 17173016                   /home/dan/.config/Code/User/globalStorage/redhat.java/1.55.0/config_linux/org.eclipse.equinox.launcher/org.eclipse.equinox.launcher.gtk.linux.x86_64_1.2.1600.v20260613-0559/eclipse_11924.so
75860620d000-758606217000 r-xp 00004000 08:03 17173016                   /home/dan/.config/Code/User/globalStorage/redhat.java/1.55.0/config_linux/org.eclipse.equinox.launcher/org.eclipse.equinox.launcher.gtk.linux.x86_64_1.2.1600.v20260613-0559/eclipse_11924.so
758606217000-75860621a000 r--p 0000e000 08:03 17173016                   /home/dan/.config/Code/User/globalStorage/redhat.java/1.55.0/config_linux/org.eclipse.equinox.launcher/org.eclipse.equinox.launcher.gtk.linux.x86_64_1.2.1600.v20260613-0559/eclipse_11924.so
75860621a000-75860621b000 r--p 00010000 08:03 17173016                   /home/dan/.config/Code/User/globalStorage/redhat.java/1.55.0/config_linux/org.eclipse.equinox.launcher/org.eclipse.equinox.launcher.gtk.linux.x86_64_1.2.1600.v20260613-0559/eclipse_11924.so
75860621b000-75860621c000 rw-p 00011000 08:03 17173016                   /home/dan/.config/Code/User/globalStorage/redhat.java/1.55.0/config_linux/org.eclipse.equinox.launcher/org.eclipse.equinox.launcher.gtk.linux.x86_64_1.2.1600.v20260613-0559/eclipse_11924.so
75860621c000-75860621d000 rw-p 00000000 00:00 0 
75860621d000-758606224000 r--s 00000000 08:03 19679675                   /usr/lib/x86_64-linux-gnu/gconv/gconv-modules.cache
758606224000-758606248000 r--p 00000000 08:03 20982075                   /usr/share/locale-langpack/pt_BR/LC_MESSAGES/libc.mo
758606248000-75860624c000 r--p 00000000 08:03 21778991                   /usr/lib/jvm/java-21-openjdk-amd64/lib/libverify.so
75860624c000-758606253000 r-xp 00004000 08:03 21778991                   /usr/lib/jvm/java-21-openjdk-amd64/lib/libverify.so
758606253000-758606255000 r--p 0000b000 08:03 21778991                   /usr/lib/jvm/java-21-openjdk-amd64/lib/libverify.so
758606255000-758606257000 r--p 0000c000 08:03 21778991                   /usr/lib/jvm/java-21-openjdk-amd64/lib/libverify.so
758606257000-758606258000 rw-p 0000e000 08:03 21778991                   /usr/lib/jvm/java-21-openjdk-amd64/lib/libverify.so
758606258000-75860625b000 r--p 00000000 08:03 21778984                   /usr/lib/jvm/java-21-openjdk-amd64/lib/libnet.so
75860625b000-758606263000 r-xp 00003000 08:03 21778984                   /usr/lib/jvm/java-21-openjdk-amd64/lib/libnet.so
758606263000-758606265000 r--p 0000b000 08:03 21778984                   /usr/lib/jvm/java-21-openjdk-amd64/lib/libnet.so
758606265000-758606266000 r--p 0000c000 08:03 21778984                   /usr/lib/jvm/java-21-openjdk-amd64/lib/libnet.so
758606266000-758606267000 rw-p 0000d000 08:03 21778984                   /usr/lib/jvm/java-21-openjdk-amd64/lib/libnet.so
758606267000-75860626e000 r--p 00000000 08:03 21778985                   /usr/lib/jvm/java-21-openjdk-amd64/lib/libnio.so
75860626e000-758606277000 r-xp 00007000 08:03 21778985                   /usr/lib/jvm/java-21-openjdk-amd64/lib/libnio.so
758606277000-75860627b000 r--p 00010000 08:03 21778985                   /usr/lib/jvm/java-21-openjdk-amd64/lib/libnio.so
75860627b000-75860627c000 r--p 00014000 08:03 21778985                   /usr/lib/jvm/java-21-openjdk-amd64/lib/libnio.so
75860627c000-75860627d000 rw-p 00015000 08:03 21778985                   /usr/lib/jvm/java-21-openjdk-amd64/lib/libnio.so
75860627d000-758606334000 rw-p 00000000 00:00 0 
758606334000-758606528000 ---p 00000000 00:00 0 
758606528000-758606529000 ---p 00000000 00:00 0 
758606529000-758606629000 rw-p 00000000 00:00 0 
758606629000-7586066e0000 rw-p 00000000 00:00 0 
7586066e0000-7586068d3000 ---p 00000000 00:00 0 
7586068d3000-7586068d9000 rw-p 00000000 00:00 0 
7586068d9000-758606a2a000 ---p 00000000 00:00 0 
758606a2a000-758606a34000 rw-p 00000000 00:00 0 
758606a34000-758606b15000 ---p 00000000 00:00 0 
758606b15000-758606b33000 rw-p 00000000 00:00 0 
758606b33000-758606c00000 ---p 00000000 00:00 0 
758606c00000-758606c9d000 r--p 00000000 08:03 19532135                   /usr/lib/x86_64-linux-gnu/libstdc++.so.6.0.33
758606c9d000-758606de5000 r-xp 0009d000 08:03 19532135                   /usr/lib/x86_64-linux-gnu/libstdc++.so.6.0.33
758606de5000-758606e6c000 r--p 001e5000 08:03 19532135                   /usr/lib/x86_64-linux-gnu/libstdc++.so.6.0.33
758606e6c000-758606e77000 r--p 0026b000 08:03 19532135                   /usr/lib/x86_64-linux-gnu/libstdc++.so.6.0.33
758606e77000-758606e7a000 rw-p 00276000 08:03 19532135                   /usr/lib/x86_64-linux-gnu/libstdc++.so.6.0.33
758606e7a000-758606e7e000 rw-p 00000000 00:00 0 
758606e7f000-758606f00000 rw-p 00000000 00:00 0 
758606f00000-758606f04000 ---p 00000000 00:00 0 
758606f04000-758607000000 rw-p 00000000 00:00 0 
758607000000-7586072a2000 r--p 00000000 08:03 21778997                   /usr/lib/jvm/java-21-openjdk-amd64/lib/server/libjvm.so
7586072a2000-758608119000 r-xp 002a2000 08:03 21778997                   /usr/lib/jvm/java-21-openjdk-amd64/lib/server/libjvm.so
758608119000-7586083f4000 r--p 01119000 08:03 21778997                   /usr/lib/jvm/java-21-openjdk-amd64/lib/server/libjvm.so
7586083f4000-7586084c8000 r--p 013f3000 08:03 21778997                   /usr/lib/jvm/java-21-openjdk-amd64/lib/server/libjvm.so
7586084c8000-7586084f8000 rw-p 014c7000 08:03 21778997                   /usr/lib/jvm/java-21-openjdk-amd64/lib/server/libjvm.so
7586084f8000-75860855e000 rw-p 00000000 00:00 0 
75860855f000-758608560000 r--p 00000000 08:03 19530555                   /usr/lib/x86_64-linux-gnu/libpthread.so.0
758608560000-758608561000 r-xp 00001000 08:03 19530555                   /usr/lib/x86_64-linux-gnu/libpthread.so.0
758608561000-758608562000 r--p 00002000 08:03 19530555                   /usr/lib/x86_64-linux-gnu/libpthread.so.0
758608562000-758608563000 r--p 00002000 08:03 19530555                   /usr/lib/x86_64-linux-gnu/libpthread.so.0
758608563000-758608564000 rw-p 00003000 08:03 19530555                   /usr/lib/x86_64-linux-gnu/libpthread.so.0
758608564000-758608600000 rw-p 00000000 00:00 0 
758608600000-758608628000 r--p 00000000 08:03 19530058                   /usr/lib/x86_64-linux-gnu/libc.so.6
758608628000-7586087b0000 r-xp 00028000 08:03 19530058                   /usr/lib/x86_64-linux-gnu/libc.so.6
7586087b0000-7586087ff000 r--p 001b0000 08:03 19530058                   /usr/lib/x86_64-linux-gnu/libc.so.6
7586087ff000-758608803000 r--p 001fe000 08:03 19530058                   /usr/lib/x86_64-linux-gnu/libc.so.6
758608803000-758608805000 rw-p 00202000 08:03 19530058                   /usr/lib/x86_64-linux-gnu/libc.so.6
758608805000-758608812000 rw-p 00000000 00:00 0 
758608813000-758608815000 r--p 00000000 08:03 21778992                   /usr/lib/jvm/java-21-openjdk-amd64/lib/libzip.so
758608815000-75860881a000 r-xp 00002000 08:03 21778992                   /usr/lib/jvm/java-21-openjdk-amd64/lib/libzip.so
75860881a000-75860881c000 r--p 00007000 08:03 21778992                   /usr/lib/jvm/java-21-openjdk-amd64/lib/libzip.so
75860881c000-75860881d000 r--p 00008000 08:03 21778992                   /usr/lib/jvm/java-21-openjdk-amd64/lib/libzip.so
75860881d000-75860881e000 rw-p 00009000 08:03 21778992                   /usr/lib/jvm/java-21-openjdk-amd64/lib/libzip.so
75860881e000-75860884b000 rw-p 00000000 00:00 0 
75860884b000-758608852000 ---p 00000000 00:00 0 
758608852000-75860885f000 r--p 00000000 08:03 21778970                   /usr/lib/jvm/java-21-openjdk-amd64/lib/libjava.so
75860885f000-75860886e000 r-xp 0000d000 08:03 21778970                   /usr/lib/jvm/java-21-openjdk-amd64/lib/libjava.so
75860886e000-758608873000 r--p 0001c000 08:03 21778970                   /usr/lib/jvm/java-21-openjdk-amd64/lib/libjava.so
758608873000-758608874000 r--p 00021000 08:03 21778970                   /usr/lib/jvm/java-21-openjdk-amd64/lib/libjava.so
758608874000-758608875000 rw-p 00022000 08:03 21778970                   /usr/lib/jvm/java-21-openjdk-amd64/lib/libjava.so
758608875000-758608876000 rw-p 00000000 00:00 0 
758608876000-758608878000 r--p 00000000 08:03 21778965                   /usr/lib/jvm/java-21-openjdk-amd64/lib/libinstrument.so
758608878000-75860887e000 r-xp 00002000 08:03 21778965                   /usr/lib/jvm/java-21-openjdk-amd64/lib/libinstrument.so
75860887e000-758608881000 r--p 00008000 08:03 21778965                   /usr/lib/jvm/java-21-openjdk-amd64/lib/libinstrument.so
758608881000-758608882000 r--p 0000a000 08:03 21778965                   /usr/lib/jvm/java-21-openjdk-amd64/lib/libinstrument.so
758608882000-758608883000 rw-p 0000b000 08:03 21778965                   /usr/lib/jvm/java-21-openjdk-amd64/lib/libinstrument.so
758608883000-758608887000 r--p 00000000 08:03 19532130                   /usr/lib/x86_64-linux-gnu/libgcc_s.so.1
758608887000-7586088ab000 r-xp 00004000 08:03 19532130                   /usr/lib/x86_64-linux-gnu/libgcc_s.so.1
7586088ab000-7586088af000 r--p 00028000 08:03 19532130                   /usr/lib/x86_64-linux-gnu/libgcc_s.so.1
7586088af000-7586088b0000 r--p 0002b000 08:03 19532130                   /usr/lib/x86_64-linux-gnu/libgcc_s.so.1
7586088b0000-7586088b1000 rw-p 0002c000 08:03 19532130                   /usr/lib/x86_64-linux-gnu/libgcc_s.so.1
7586088b1000-7586088c1000 r--p 00000000 08:03 19530215                   /usr/lib/x86_64-linux-gnu/libm.so.6
7586088c1000-758608940000 r-xp 00010000 08:03 19530215                   /usr/lib/x86_64-linux-gnu/libm.so.6
758608940000-758608998000 r--p 0008f000 08:03 19530215                   /usr/lib/x86_64-linux-gnu/libm.so.6
758608998000-758608999000 r--p 000e7000 08:03 19530215                   /usr/lib/x86_64-linux-gnu/libm.so.6
758608999000-75860899a000 rw-p 000e8000 08:03 19530215                   /usr/lib/x86_64-linux-gnu/libm.so.6
75860899a000-75860899c000 rw-p 00000000 00:00 0 
75860899c000-75860899e000 r--p 00000000 08:03 21778974                   /usr/lib/jvm/java-21-openjdk-amd64/lib/libjli.so
75860899e000-7586089a8000 r-xp 00002000 08:03 21778974                   /usr/lib/jvm/java-21-openjdk-amd64/lib/libjli.so
7586089a8000-7586089ab000 r--p 0000c000 08:03 21778974                   /usr/lib/jvm/java-21-openjdk-amd64/lib/libjli.so
7586089ab000-7586089ac000 r--p 0000f000 08:03 21778974                   /usr/lib/jvm/java-21-openjdk-amd64/lib/libjli.so
7586089ac000-7586089ad000 rw-p 00010000 08:03 21778974                   /usr/lib/jvm/java-21-openjdk-amd64/lib/libjli.so
7586089ad000-7586089af000 r--p 00000000 08:03 19545410                   /usr/lib/x86_64-linux-gnu/libz.so.1.3
7586089af000-7586089c1000 r-xp 00002000 08:03 19545410                   /usr/lib/x86_64-linux-gnu/libz.so.1.3
7586089c1000-7586089c7000 r--p 00014000 08:03 19545410                   /usr/lib/x86_64-linux-gnu/libz.so.1.3
7586089c7000-7586089c8000 r--p 0001a000 08:03 19545410                   /usr/lib/x86_64-linux-gnu/libz.so.1.3
7586089c8000-7586089c9000 rw-p 0001b000 08:03 19545410                   /usr/lib/x86_64-linux-gnu/libz.so.1.3
7586089c9000-7586089d1000 rw-s 00000000 08:03 28180548                   /tmp/hsperfdata_dan/20539
7586089d1000-7586089d2000 ---p 00000000 00:00 0 
7586089d2000-7586089d3000 r--p 00000000 00:00 0 
7586089d3000-7586089d4000 ---p 00000000 00:00 0 
7586089d4000-7586089d6000 r--p 00000000 08:03 21778973                   /usr/lib/jvm/java-21-openjdk-amd64/lib/libjimage.so
7586089d6000-7586089d9000 r-xp 00002000 08:03 21778973                   /usr/lib/jvm/java-21-openjdk-amd64/lib/libjimage.so
7586089d9000-7586089da000 r--p 00005000 08:03 21778973                   /usr/lib/jvm/java-21-openjdk-amd64/lib/libjimage.so
7586089da000-7586089db000 r--p 00006000 08:03 21778973                   /usr/lib/jvm/java-21-openjdk-amd64/lib/libjimage.so
7586089db000-7586089dc000 rw-p 00007000 08:03 21778973                   /usr/lib/jvm/java-21-openjdk-amd64/lib/libjimage.so
7586089dc000-7586089de000 rw-p 00000000 00:00 0 
7586089de000-7586089e2000 r--p 00000000 00:00 0                          [vvar]
7586089e2000-7586089e4000 r--p 00000000 00:00 0                          [vvar_vclock]
7586089e4000-7586089e6000 r-xp 00000000 00:00 0                          [vdso]
7586089e6000-7586089e7000 r--p 00000000 08:03 19529759                   /usr/lib/x86_64-linux-gnu/ld-linux-x86-64.so.2
7586089e7000-758608a12000 r-xp 00001000 08:03 19529759                   /usr/lib/x86_64-linux-gnu/ld-linux-x86-64.so.2
758608a12000-758608a1c000 r--p 0002c000 08:03 19529759                   /usr/lib/x86_64-linux-gnu/ld-linux-x86-64.so.2
758608a1c000-758608a1e000 r--p 00036000 08:03 19529759                   /usr/lib/x86_64-linux-gnu/ld-linux-x86-64.so.2
758608a1e000-758608a20000 rw-p 00038000 08:03 19529759                   /usr/lib/x86_64-linux-gnu/ld-linux-x86-64.so.2
7ffd57c31000-7ffd57c53000 rw-p 00000000 00:00 0                          [stack]
ffffffffff600000-ffffffffff601000 --xp 00000000 00:00 0                  [vsyscall]
Total number of mappings: 331

JVMTI agents:
/home/dan/.vscode/extensions/redhat.java-1.55.0-linux-x64/lombok/lombok-1.18.39-4050.jar path:none, loaded, initialized, instrumentlib options:none


VM Arguments:
jvm_args: --add-modules=ALL-SYSTEM --add-opens=java.base/java.util=ALL-UNNAMED --add-opens=java.base/java.lang=ALL-UNNAMED --add-opens=java.base/sun.nio.fs=ALL-UNNAMED -Declipse.application=org.eclipse.jdt.ls.core.id1 -Dosgi.bundles.defaultStartLevel=4 -Declipse.product=org.eclipse.jdt.ls.core.product -Djava.import.generatesMetadataFilesAtProjectRoot=false -DDetectVMInstallationsJob.disabled=true -Dfile.encoding=utf8 -XX:+UseParallelGC -XX:GCTimeRatio=4 -XX:AdaptiveSizePolicyWeight=90 -Dsun.zip.disableMemoryMapping=true -Xmx2G -Xms100m -Xlog:disable -javaagent:/home/dan/.vscode/extensions/redhat.java-1.55.0-linux-x64/lombok/lombok-1.18.39-4050.jar -XX:+HeapDumpOnOutOfMemoryError -XX:HeapDumpPath=/home/dan/.config/Code/User/workspaceStorage/3e564cfedea14a04fad4b011b1314378/redhat.java -Daether.dependencyCollector.impl=bf 
java_command: /home/dan/.vscode/extensions/redhat.java-1.55.0-linux-x64/server/plugins/org.eclipse.equinox.launcher_1.7.200.v20260619-2039.jar -configuration /home/dan/.config/Code/User/globalStorage/redhat.java/1.55.0/config_linux -data /home/dan/.config/Code/User/workspaceStorage/3e564cfedea14a04fad4b011b1314378/redhat.java/jdt_ws --pipe=/run/user/1000/lsp-cec5931c210f75fe38c053d5fd17cd11.sock
java_class_path (initial): /home/dan/.vscode/extensions/redhat.java-1.55.0-linux-x64/server/plugins/org.eclipse.equinox.launcher_1.7.200.v20260619-2039.jar
Launcher Type: SUN_STANDARD

[Global flags]
    uintx AdaptiveSizePolicyWeight                 = 90                                        {product} {command line}
     intx CICompilerCount                          = 3                                         {product} {ergonomic}
    uintx GCTimeRatio                              = 4                                         {product} {command line}
     bool HeapDumpOnOutOfMemoryError               = true                                   {manageable} {command line}
    ccstr HeapDumpPath                             = /home/dan/.config/Code/User/workspaceStorage/3e564cfedea14a04fad4b011b1314378/redhat.java         {manageable} {command line}
   size_t InitialHeapSize                          = 104857600                                 {product} {command line}
   size_t MaxHeapSize                              = 2147483648                                {product} {command line}
   size_t MaxNewSize                               = 715653120                                 {product} {ergonomic}
   size_t MinHeapDeltaBytes                        = 524288                                    {product} {ergonomic}
   size_t MinHeapSize                              = 104857600                                 {product} {command line}
   size_t NewSize                                  = 34603008                                  {product} {ergonomic}
    uintx NonNMethodCodeHeapSize                   = 5832780                                {pd product} {ergonomic}
    uintx NonProfiledCodeHeapSize                  = 122912730                              {pd product} {ergonomic}
   size_t OldSize                                  = 70254592                                  {product} {ergonomic}
    uintx ProfiledCodeHeapSize                     = 122912730                              {pd product} {ergonomic}
    uintx ReservedCodeCacheSize                    = 251658240                              {pd product} {ergonomic}
     bool SegmentedCodeCache                       = true                                      {product} {ergonomic}
   size_t SoftMaxHeapSize                          = 2147483648                             {manageable} {ergonomic}
     bool UseCompressedOops                        = true                           {product lp64_product} {ergonomic}
     bool UseParallelGC                            = true                                      {product} {command line}

Logging:
Log output configuration:
 #0: stdout all=off uptime,level,tags foldmultilines=false
 #1: stderr all=off uptime,level,tags foldmultilines=false

Release file:
IMPLEMENTOR="Ubuntu"
JAVA_RUNTIME_VERSION="21.0.11+10-1-24.04.2-Ubuntu"
JAVA_VERSION="21.0.11"
JAVA_VERSION_DATE="2026-04-21"
LIBC="gnu"
MODULES="java.base java.compiler java.datatransfer java.xml java.prefs java.desktop java.instrument java.logging java.management java.security.sasl java.naming java.rmi java.management.rmi java.net.http java.scripting java.security.jgss java.transaction.xa java.sql java.sql.rowset java.xml.crypto java.se java.smartcardio jdk.accessibility jdk.internal.jvmstat jdk.attach jdk.charsets jdk.internal.opt jdk.zipfs jdk.compiler jdk.crypto.ec jdk.crypto.cryptoki jdk.dynalink jdk.internal.ed jdk.editpad jdk.hotspot.agent jdk.httpserver jdk.incubator.vector jdk.internal.le jdk.internal.vm.ci jdk.internal.vm.compiler jdk.internal.vm.compiler.management jdk.jartool jdk.javadoc jdk.jcmd jdk.management jdk.management.agent jdk.jconsole jdk.jdeps jdk.jdwp.agent jdk.jdi jdk.jfr jdk.jlink jdk.jpackage jdk.jshell jdk.jsobject jdk.jstatd jdk.localedata jdk.management.jfr jdk.naming.dns jdk.naming.rmi jdk.net jdk.nio.mapmode jdk.random jdk.sctp jdk.security.auth jdk.security.jgss jdk.unsupported jdk.unsupported.desktop jdk.xml.dom"
OS_ARCH="x86_64"
OS_NAME="Linux"
SOURCE=""

Environment Variables:
PATH=/usr/local/sbin:/usr/local/bin:/usr/sbin:/usr/bin:/sbin:/bin:/usr/games:/usr/local/games:/snap/bin
SHELL=/bin/bash
DISPLAY=:0
LANG=pt_BR.UTF-8
LC_NUMERIC=es_AR.UTF-8

Active Locale:
LC_ALL=LC_CTYPE=pt_BR.UTF-8;LC_NUMERIC=es_AR.UTF-8;LC_TIME=pt_BR.UTF-8;LC_COLLATE=pt_BR.UTF-8;LC_MONETARY=es_AR.UTF-8;LC_MESSAGES=pt_BR.UTF-8;LC_PAPER=es_AR.UTF-8;LC_NAME=es_AR.UTF-8;LC_ADDRESS=es_AR.UTF-8;LC_TELEPHONE=es_AR.UTF-8;LC_MEASUREMENT=es_AR.UTF-8;LC_IDENTIFICATION=es_AR.UTF-8
LC_COLLATE=pt_BR.UTF-8
LC_CTYPE=pt_BR.UTF-8
LC_MESSAGES=pt_BR.UTF-8
LC_MONETARY=es_AR.UTF-8
LC_NUMERIC=es_AR.UTF-8
LC_TIME=pt_BR.UTF-8

Signal Handlers:
   SIGSEGV: crash_handler in libjvm.so, mask=11100100010111111101111111111110, flags=SA_RESTART|SA_SIGINFO, unblocked
    SIGBUS: crash_handler in libjvm.so, mask=11100100010111111101111111111110, flags=SA_RESTART|SA_SIGINFO, unblocked
    SIGFPE: crash_handler in libjvm.so, mask=11100100010111111101111111111110, flags=SA_RESTART|SA_SIGINFO, unblocked
   SIGPIPE: javaSignalHandler in libjvm.so, mask=11100100010111111101111111111110, flags=SA_RESTART|SA_SIGINFO, blocked
   SIGXFSZ: javaSignalHandler in libjvm.so, mask=11100100010111111101111111111110, flags=SA_RESTART|SA_SIGINFO, blocked
    SIGILL: crash_handler in libjvm.so, mask=11100100010111111101111111111110, flags=SA_RESTART|SA_SIGINFO, unblocked
   SIGUSR2: SR_handler in libjvm.so, mask=00000000000000000000000000000000, flags=SA_RESTART|SA_SIGINFO, blocked
    SIGHUP: UserHandler in libjvm.so, mask=11100100010111111101111111111110, flags=SA_RESTART|SA_SIGINFO, blocked
    SIGINT: UserHandler in libjvm.so, mask=11100100010111111101111111111110, flags=SA_RESTART|SA_SIGINFO, blocked
   SIGTERM: UserHandler in libjvm.so, mask=11100100010111111101111111111110, flags=SA_RESTART|SA_SIGINFO, blocked
   SIGQUIT: UserHandler in libjvm.so, mask=11100100010111111101111111111110, flags=SA_RESTART|SA_SIGINFO, blocked
   SIGTRAP: crash_handler in libjvm.so, mask=11100100010111111101111111111110, flags=SA_RESTART|SA_SIGINFO, unblocked


Periodic native trim disabled

---------------  S Y S T E M  ---------------

OS:
DISTRIB_ID=LinuxMint
DISTRIB_RELEASE=22.3
DISTRIB_CODENAME=zena
DISTRIB_DESCRIPTION="Linux Mint 22.3 Zena"
uname: Linux 7.0.0-29-generic #29~24.04.2-Ubuntu SMP PREEMPT_DYNAMIC Wed Aug 12 17:25:56 UTC 2 x86_64
OS uptime: 0 days 2:25 hours
libc: glibc 2.39 NPTL 2.39 
rlimit (soft/hard): STACK 8192k/infinity , CORE 0k/infinity , NPROC 25918/25918 , NOFILE 1048576/1048576 , AS infinity/infinity , CPU infinity/infinity , DATA infinity/infinity , FSIZE infinity/infinity , MEMLOCK 1000964k/1000964k
load average: 12,10 11,32 8,52

/proc/meminfo:
MemTotal:        8007720 kB
MemFree:         3217440 kB
MemAvailable:    5684144 kB
Buffers:           44032 kB
Cached:          2741244 kB
SwapCached:          240 kB
Active:          1611848 kB
Inactive:        2631812 kB
Active(anon):    1110372 kB
Inactive(anon):   519788 kB
Active(file):     501476 kB
Inactive(file):  2112024 kB
Unevictable:       62572 kB
Mlocked:             208 kB
SwapTotal:       2097148 kB
SwapFree:        2096892 kB
Zswap:                 0 kB
Zswapped:              0 kB
Dirty:              3392 kB
Writeback:             0 kB
AnonPages:       1520944 kB
Mapped:           436284 kB
Shmem:            171584 kB
KReclaimable:     148024 kB
Slab:             277460 kB
SReclaimable:     148024 kB
SUnreclaim:       129436 kB
KernelStack:       10016 kB
PageTables:        21712 kB
SecPageTables:         0 kB
NFS_Unstable:          0 kB
Bounce:                0 kB
WritebackTmp:          0 kB
CommitLimit:     6101008 kB
Committed_AS:    5628164 kB
VmallocTotal:   34359738367 kB
VmallocUsed:       42812 kB
VmallocChunk:          0 kB
Percpu:             2848 kB
HardwareCorrupted:     0 kB
AnonHugePages:         0 kB
ShmemHugePages:        0 kB
ShmemPmdMapped:        0 kB
FileHugePages:    122880 kB
FilePmdMapped:     26624 kB
CmaTotal:              0 kB
CmaFree:          536256 kB
Unaccepted:            0 kB
Balloon:               0 kB
HugePages_Total:       0
HugePages_Free:        0
HugePages_Rsvd:        0
HugePages_Surp:        0
Hugepagesize:       2048 kB
Hugetlb:               0 kB
DirectMap4k:      162996 kB
DirectMap2M:     8105984 kB

/sys/kernel/mm/transparent_hugepage/enabled: always [madvise] never
/sys/kernel/mm/transparent_hugepage/hpage_pmd_size: 2097152
/sys/kernel/mm/transparent_hugepage/defrag (defrag/compaction efforts parameter): always defer defer+madvise [madvise] never

Process Memory:
Virtual Size: 5950380K (peak: 5950456K)
Resident Set Size: 744264K (peak: 744264K) (anon: 579664K, file: 164600K, shmem: 0K)
Swapped out: 0K
C-Heap outstanding allocations: 61308K, retained: 52611K
glibc malloc tunables: (default)

/proc/sys/kernel/threads-max (system-wide limit on the number of threads): 51836
/proc/sys/vm/max_map_count (maximum number of memory map areas a process may have): 1048576
/proc/sys/vm/swappiness (control to define how aggressively the kernel swaps out anonymous memory): 10
/proc/sys/kernel/pid_max (system-wide limit on number of process identifiers): 4194304

container information not found.
Steal ticks since vm start: 0
Steal ticks percentage since vm start:  0,000

CPU: total 4 (initial active 4) (2 cores per cpu, 2 threads per core) family 6 model 58 stepping 9 microcode 0x21, cx8, cmov, fxsr, ht, mmx, sse, sse2, sse3, ssse3, sse4.1, sse4.2, popcnt, tsc, tscinvbit, avx, aes, erms, clmul, vzeroupper, clflush, rdtscp, f16c
CPU Model and flags from /proc/cpuinfo:
model name	: Intel(R) Core(TM) i5-3230M CPU @ 2.60GHz
flags		: fpu vme de pse tsc msr pae mce cx8 apic sep mtrr pge mca cmov pat pse36 clflush dts acpi mmx fxsr sse sse2 ss ht tm pbe syscall nx rdtscp lm constant_tsc arch_perfmon pebs bts rep_good nopl xtopology nonstop_tsc cpuid aperfmperf pni pclmulqdq dtes64 monitor ds_cpl est tm2 ssse3 cx16 xtpr pdcm pcid sse4_1 sse4_2 x2apic popcnt tsc_deadline_timer aes xsave avx f16c rdrand lahf_lm cpuid_fault epb pti ssbd ibrs ibpb stibp fsgsbase smep erms xsaveopt dtherm ida arat pln pts md_clear flush_l1d

Online cpus: 0-3
Offline cpus: 
BIOS frequency limitation: <Not Available>
Frequency switch latency (ns): 20000
Available cpu frequencies: <Not Available>
Current governor: schedutil
Core performance/turbo boost: <Not Available>

Memory: 4k page, physical 8007720k(5684144k free), swap 2097148k(2096892k free)
Page Sizes: 4k

vm_info: OpenJDK 64-Bit Server VM (21.0.11+10-1-24.04.2-Ubuntu) for linux-amd64 JRE (21.0.11+10-1-24.04.2-Ubuntu), built on 2026-04-26T09:33:23Z by "buildd" with gcc 13.3.0

END.
