#
# A fatal error has been detected by the Java Runtime Environment:
#
#  SIGSEGV (0xb) at pc=0x00007da09264f728, pid=27322, tid=27336
#
# JRE version: OpenJDK Runtime Environment (21.0.11+10) (build 21.0.11+10-1-24.04.2-Ubuntu)
# Java VM: OpenJDK 64-Bit Server VM (21.0.11+10-1-24.04.2-Ubuntu, mixed mode, sharing, tiered, compressed oops, compressed class ptrs, g1 gc, linux-amd64)
# Problematic frame:
# V  [libjvm.so+0xc4f728]  Matcher::xform(Node*, int)+0x1d8
#
# Core dump will be written. Default location: Core dumps may be processed with "/usr/lib/systemd/systemd-coredump %P %u %g %s %t 9223372036854775808 %h %d" (or dumping to /home/dan/Documentos/Estudos-Java/maratona-java/core.27322)
#
# If you would like to submit a bug report, please visit:
#   https://bugs.launchpad.net/ubuntu/+source/openjdk-21
#

---------------  S U M M A R Y ------------

Command Line: --add-modules=ALL-SYSTEM --add-opens=java.base/java.util=ALL-UNNAMED --add-opens=java.base/java.lang=ALL-UNNAMED --add-opens=java.base/sun.nio.fs=ALL-UNNAMED -Declipse.application=org.eclipse.jdt.ls.core.id1 -Dosgi.bundles.defaultStartLevel=4 -Declipse.product=org.eclipse.jdt.ls.core.product -Djava.import.generatesMetadataFilesAtProjectRoot=false -DDetectVMInstallationsJob.disabled=true -Dfile.encoding=utf8 -Xlog:disable -Xmx1G -javaagent:/home/dan/.vscode/extensions/redhat.java-1.55.0-linux-x64/lombok/lombok-1.18.39-4050.jar -XX:+HeapDumpOnOutOfMemoryError -XX:HeapDumpPath=/home/dan/.config/Code/User/workspaceStorage/3e564cfedea14a04fad4b011b1314378/redhat.java -Daether.dependencyCollector.impl=bf /home/dan/.vscode/extensions/redhat.java-1.55.0-linux-x64/server/plugins/org.eclipse.equinox.launcher_1.7.200.v20260619-2039.jar -configuration /home/dan/.config/Code/User/globalStorage/redhat.java/1.55.0/config_linux -data /home/dan/.config/Code/User/workspaceStorage/3e564cfedea14a04fad4b011b1314378/redhat.java/jdt_ws --pipe=/run/user/1000/lsp-7f96531c896a3dba0794ad70b1d7f17b.sock

Host: Intel(R) Core(TM) i5-3230M CPU @ 2.60GHz, 4 cores, 7G, Linux Mint 22.3 Zena
Time: Tue Aug 25 14:35:34 2026 -03 elapsed time: 344.673790 seconds (0d 0h 5m 44s)

---------------  T H R E A D  ---------------

Current thread (0x00007da08c117490):  JavaThread "C2 CompilerThread0" daemon [_thread_in_native, id=27336, stack(0x00007da070b00000,0x00007da070c00000) (1024K)]


Current CompileTask:
C2:344673 14153   !   4       org.eclipse.core.internal.resources.Resource::filterChildren (234 bytes)

Stack: [0x00007da070b00000,0x00007da070c00000],  sp=0x00007da070bfc460,  free space=1009k
Native frames: (J=compiled Java code, j=interpreted, Vv=VM code, C=native code)
V  [libjvm.so+0xc4f728]  Matcher::xform(Node*, int)+0x1d8
V  [libjvm.so+0xc52de3]  Matcher::match()+0x883
V  [libjvm.so+0x6675bd]  Compile::Code_Gen()+0xbd
V  [libjvm.so+0x66b256]  Compile::Compile(ciEnv*, ciMethod*, int, Options, DirectiveSet*)+0x1426
V  [libjvm.so+0x58e15d]  C2Compiler::compile_method(ciEnv*, ciMethod*, int, bool, DirectiveSet*)+0x19d
V  [libjvm.so+0x670ff3]  CompileBroker::invoke_compiler_on_method(CompileTask*)+0xc73
V  [libjvm.so+0x674218]  CompileBroker::compiler_thread_loop()+0x6d8
V  [libjvm.so+0x92c516]  JavaThread::thread_main_inner()+0x1e6
V  [libjvm.so+0xf90cb7]  Thread::call_run()+0xa7
V  [libjvm.so+0xd06fd5]  thread_native_entry(Thread*)+0xd5
C  [libc.so.6+0x9cb84]

siginfo: si_signo: 11 (SIGSEGV), si_code: 1 (SEGV_MAPERR), si_addr: 0x00000000000000df

Registers:
RAX=0x000000000000001c, RBX=0x00007d9ff10e1330, RCX=0x00007da092ece580, RDX=0xffffffffffffffff
RSP=0x00007da070bfc460, RBP=0x00007da070bfc4c0, RSI=0x00000000000000df, RDI=0x00007da070bfde10
R8 =0x0000000000000001, R9 =0x00000000000002b7, R10=0x00000000000002b7, R11=0x00000000000002b7
R12=0x00007d9ff10dc6a0, R13=0x00007da070bfcb10, R14=0x00007d9ff10dc6a0, R15=0x0000000000000000
RIP=0x00007da09264f728, EFLAGS=0x0000000000010202, CSGSFS=0x002b000000000033, ERR=0x0000000000000004
  TRAPNO=0x000000000000000e

XMM[0]=0x00007d9f00000004 0x0000000900000005
XMM[1]=0x00007d9ff0420e28 0x00007d9ff041f5a0
XMM[2]=0x00007d9ff10e0e60 0x00007d9ff10e1880
XMM[3]=0x00007d9ff10e1880 0x00007d9ff10e2090
XMM[4]=0x00007d9ff10e0e60 0x00007d9ff10e0e60
XMM[5]=0x00007d9ff11d1288 0x00007d9ff10e1880
XMM[6]=0x00007d9ff10e1880 0x00007d9ff10e2de8
XMM[7]=0x00007d9ff10e2de8 0x00007d9ff10e2de8
XMM[8]=0x00007d9ff17299c0 0x00007d9ff1729050
XMM[9]=0x00007d9ff0688f80 0x00007d9ff0688f20
XMM[10]=0x00007d9ff0688920 0x00007d9ff06889e0
XMM[11]=0x00007d9ff0688980 0x00007d9ff0688a40
XMM[12]=0x00007d9ff06888c0 0x00007d9ff0688860
XMM[13]=0x0000000000000000 0x0000000000000000
XMM[14]=0x0000000000000000 0x0000000000000000
XMM[15]=0xcafebabecafebabe 0xcafebabecafebabe
  MXCSR=0x00001fb2


Register to memory mapping:

RAX=0x000000000000001c is an unknown value
RBX=0x00007d9ff10e1330 points into unknown readable memory: 0x00007d9ff10e13d0 | d0 13 0e f1 9f 7d 00 00
RCX=0x00007da092ece580: <offset 0x00000000014ce580> in /usr/lib/jvm/java-21-openjdk-amd64/lib/server/libjvm.so at 0x00007da091a00000
RDX=0xffffffffffffffff is an unknown value
RSP=0x00007da070bfc460 is pointing into the stack for thread: 0x00007da08c117490
RBP=0x00007da070bfc4c0 is pointing into the stack for thread: 0x00007da08c117490
RSI=0x00000000000000df is an unknown value
RDI=0x00007da070bfde10 is pointing into the stack for thread: 0x00007da08c117490
R8 =0x0000000000000001 is an unknown value
R9 =0x00000000000002b7 is an unknown value
R10=0x00000000000002b7 is an unknown value
R11=0x00000000000002b7 is an unknown value
R12=0x00007d9ff10dc6a0 points into unknown readable memory: 0x00007da092ea4a48 | 48 4a ea 92 a0 7d 00 00
R13=0x00007da070bfcb10 is pointing into the stack for thread: 0x00007da08c117490
R14=0x00007d9ff10dc6a0 points into unknown readable memory: 0x00007da092ea4a48 | 48 4a ea 92 a0 7d 00 00
R15=0x0 is null

Top of Stack: (sp=0x00007da070bfc460)
0x00007da070bfc460:   00007da070bfc470 00007da070bfc470   p..p.}..p..p.}..
0x00007da070bfc470:   00007d9ff1145ca0 00007d9ff11a9840   .\...}..@....}..
0x00007da070bfc480:   00007d9ff1144780 00007da08c1158e0   .G...}...X...}..
0x00007da070bfc490:   00007da070bfc4c0 00007da070bfcb10   ...p.}.....p.}..
0x00007da070bfc4a0:   0000000000003dc3 0000000000000014   .=..............
0x00007da070bfc4b0:   00007da092f563d3 00007da070bfdb90   .c...}.....p.}..
0x00007da070bfc4c0:   00007da070bfc5b0 00007da092652de3   ...p.}...-e..}..
0x00007da070bfc4d0:   00007da070bfc4e0 00007da0929911db   ...p.}.......}..
0x00007da070bfc4e0:   00007da070bfc500 00007da091e3b943   ...p.}..C....}..
0x00007da070bfc4f0:   00007d9ff10d0fc0 00007da070bfde40   .....}..@..p.}..
0x00007da070bfc500:   0000000000100000 0000000000000000   ................
0x00007da070bfc510:   0000000000000000 0000000000000000   ................
0x00007da070bfc520:   0000000000000000 0000000000000000   ................
0x00007da070bfc530:   0000000000000000 0000000000000000   ................
0x00007da070bfc540:   0000000000000000 0000000000000000   ................
0x00007da070bfc550:   0000000000000000 0000000000000000   ................
0x00007da070bfc560:   00007da092bbb460 00007da092bb9a20   `....}.. ....}..
0x00007da070bfc570:   00007da092bbd760 00007da092bbcea0   `....}.......}..
0x00007da070bfc580:   00007da092ec91c0 00007da070bfcb10   .....}.....p.}..
0x00007da070bfc590:   00007da070bfc840 00007da092f0e271   @..p.}..q....}..
0x00007da070bfc5a0:   00007da070bfdb90 00007da092b252e6   ...p.}...R...}..
0x00007da070bfc5b0:   00007da070bfcf30 00007da0920675bd   0..p.}...u...}..
0x00007da070bfc5c0:   0000000000000000 0000000000000000   ................
0x00007da070bfc5d0:   0000000000000000 0000000000000000   ................
0x00007da070bfc5e0:   0000000000000000 0000000000000000   ................
0x00007da070bfc5f0:   0000000000000000 0000000000000000   ................
0x00007da070bfc600:   0000000000000000 0000000000000000   ................
0x00007da070bfc610:   0000000000000000 0000000000000000   ................
0x00007da070bfc620:   0000000000000000 0000000000000000   ................
0x00007da070bfc630:   0000000000000000 0000000000000000   ................
0x00007da070bfc640:   0000000000000000 0000000000000000   ................
0x00007da070bfc650:   0000000000000000 0000000000000000   ................

Instructions: (pc=0x00007da09264f728)
0x00007da09264f628:   83 68 01 00 00 48 83 78 58 00 74 61 45 31 e4 48
0x00007da09264f638:   83 c4 38 4c 89 e0 5b 41 5c 41 5d 41 5e 41 5f 5d
0x00007da09264f648:   c3 0f 1f 80 00 00 00 00 31 d2 e8 99 c9 7e ff e9
0x00007da09264f658:   65 ff ff ff 0f 1f 40 00 48 8b bb 68 01 00 00 4c
0x00007da09264f668:   8d 25 52 ef 53 00 31 d2 4c 89 e6 e8 08 33 97 ff
0x00007da09264f678:   48 89 df 4c 89 e6 e8 9d 44 a1 ff 49 8b 5d 10 48
0x00007da09264f688:   8b 83 68 01 00 00 48 83 78 58 00 75 9f 48 83 bb
0x00007da09264f698:   80 01 00 00 00 75 95 48 8b 55 b0 8b 5a 08 4c 8b
0x00007da09264f6a8:   22 83 fb 01 0f 84 e6 00 00 00 83 fb 02 0f 85 f7
0x00007da09264f6b8:   06 00 00 48 8d 42 f0 48 89 45 b0 48 8b 5a f0 48
0x00007da09264f6c8:   85 db 74 1f 8b 42 f8 85 c0 79 4d 83 f8 ff 0f 85
0x00007da09264f6d8:   b8 06 00 00 4c 89 e6 48 89 df e8 39 fc 07 00 48
0x00007da09264f6e8:   8b 45 b0 48 83 e8 10 48 89 45 b0 48 3b 45 c0 0f
0x00007da09264f6f8:   83 0b ff ff ff e9 35 ff ff ff 66 0f 1f 44 00 00
0x00007da09264f708:   48 8d 7d b0 e8 ff 21 08 00 48 8b 45 b0 e9 c3 fe
0x00007da09264f718:   ff ff 66 0f 1f 44 00 00 48 8b 53 08 48 8d 34 c2
0x00007da09264f728:   48 8b 0e 48 85 c9 74 2e 48 8b 79 10 48 85 ff 74
0x00007da09264f738:   25 8b 41 20 48 89 c2 48 8d 04 c7 0f 1f 44 00 00
0x00007da09264f748:   48 83 e8 08 48 3b 18 75 f7 83 ea 01 89 51 20 48
0x00007da09264f758:   8b 14 d7 48 89 10 4c 89 26 4d 85 e4 74 26 49 8b
0x00007da09264f768:   44 24 10 48 85 c0 74 1c 41 8b 74 24 20 41 3b 74
0x00007da09264f778:   24 24 0f 84 b2 05 00 00 8d 56 01 41 89 54 24 20
0x00007da09264f788:   48 89 1c f0 48 8b 45 b0 e9 56 ff ff ff 0f 1f 00
0x00007da09264f798:   c7 42 08 02 00 00 00 49 8b 45 10 4c 89 e6 48 8d
0x00007da09264f7a8:   b8 80 02 00 00 e8 7e cb 7e ff 84 c0 0f 85 a5 03
0x00007da09264f7b8:   00 00 41 8b 54 24 28 49 8b 45 58 4c 8b 34 d0 48
0x00007da09264f7c8:   89 d1 4d 85 f6 0f 84 a4 03 00 00 48 8b 45 b0 4c
0x00007da09264f7d8:   89 30 45 8b 7e 28 44 89 fb c1 eb 05 41 3b 5d 68
0x00007da09264f7e8:   0f 83 79 03 00 00 49 8b 55 70 44 89 f9 b8 01 00
0x00007da09264f7f8:   00 00 d3 e0 48 8d 0c 9a 89 c6 8b 11 09 d6 89 31
0x00007da09264f808:   85 d0 74 0c 48 8b 45 b0 4d 89 f4 e9 db fe ff ff
0x00007da09264f818:   45 8b 7c 24 18 48 8d 45 b0 48 89 45 a0 4c 89 fb


Stack slot to memory mapping:

stack at sp + 0 slots: 0x00007da070bfc470 is pointing into the stack for thread: 0x00007da08c117490
stack at sp + 1 slots: 0x00007da070bfc470 is pointing into the stack for thread: 0x00007da08c117490
stack at sp + 2 slots: 0x00007d9ff1145ca0 points into unknown readable memory: 0x00007d9ff10e1330 | 30 13 0e f1 9f 7d 00 00
stack at sp + 3 slots: 0x00007d9ff11a9840 points into unknown readable memory: 0xffffffffffffffff | ff ff ff ff ff ff ff ff
stack at sp + 4 slots: 0x00007d9ff1144780 points into unknown readable memory: 0x0000000000000000 | 00 00 00 00 00 00 00 00
stack at sp + 5 slots: 0x00007da08c1158e0 points into unknown readable memory: 0x00000007da08c107 | 07 c1 08 da 07 00 00 00
stack at sp + 6 slots: 0x00007da070bfc4c0 is pointing into the stack for thread: 0x00007da08c117490
stack at sp + 7 slots: 0x00007da070bfcb10 is pointing into the stack for thread: 0x00007da08c117490


---------------  P R O C E S S  ---------------

Threads class SMR info:
_java_thread_list=0x00007d9fe815b560, length=36, elements={
0x00007da08c018e90, 0x00007da08c110010, 0x00007da08c111590, 0x00007da08c112d40,
0x00007da08c114390, 0x00007da08c115940, 0x00007da08c117490, 0x00007da08c118b60,
0x00007da08c1afbc0, 0x00007da08c270e90, 0x00007da08c422ac0, 0x00007da08c47ebf0,
0x00007d9fd0029fb0, 0x00007da08c482b40, 0x00007d9fc83bcde0, 0x00007d9fc83a89c0,
0x00007d9fc8263ad0, 0x00007d9fc8637460, 0x00007d9fbc016580, 0x00007da08c12e910,
0x00007da08c54ab20, 0x00007da08c54be50, 0x00007d9fb03361c0, 0x00007d9fc8705650,
0x00007d9fd4001920, 0x00007d9fcc0ecae0, 0x00007d9fcc0edb40, 0x00007d9fe80dc5c0,
0x00007da004000fe0, 0x00007d9fe81cbdd0, 0x00007da00c1285e0, 0x00007da00c12dd70,
0x00007d9fb40fcfa0, 0x00007d9fb8058650, 0x00007d9fb8274780, 0x00007d9fe81ee370
}

Java Threads: ( => current thread )
  0x00007da08c018e90 JavaThread "main"                              [_thread_blocked, id=27323, stack(0x00007da091900000,0x00007da091a00000) (1024K)]
  0x00007da08c110010 JavaThread "Reference Handler"          daemon [_thread_blocked, id=27331, stack(0x00007da08bf00000,0x00007da08c000000) (1024K)]
  0x00007da08c111590 JavaThread "Finalizer"                  daemon [_thread_blocked, id=27332, stack(0x00007da070f00000,0x00007da071000000) (1024K)]
  0x00007da08c112d40 JavaThread "Signal Dispatcher"          daemon [_thread_blocked, id=27333, stack(0x00007da070e00000,0x00007da070f00000) (1024K)]
  0x00007da08c114390 JavaThread "Service Thread"             daemon [_thread_blocked, id=27334, stack(0x00007da070d00000,0x00007da070e00000) (1024K)]
  0x00007da08c115940 JavaThread "Monitor Deflation Thread"   daemon [_thread_blocked, id=27335, stack(0x00007da070c00000,0x00007da070d00000) (1024K)]
=>0x00007da08c117490 JavaThread "C2 CompilerThread0"         daemon [_thread_in_native, id=27336, stack(0x00007da070b00000,0x00007da070c00000) (1024K)]
  0x00007da08c118b60 JavaThread "C1 CompilerThread0"         daemon [_thread_blocked, id=27337, stack(0x00007da070a00000,0x00007da070b00000) (1024K)]
  0x00007da08c1afbc0 JavaThread "Common-Cleaner"             daemon [_thread_blocked, id=27338, stack(0x00007da070900000,0x00007da070a00000) (1024K)]
  0x00007da08c270e90 JavaThread "Notification Thread"        daemon [_thread_blocked, id=27340, stack(0x00007da070700000,0x00007da070800000) (1024K)]
  0x00007da08c422ac0 JavaThread "Active Thread: Equinox Container: b2640d22-fb49-4e09-aced-871fbb097b14"        [_thread_blocked, id=27363, stack(0x00007da070800000,0x00007da070900000) (1024K)]
  0x00007da08c47ebf0 JavaThread "Refresh Thread: Equinox Container: b2640d22-fb49-4e09-aced-871fbb097b14" daemon [_thread_blocked, id=27374, stack(0x00007da0702fd000,0x00007da0703fd000) (1024K)]
  0x00007d9fd0029fb0 JavaThread "Framework Event Dispatcher: Equinox Container: b2640d22-fb49-4e09-aced-871fbb097b14" daemon [_thread_blocked, id=27384, stack(0x00007da0701fd000,0x00007da0702fd000) (1024K)]
  0x00007da08c482b40 JavaThread "Start Level: Equinox Container: b2640d22-fb49-4e09-aced-871fbb097b14" daemon [_thread_blocked, id=27385, stack(0x00007da0700fd000,0x00007da0701fd000) (1024K)]
  0x00007d9fc83bcde0 JavaThread "Bundle File Closer"         daemon [_thread_blocked, id=27439, stack(0x00007da01af00000,0x00007da01b000000) (1024K)]
  0x00007d9fc83a89c0 JavaThread "SCR Component Actor"        daemon [_thread_blocked, id=27500, stack(0x00007da01ae00000,0x00007da01af00000) (1024K)]
  0x00007d9fc8263ad0 JavaThread "Worker-JM"                         [_thread_blocked, id=27510, stack(0x00007da01ad00000,0x00007da01ae00000) (1024K)]
  0x00007d9fc8637460 JavaThread "Java indexing"              daemon [_thread_blocked, id=27558, stack(0x00007da01a800000,0x00007da01a900000) (1024K)]
  0x00007d9fbc016580 JavaThread "Worker-5"                          [_thread_blocked, id=27585, stack(0x00007da01a500000,0x00007da01a600000) (1024K)]
  0x00007da08c12e910 JavaThread "pool-2-thread-1"                   [_thread_blocked, id=27586, stack(0x00007da01a400000,0x00007da01a500000) (1024K)]
  0x00007da08c54ab20 JavaThread "WorkspaceEventsHandler"            [_thread_blocked, id=27592, stack(0x00007da01a300000,0x00007da01a400000) (1024K)]
  0x00007da08c54be50 JavaThread "pool-1-thread-1"                   [_thread_in_native, id=27593, stack(0x00007da01a200000,0x00007da01a300000) (1024K)]
  0x00007d9fb03361c0 JavaThread "PatternSearchJob-worker-1"  daemon [_thread_blocked, id=27597, stack(0x00007da01a100000,0x00007da01a200000) (1024K)]
  0x00007d9fc8705650 JavaThread "PatternSearchJob-worker-2"  daemon [_thread_blocked, id=27598, stack(0x00007da01a000000,0x00007da01a100000) (1024K)]
  0x00007d9fd4001920 JavaThread "PatternSearchJob-worker-3"  daemon [_thread_blocked, id=27599, stack(0x00007da019f00000,0x00007da01a000000) (1024K)]
  0x00007d9fcc0ecae0 JavaThread "ForkJoinPool.commonPool-worker-2" daemon [_thread_blocked, id=27620, stack(0x00007da019c00000,0x00007da019d00000) (1024K)]
  0x00007d9fcc0edb40 JavaThread "ForkJoinPool.commonPool-worker-3" daemon [_thread_blocked, id=27621, stack(0x00007da019b00000,0x00007da019c00000) (1024K)]
  0x00007d9fe80dc5c0 JavaThread "Cleaner-0"                  daemon [_thread_blocked, id=27662, stack(0x00007da019a00000,0x00007da019b00000) (1024K)]
  0x00007da004000fe0 JavaThread "Attach Listener"            daemon [_thread_blocked, id=27686, stack(0x00007da019900000,0x00007da019a00000) (1024K)]
  0x00007d9fe81cbdd0 JavaThread "Java Debug Server"          daemon [_thread_in_native, id=27695, stack(0x00007da01a700000,0x00007da01a800000) (1024K)]
  0x00007da00c1285e0 JavaThread "RxSchedulerPurge-1"         daemon [_thread_blocked, id=27697, stack(0x00007da019700000,0x00007da019800000) (1024K)]
  0x00007da00c12dd70 JavaThread "RxCachedWorkerPoolEvictor-1" daemon [_thread_blocked, id=27698, stack(0x00007da019600000,0x00007da019700000) (1024K)]
  0x00007d9fb40fcfa0 JavaThread "Compiler Source File Reader" daemon [_thread_blocked, id=27856, stack(0x00007da019500000,0x00007da019600000) (1024K)]
  0x00007d9fb8058650 JavaThread "Compiler Source File Reader" daemon [_thread_blocked, id=27970, stack(0x00007da019d00000,0x00007da019e00000) (1024K)]
  0x00007d9fb8274780 JavaThread "Worker-6"                          [_thread_blocked, id=28565, stack(0x00007da01a900000,0x00007da01aa00000) (1024K)]
  0x00007d9fe81ee370 JavaThread "ForkJoinPool.commonPool-worker-4" daemon [_thread_blocked, id=29405, stack(0x00007da019e00000,0x00007da019f00000) (1024K)]
Total: 36

Other Threads:
  0x00007da08c105c30 VMThread "VM Thread"                           [id=27330, stack(0x00007da0900f6000,0x00007da0901f6000) (1024K)]
  0x00007da08c0f36f0 WatcherThread "VM Periodic Task Thread"        [id=27329, stack(0x00007da0901f7000,0x00007da0902f7000) (1024K)]
  0x00007da08c054880 WorkerThread "GC Thread#0"                     [id=27324, stack(0x00007da090b00000,0x00007da090c00000) (1024K)]
  0x00007da0080069b0 WorkerThread "GC Thread#1"                     [id=27348, stack(0x00007da070600000,0x00007da070700000) (1024K)]
  0x00007da0080074e0 WorkerThread "GC Thread#2"                     [id=27349, stack(0x00007da0704ff000,0x00007da0705ff000) (1024K)]
  0x00007da00800b4b0 WorkerThread "GC Thread#3"                     [id=27352, stack(0x00007da0703fe000,0x00007da0704fe000) (1024K)]
  0x00007da08c05de60 ConcurrentGCThread "G1 Main Marker"            [id=27325, stack(0x00007da0909ff000,0x00007da090aff000) (1024K)]
  0x00007da08c05eda0 WorkerThread "G1 Conc#0"                       [id=27326, stack(0x00007da0908fe000,0x00007da0909fe000) (1024K)]
  0x00007da08c0e0dd0 ConcurrentGCThread "G1 Refine#0"               [id=27327, stack(0x00007da0903f9000,0x00007da0904f9000) (1024K)]
  0x00007da08c0e1d30 ConcurrentGCThread "G1 Service"                [id=27328, stack(0x00007da0902f8000,0x00007da0903f8000) (1024K)]
Total: 10

Threads with active compile tasks:
C2 CompilerThread0  344746 14153   !   4       org.eclipse.core.internal.resources.Resource::filterChildren (234 bytes)
Total: 1

VM state: not at safepoint (normal execution)

VM Mutex/Monitor currently owned by a thread: None

Heap address: 0x00000000c0000000, size: 1024 MB, Compressed Oops mode: 32-bit

CDS archive(s) mapped at: [0x00007da01b000000-0x00007da01bc9c000-0x00007da01bc9c000), size 13221888, SharedBaseAddress: 0x00007da01b000000, ArchiveRelocationMode: 1.
Compressed class space mapped at: 0x00007da01c000000-0x00007da05c000000, reserved size: 1073741824
Narrow klass base: 0x00007da01b000000, Narrow klass shift: 0, Narrow klass range: 0x100000000

GC Precious Log:
 CardTable entry size: 512
 Card Set container configuration: InlinePtr #cards 5 size 8 Array Of Cards #cards 12 size 40 Howl #buckets 4 coarsen threshold 1843 Howl Bitmap #cards 512 size 80 coarsen threshold 460 Card regions per heap region 1 cards per card region 2048
 CPUs: 4 total, 4 available
 Memory: 7820M
 Large Page Support: Disabled
 NUMA Support: Disabled
 Compressed Oops: Enabled (32-bit)
 Heap Region Size: 1M
 Heap Min Capacity: 8M
 Heap Initial Capacity: 124M
 Heap Max Capacity: 1G
 Pre-touch: Disabled
 Parallel Workers: 4
 Concurrent Workers: 1
 Concurrent Refinement Workers: 4
 Periodic GC: Disabled

Heap:
 garbage-first heap   total 148480K, used 103677K [0x00000000c0000000, 0x0000000100000000)
  region size 1024K, 51 young (52224K), 2 survivors (2048K)
 Metaspace       used 85879K, committed 87616K, reserved 1179648K
  class space    used 9149K, committed 9920K, reserved 1048576K

Heap Regions: E=young(eden), S=young(survivor), O=old, HS=humongous(starts), HC=humongous(continues), CS=collection set, F=free, TAMS=top-at-mark-start, PB=parsable bottom
|   0|0x00000000c0000000, 0x00000000c0100000, 0x00000000c0100000|100%| O|  |TAMS 0x00000000c0000000| PB 0x00000000c0000000| Untracked 
|   1|0x00000000c0100000, 0x00000000c0200000, 0x00000000c0200000|100%| O|  |TAMS 0x00000000c0100000| PB 0x00000000c0100000| Untracked 
|   2|0x00000000c0200000, 0x00000000c0300000, 0x00000000c0300000|100%| O|  |TAMS 0x00000000c0200000| PB 0x00000000c0200000| Untracked 
|   3|0x00000000c0300000, 0x00000000c0400000, 0x00000000c0400000|100%| O|  |TAMS 0x00000000c0300000| PB 0x00000000c0300000| Untracked 
|   4|0x00000000c0400000, 0x00000000c0500000, 0x00000000c0500000|100%| O|  |TAMS 0x00000000c0400000| PB 0x00000000c0400000| Untracked 
|   5|0x00000000c0500000, 0x00000000c0600000, 0x00000000c0600000|100%| O|  |TAMS 0x00000000c0500000| PB 0x00000000c0500000| Untracked 
|   6|0x00000000c0600000, 0x00000000c0700000, 0x00000000c0700000|100%| O|  |TAMS 0x00000000c0600000| PB 0x00000000c0600000| Untracked 
|   7|0x00000000c0700000, 0x00000000c0800000, 0x00000000c0800000|100%| O|  |TAMS 0x00000000c0700000| PB 0x00000000c0700000| Untracked 
|   8|0x00000000c0800000, 0x00000000c0900000, 0x00000000c0900000|100%| O|  |TAMS 0x00000000c0800000| PB 0x00000000c0800000| Untracked 
|   9|0x00000000c0900000, 0x00000000c0a00000, 0x00000000c0a00000|100%| O|  |TAMS 0x00000000c0900000| PB 0x00000000c0900000| Untracked 
|  10|0x00000000c0a00000, 0x00000000c0b00000, 0x00000000c0b00000|100%| O|  |TAMS 0x00000000c0a00000| PB 0x00000000c0a00000| Untracked 
|  11|0x00000000c0b00000, 0x00000000c0c00000, 0x00000000c0c00000|100%| O|  |TAMS 0x00000000c0b00000| PB 0x00000000c0b00000| Untracked 
|  12|0x00000000c0c00000, 0x00000000c0d00000, 0x00000000c0d00000|100%| O|  |TAMS 0x00000000c0c00000| PB 0x00000000c0c00000| Untracked 
|  13|0x00000000c0d00000, 0x00000000c0e00000, 0x00000000c0e00000|100%| O|  |TAMS 0x00000000c0d00000| PB 0x00000000c0d00000| Untracked 
|  14|0x00000000c0e00000, 0x00000000c0f00000, 0x00000000c0f00000|100%|HS|  |TAMS 0x00000000c0e00000| PB 0x00000000c0e00000| Complete 
|  15|0x00000000c0f00000, 0x00000000c1000000, 0x00000000c1000000|100%|HS|  |TAMS 0x00000000c0f00000| PB 0x00000000c0f00000| Complete 
|  16|0x00000000c1000000, 0x00000000c1100000, 0x00000000c1100000|100%| O|  |TAMS 0x00000000c1000000| PB 0x00000000c1000000| Untracked 
|  17|0x00000000c1100000, 0x00000000c1200000, 0x00000000c1200000|100%| O|  |TAMS 0x00000000c1100000| PB 0x00000000c1100000| Untracked 
|  18|0x00000000c1200000, 0x00000000c1300000, 0x00000000c1300000|100%| O|Cm|TAMS 0x00000000c1200000| PB 0x00000000c1200000| Complete 
|  19|0x00000000c1300000, 0x00000000c1400000, 0x00000000c1400000|100%| O|  |TAMS 0x00000000c1300000| PB 0x00000000c1300000| Untracked 
|  20|0x00000000c1400000, 0x00000000c1500000, 0x00000000c1500000|100%| O|  |TAMS 0x00000000c1400000| PB 0x00000000c1400000| Untracked 
|  21|0x00000000c1500000, 0x00000000c1600000, 0x00000000c1600000|100%| O|  |TAMS 0x00000000c1500000| PB 0x00000000c1500000| Untracked 
|  22|0x00000000c1600000, 0x00000000c1700000, 0x00000000c1700000|100%| O|  |TAMS 0x00000000c1600000| PB 0x00000000c1600000| Untracked 
|  23|0x00000000c1700000, 0x00000000c1800000, 0x00000000c1800000|100%| O|  |TAMS 0x00000000c1700000| PB 0x00000000c1700000| Untracked 
|  24|0x00000000c1800000, 0x00000000c1900000, 0x00000000c1900000|100%| O|  |TAMS 0x00000000c1800000| PB 0x00000000c1800000| Untracked 
|  25|0x00000000c1900000, 0x00000000c1a00000, 0x00000000c1a00000|100%| O|  |TAMS 0x00000000c1900000| PB 0x00000000c1900000| Untracked 
|  26|0x00000000c1a00000, 0x00000000c1b00000, 0x00000000c1b00000|100%| O|Cm|TAMS 0x00000000c1a00000| PB 0x00000000c1a00000| Complete 
|  27|0x00000000c1b00000, 0x00000000c1c00000, 0x00000000c1c00000|100%| O|  |TAMS 0x00000000c1b00000| PB 0x00000000c1b00000| Untracked 
|  28|0x00000000c1c00000, 0x00000000c1d00000, 0x00000000c1d00000|100%| O|  |TAMS 0x00000000c1c00000| PB 0x00000000c1c00000| Untracked 
|  29|0x00000000c1d00000, 0x00000000c1e00000, 0x00000000c1e00000|100%| O|  |TAMS 0x00000000c1d00000| PB 0x00000000c1d00000| Untracked 
|  30|0x00000000c1e00000, 0x00000000c1f00000, 0x00000000c1f00000|100%| O|  |TAMS 0x00000000c1e00000| PB 0x00000000c1e00000| Untracked 
|  31|0x00000000c1f00000, 0x00000000c2000000, 0x00000000c2000000|100%| O|  |TAMS 0x00000000c1f00000| PB 0x00000000c1f00000| Untracked 
|  32|0x00000000c2000000, 0x00000000c2100000, 0x00000000c2100000|100%| O|  |TAMS 0x00000000c2000000| PB 0x00000000c2000000| Untracked 
|  33|0x00000000c2100000, 0x00000000c2200000, 0x00000000c2200000|100%| O|  |TAMS 0x00000000c2100000| PB 0x00000000c2100000| Untracked 
|  34|0x00000000c2200000, 0x00000000c2300000, 0x00000000c2300000|100%| O|  |TAMS 0x00000000c2200000| PB 0x00000000c2200000| Untracked 
|  35|0x00000000c2300000, 0x00000000c2400000, 0x00000000c2400000|100%| O|  |TAMS 0x00000000c2300000| PB 0x00000000c2300000| Untracked 
|  36|0x00000000c2400000, 0x00000000c2500000, 0x00000000c2500000|100%| O|  |TAMS 0x00000000c2400000| PB 0x00000000c2400000| Untracked 
|  37|0x00000000c2500000, 0x00000000c2600000, 0x00000000c2600000|100%| O|  |TAMS 0x00000000c2500000| PB 0x00000000c2500000| Untracked 
|  38|0x00000000c2600000, 0x00000000c2700000, 0x00000000c2700000|100%| O|  |TAMS 0x00000000c2600000| PB 0x00000000c2600000| Untracked 
|  39|0x00000000c2700000, 0x00000000c2800000, 0x00000000c2800000|100%| O|  |TAMS 0x00000000c2700000| PB 0x00000000c2700000| Untracked 
|  40|0x00000000c2800000, 0x00000000c2900000, 0x00000000c2900000|100%| O|  |TAMS 0x00000000c2800000| PB 0x00000000c2800000| Untracked 
|  41|0x00000000c2900000, 0x00000000c2a00000, 0x00000000c2a00000|100%| O|  |TAMS 0x00000000c2900000| PB 0x00000000c2900000| Untracked 
|  42|0x00000000c2a00000, 0x00000000c2b00000, 0x00000000c2b00000|100%| O|  |TAMS 0x00000000c2a00000| PB 0x00000000c2a00000| Untracked 
|  43|0x00000000c2b00000, 0x00000000c2c00000, 0x00000000c2c00000|100%| O|  |TAMS 0x00000000c2b00000| PB 0x00000000c2b00000| Untracked 
|  44|0x00000000c2c00000, 0x00000000c2d00000, 0x00000000c2d00000|100%| O|  |TAMS 0x00000000c2c00000| PB 0x00000000c2c00000| Untracked 
|  45|0x00000000c2d00000, 0x00000000c2e00000, 0x00000000c2e00000|100%| O|  |TAMS 0x00000000c2d00000| PB 0x00000000c2d00000| Untracked 
|  46|0x00000000c2e00000, 0x00000000c2e00000, 0x00000000c2f00000|  0%| F|  |TAMS 0x00000000c2e00000| PB 0x00000000c2e00000| Untracked 
|  47|0x00000000c2f00000, 0x00000000c3000000, 0x00000000c3000000|100%| O|  |TAMS 0x00000000c2f00000| PB 0x00000000c2f00000| Untracked 
|  48|0x00000000c3000000, 0x00000000c3100000, 0x00000000c3100000|100%| O|  |TAMS 0x00000000c3000000| PB 0x00000000c3000000| Untracked 
|  49|0x00000000c3100000, 0x00000000c31968e0, 0x00000000c3200000| 58%| O|  |TAMS 0x00000000c3100000| PB 0x00000000c3100000| Untracked 
|  50|0x00000000c3200000, 0x00000000c3200000, 0x00000000c3300000|  0%| F|  |TAMS 0x00000000c3200000| PB 0x00000000c3200000| Untracked 
|  51|0x00000000c3300000, 0x00000000c3300000, 0x00000000c3400000|  0%| F|  |TAMS 0x00000000c3300000| PB 0x00000000c3300000| Untracked 
|  52|0x00000000c3400000, 0x00000000c3400000, 0x00000000c3500000|  0%| F|  |TAMS 0x00000000c3400000| PB 0x00000000c3400000| Untracked 
|  53|0x00000000c3500000, 0x00000000c3600000, 0x00000000c3600000|100%| O|  |TAMS 0x00000000c3500000| PB 0x00000000c3500000| Untracked 
|  54|0x00000000c3600000, 0x00000000c3700000, 0x00000000c3700000|100%| O|  |TAMS 0x00000000c3600000| PB 0x00000000c3600000| Untracked 
|  55|0x00000000c3700000, 0x00000000c3700000, 0x00000000c3800000|  0%| F|  |TAMS 0x00000000c3700000| PB 0x00000000c3700000| Untracked 
|  56|0x00000000c3800000, 0x00000000c3800000, 0x00000000c3900000|  0%| F|  |TAMS 0x00000000c3800000| PB 0x00000000c3800000| Untracked 
|  57|0x00000000c3900000, 0x00000000c3900000, 0x00000000c3a00000|  0%| F|  |TAMS 0x00000000c3900000| PB 0x00000000c3900000| Untracked 
|  58|0x00000000c3a00000, 0x00000000c3a00000, 0x00000000c3b00000|  0%| F|  |TAMS 0x00000000c3a00000| PB 0x00000000c3a00000| Untracked 
|  59|0x00000000c3b00000, 0x00000000c3ba8b40, 0x00000000c3c00000| 65%| S|CS|TAMS 0x00000000c3b00000| PB 0x00000000c3b00000| Complete 
|  60|0x00000000c3c00000, 0x00000000c3d00000, 0x00000000c3d00000|100%| S|CS|TAMS 0x00000000c3c00000| PB 0x00000000c3c00000| Complete 
|  61|0x00000000c3d00000, 0x00000000c3d00000, 0x00000000c3e00000|  0%| F|  |TAMS 0x00000000c3d00000| PB 0x00000000c3d00000| Untracked 
|  62|0x00000000c3e00000, 0x00000000c3e00000, 0x00000000c3f00000|  0%| F|  |TAMS 0x00000000c3e00000| PB 0x00000000c3e00000| Untracked 
|  63|0x00000000c3f00000, 0x00000000c3f00000, 0x00000000c4000000|  0%| F|  |TAMS 0x00000000c3f00000| PB 0x00000000c3f00000| Untracked 
|  64|0x00000000c4000000, 0x00000000c4000000, 0x00000000c4100000|  0%| F|  |TAMS 0x00000000c4000000| PB 0x00000000c4000000| Untracked 
|  65|0x00000000c4100000, 0x00000000c4100000, 0x00000000c4200000|  0%| F|  |TAMS 0x00000000c4100000| PB 0x00000000c4100000| Untracked 
|  66|0x00000000c4200000, 0x00000000c4200000, 0x00000000c4300000|  0%| F|  |TAMS 0x00000000c4200000| PB 0x00000000c4200000| Untracked 
|  67|0x00000000c4300000, 0x00000000c4300000, 0x00000000c4400000|  0%| F|  |TAMS 0x00000000c4300000| PB 0x00000000c4300000| Untracked 
|  68|0x00000000c4400000, 0x00000000c4400000, 0x00000000c4500000|  0%| F|  |TAMS 0x00000000c4400000| PB 0x00000000c4400000| Untracked 
|  69|0x00000000c4500000, 0x00000000c4500000, 0x00000000c4600000|  0%| F|  |TAMS 0x00000000c4500000| PB 0x00000000c4500000| Untracked 
|  70|0x00000000c4600000, 0x00000000c4600000, 0x00000000c4700000|  0%| F|  |TAMS 0x00000000c4600000| PB 0x00000000c4600000| Untracked 
|  71|0x00000000c4700000, 0x00000000c4700000, 0x00000000c4800000|  0%| F|  |TAMS 0x00000000c4700000| PB 0x00000000c4700000| Untracked 
|  72|0x00000000c4800000, 0x00000000c4800000, 0x00000000c4900000|  0%| F|  |TAMS 0x00000000c4800000| PB 0x00000000c4800000| Untracked 
|  73|0x00000000c4900000, 0x00000000c4900000, 0x00000000c4a00000|  0%| F|  |TAMS 0x00000000c4900000| PB 0x00000000c4900000| Untracked 
|  74|0x00000000c4a00000, 0x00000000c4a00000, 0x00000000c4b00000|  0%| F|  |TAMS 0x00000000c4a00000| PB 0x00000000c4a00000| Untracked 
|  75|0x00000000c4b00000, 0x00000000c4b00000, 0x00000000c4c00000|  0%| F|  |TAMS 0x00000000c4b00000| PB 0x00000000c4b00000| Untracked 
|  76|0x00000000c4c00000, 0x00000000c4c00000, 0x00000000c4d00000|  0%| F|  |TAMS 0x00000000c4c00000| PB 0x00000000c4c00000| Untracked 
|  77|0x00000000c4d00000, 0x00000000c4d00000, 0x00000000c4e00000|  0%| F|  |TAMS 0x00000000c4d00000| PB 0x00000000c4d00000| Untracked 
|  78|0x00000000c4e00000, 0x00000000c4e00000, 0x00000000c4f00000|  0%| F|  |TAMS 0x00000000c4e00000| PB 0x00000000c4e00000| Untracked 
|  79|0x00000000c4f00000, 0x00000000c4f00000, 0x00000000c5000000|  0%| F|  |TAMS 0x00000000c4f00000| PB 0x00000000c4f00000| Untracked 
|  80|0x00000000c5000000, 0x00000000c5000000, 0x00000000c5100000|  0%| F|  |TAMS 0x00000000c5000000| PB 0x00000000c5000000| Untracked 
|  81|0x00000000c5100000, 0x00000000c5100000, 0x00000000c5200000|  0%| F|  |TAMS 0x00000000c5100000| PB 0x00000000c5100000| Untracked 
|  82|0x00000000c5200000, 0x00000000c5200000, 0x00000000c5300000|  0%| F|  |TAMS 0x00000000c5200000| PB 0x00000000c5200000| Untracked 
|  83|0x00000000c5300000, 0x00000000c5300000, 0x00000000c5400000|  0%| F|  |TAMS 0x00000000c5300000| PB 0x00000000c5300000| Untracked 
|  84|0x00000000c5400000, 0x00000000c5400000, 0x00000000c5500000|  0%| F|  |TAMS 0x00000000c5400000| PB 0x00000000c5400000| Untracked 
|  85|0x00000000c5500000, 0x00000000c5500000, 0x00000000c5600000|  0%| F|  |TAMS 0x00000000c5500000| PB 0x00000000c5500000| Untracked 
|  86|0x00000000c5600000, 0x00000000c5600000, 0x00000000c5700000|  0%| F|  |TAMS 0x00000000c5600000| PB 0x00000000c5600000| Untracked 
|  87|0x00000000c5700000, 0x00000000c5700000, 0x00000000c5800000|  0%| F|  |TAMS 0x00000000c5700000| PB 0x00000000c5700000| Untracked 
|  88|0x00000000c5800000, 0x00000000c5800000, 0x00000000c5900000|  0%| F|  |TAMS 0x00000000c5800000| PB 0x00000000c5800000| Untracked 
|  89|0x00000000c5900000, 0x00000000c5900000, 0x00000000c5a00000|  0%| F|  |TAMS 0x00000000c5900000| PB 0x00000000c5900000| Untracked 
|  90|0x00000000c5a00000, 0x00000000c5a00000, 0x00000000c5b00000|  0%| F|  |TAMS 0x00000000c5a00000| PB 0x00000000c5a00000| Untracked 
|  91|0x00000000c5b00000, 0x00000000c5b00000, 0x00000000c5c00000|  0%| F|  |TAMS 0x00000000c5b00000| PB 0x00000000c5b00000| Untracked 
|  92|0x00000000c5c00000, 0x00000000c5c00000, 0x00000000c5d00000|  0%| F|  |TAMS 0x00000000c5c00000| PB 0x00000000c5c00000| Untracked 
|  93|0x00000000c5d00000, 0x00000000c5d00000, 0x00000000c5e00000|  0%| F|  |TAMS 0x00000000c5d00000| PB 0x00000000c5d00000| Untracked 
|  94|0x00000000c5e00000, 0x00000000c5ed55f8, 0x00000000c5f00000| 83%| E|  |TAMS 0x00000000c5e00000| PB 0x00000000c5e00000| Complete 
|  95|0x00000000c5f00000, 0x00000000c6000000, 0x00000000c6000000|100%| E|CS|TAMS 0x00000000c5f00000| PB 0x00000000c5f00000| Complete 
|  96|0x00000000c6000000, 0x00000000c6100000, 0x00000000c6100000|100%| E|CS|TAMS 0x00000000c6000000| PB 0x00000000c6000000| Complete 
|  97|0x00000000c6100000, 0x00000000c6200000, 0x00000000c6200000|100%| E|CS|TAMS 0x00000000c6100000| PB 0x00000000c6100000| Complete 
|  98|0x00000000c6200000, 0x00000000c6300000, 0x00000000c6300000|100%| E|CS|TAMS 0x00000000c6200000| PB 0x00000000c6200000| Complete 
|  99|0x00000000c6300000, 0x00000000c6400000, 0x00000000c6400000|100%| E|CS|TAMS 0x00000000c6300000| PB 0x00000000c6300000| Complete 
| 100|0x00000000c6400000, 0x00000000c6500000, 0x00000000c6500000|100%| E|CS|TAMS 0x00000000c6400000| PB 0x00000000c6400000| Complete 
| 101|0x00000000c6500000, 0x00000000c6600000, 0x00000000c6600000|100%| E|CS|TAMS 0x00000000c6500000| PB 0x00000000c6500000| Complete 
| 102|0x00000000c6600000, 0x00000000c6700000, 0x00000000c6700000|100%| E|CS|TAMS 0x00000000c6600000| PB 0x00000000c6600000| Complete 
| 103|0x00000000c6700000, 0x00000000c6800000, 0x00000000c6800000|100%| E|CS|TAMS 0x00000000c6700000| PB 0x00000000c6700000| Complete 
| 104|0x00000000c6800000, 0x00000000c6900000, 0x00000000c6900000|100%| E|CS|TAMS 0x00000000c6800000| PB 0x00000000c6800000| Complete 
| 105|0x00000000c6900000, 0x00000000c6a00000, 0x00000000c6a00000|100%| E|CS|TAMS 0x00000000c6900000| PB 0x00000000c6900000| Complete 
| 106|0x00000000c6a00000, 0x00000000c6b00000, 0x00000000c6b00000|100%| E|CS|TAMS 0x00000000c6a00000| PB 0x00000000c6a00000| Complete 
| 107|0x00000000c6b00000, 0x00000000c6c00000, 0x00000000c6c00000|100%| E|CS|TAMS 0x00000000c6b00000| PB 0x00000000c6b00000| Complete 
| 108|0x00000000c6c00000, 0x00000000c6d00000, 0x00000000c6d00000|100%| E|CS|TAMS 0x00000000c6c00000| PB 0x00000000c6c00000| Complete 
| 109|0x00000000c6d00000, 0x00000000c6e00000, 0x00000000c6e00000|100%| E|CS|TAMS 0x00000000c6d00000| PB 0x00000000c6d00000| Complete 
| 110|0x00000000c6e00000, 0x00000000c6f00000, 0x00000000c6f00000|100%| E|CS|TAMS 0x00000000c6e00000| PB 0x00000000c6e00000| Complete 
| 111|0x00000000c6f00000, 0x00000000c7000000, 0x00000000c7000000|100%| E|CS|TAMS 0x00000000c6f00000| PB 0x00000000c6f00000| Complete 
| 112|0x00000000c7000000, 0x00000000c7100000, 0x00000000c7100000|100%| E|CS|TAMS 0x00000000c7000000| PB 0x00000000c7000000| Complete 
| 113|0x00000000c7100000, 0x00000000c7200000, 0x00000000c7200000|100%| E|CS|TAMS 0x00000000c7100000| PB 0x00000000c7100000| Complete 
| 114|0x00000000c7200000, 0x00000000c7300000, 0x00000000c7300000|100%| E|CS|TAMS 0x00000000c7200000| PB 0x00000000c7200000| Complete 
| 115|0x00000000c7300000, 0x00000000c7400000, 0x00000000c7400000|100%| E|CS|TAMS 0x00000000c7300000| PB 0x00000000c7300000| Complete 
| 116|0x00000000c7400000, 0x00000000c7500000, 0x00000000c7500000|100%| E|CS|TAMS 0x00000000c7400000| PB 0x00000000c7400000| Complete 
| 117|0x00000000c7500000, 0x00000000c7600000, 0x00000000c7600000|100%| E|CS|TAMS 0x00000000c7500000| PB 0x00000000c7500000| Complete 
| 118|0x00000000c7600000, 0x00000000c7700000, 0x00000000c7700000|100%| E|CS|TAMS 0x00000000c7600000| PB 0x00000000c7600000| Complete 
| 119|0x00000000c7700000, 0x00000000c7800000, 0x00000000c7800000|100%| E|CS|TAMS 0x00000000c7700000| PB 0x00000000c7700000| Complete 
| 120|0x00000000c7800000, 0x00000000c7900000, 0x00000000c7900000|100%| E|CS|TAMS 0x00000000c7800000| PB 0x00000000c7800000| Complete 
| 121|0x00000000c7900000, 0x00000000c7a00000, 0x00000000c7a00000|100%| E|  |TAMS 0x00000000c7900000| PB 0x00000000c7900000| Complete 
| 122|0x00000000c7a00000, 0x00000000c7b00000, 0x00000000c7b00000|100%| E|CS|TAMS 0x00000000c7a00000| PB 0x00000000c7a00000| Complete 
| 123|0x00000000c7b00000, 0x00000000c7c00000, 0x00000000c7c00000|100%| E|CS|TAMS 0x00000000c7b00000| PB 0x00000000c7b00000| Complete 
| 124|0x00000000c7c00000, 0x00000000c7d00000, 0x00000000c7d00000|100%| E|CS|TAMS 0x00000000c7c00000| PB 0x00000000c7c00000| Complete 
| 125|0x00000000c7d00000, 0x00000000c7e00000, 0x00000000c7e00000|100%| E|CS|TAMS 0x00000000c7d00000| PB 0x00000000c7d00000| Complete 
| 126|0x00000000c7e00000, 0x00000000c7f00000, 0x00000000c7f00000|100%| E|CS|TAMS 0x00000000c7e00000| PB 0x00000000c7e00000| Complete 
| 127|0x00000000c7f00000, 0x00000000c8000000, 0x00000000c8000000|100%| E|CS|TAMS 0x00000000c7f00000| PB 0x00000000c7f00000| Complete 
| 128|0x00000000c8000000, 0x00000000c8100000, 0x00000000c8100000|100%| E|CS|TAMS 0x00000000c8000000| PB 0x00000000c8000000| Complete 
| 129|0x00000000c8100000, 0x00000000c8200000, 0x00000000c8200000|100%| E|CS|TAMS 0x00000000c8100000| PB 0x00000000c8100000| Complete 
| 130|0x00000000c8200000, 0x00000000c8300000, 0x00000000c8300000|100%| E|CS|TAMS 0x00000000c8200000| PB 0x00000000c8200000| Complete 
| 131|0x00000000c8300000, 0x00000000c8400000, 0x00000000c8400000|100%| E|CS|TAMS 0x00000000c8300000| PB 0x00000000c8300000| Complete 
| 132|0x00000000c8400000, 0x00000000c8500000, 0x00000000c8500000|100%| E|CS|TAMS 0x00000000c8400000| PB 0x00000000c8400000| Complete 
| 133|0x00000000c8500000, 0x00000000c8600000, 0x00000000c8600000|100%| E|CS|TAMS 0x00000000c8500000| PB 0x00000000c8500000| Complete 
| 134|0x00000000c8600000, 0x00000000c8700000, 0x00000000c8700000|100%| E|CS|TAMS 0x00000000c8600000| PB 0x00000000c8600000| Complete 
| 135|0x00000000c8700000, 0x00000000c8800000, 0x00000000c8800000|100%| E|CS|TAMS 0x00000000c8700000| PB 0x00000000c8700000| Complete 
| 136|0x00000000c8800000, 0x00000000c8900000, 0x00000000c8900000|100%| E|CS|TAMS 0x00000000c8800000| PB 0x00000000c8800000| Complete 
| 137|0x00000000c8900000, 0x00000000c8a00000, 0x00000000c8a00000|100%| E|CS|TAMS 0x00000000c8900000| PB 0x00000000c8900000| Complete 
| 138|0x00000000c8a00000, 0x00000000c8b00000, 0x00000000c8b00000|100%| E|CS|TAMS 0x00000000c8a00000| PB 0x00000000c8a00000| Complete 
| 139|0x00000000c8b00000, 0x00000000c8c00000, 0x00000000c8c00000|100%| E|CS|TAMS 0x00000000c8b00000| PB 0x00000000c8b00000| Complete 
| 140|0x00000000c8c00000, 0x00000000c8d00000, 0x00000000c8d00000|100%| E|CS|TAMS 0x00000000c8c00000| PB 0x00000000c8c00000| Complete 
|1020|0x00000000ffc00000, 0x00000000ffd00000, 0x00000000ffd00000|100%| E|CS|TAMS 0x00000000ffc00000| PB 0x00000000ffc00000| Complete 
|1021|0x00000000ffd00000, 0x00000000ffe00000, 0x00000000ffe00000|100%| O|  |TAMS 0x00000000ffd00000| PB 0x00000000ffd00000| Untracked 
|1022|0x00000000ffe00000, 0x00000000fff00000, 0x00000000fff00000|100%| O|  |TAMS 0x00000000ffe00000| PB 0x00000000ffe00000| Untracked 
|1023|0x00000000fff00000, 0x0000000100000000, 0x0000000100000000|100%| E|CS|TAMS 0x00000000fff00000| PB 0x00000000fff00000| Complete 

Card table byte_map: [0x00007da090c00000,0x00007da090e00000] _byte_map_base: 0x00007da090600000

Marking Bits: (CMBitMap*) 0x00007da08c055330
 Bits: [0x00007da073800000, 0x00007da074800000)

Polling page: 0x00007da093413000

Metaspace:

Usage:
  Non-class:     74,93 MB used.
      Class:      8,94 MB used.
       Both:     83,87 MB used.

Virtual space:
  Non-class space:      128,00 MB reserved,      75,88 MB ( 59%) committed,  2 nodes.
      Class space:        1,00 GB reserved,       9,69 MB ( <1%) committed,  1 nodes.
             Both:        1,12 GB reserved,      85,56 MB (  7%) committed. 

Chunk freelists:
   Non-Class:  3,11 MB
       Class:  6,24 MB
        Both:  9,35 MB

MaxMetaspaceSize: unlimited
CompressedClassSpaceSize: 1,00 GB
Initial GC threshold: 21,00 MB
Current GC threshold: 142,19 MB
CDS: on
 - commit_granule_bytes: 65536.
 - commit_granule_words: 8192.
 - virtual_space_node_default_size: 8388608.
 - enlarge_chunks_in_place: 1.
 - use_allocation_guard: 0.


Internal statistics:

num_allocs_failed_limit: 38.
num_arena_births: 1488.
num_arena_deaths: 26.
num_vsnodes_births: 3.
num_vsnodes_deaths: 0.
num_space_committed: 1369.
num_space_uncommitted: 0.
num_chunks_returned_to_freelist: 67.
num_chunks_taken_from_freelist: 5472.
num_chunk_merges: 43.
num_chunk_splits: 3345.
num_chunks_enlarged: 1877.
num_inconsistent_stats: 0.

CodeHeap 'non-profiled nmethods': size=120032Kb used=8569Kb max_used=8569Kb free=111462Kb
 bounds [0x00007da07c2c8000, 0x00007da07cb38000, 0x00007da083800000]
CodeHeap 'profiled nmethods': size=120028Kb used=24238Kb max_used=26487Kb free=95789Kb
 bounds [0x00007da074800000, 0x00007da0761e0000, 0x00007da07bd37000]
CodeHeap 'non-nmethods': size=5700Kb used=1799Kb max_used=1847Kb free=3900Kb
 bounds [0x00007da07bd37000, 0x00007da07bfa7000, 0x00007da07c2c8000]
CodeCache: size=245760Kb, used=34606Kb, max_used=36903Kb, free=211151Kb
 total_blobs=11630, nmethods=10800, adapters=730, full_count=0
Compilation: enabled, stopped_count=0, restarted_count=0

Compilation events (20 events):
Event: 343,890 Thread 0x00007da08c117490 nmethod 14152 0x00007da07c9e5690 code [0x00007da07c9e5880, 0x00007da07c9e5bd8]
Event: 344,051 Thread 0x00007da08c117490 14153   !   4       org.eclipse.core.internal.resources.Resource::filterChildren (234 bytes)
Event: 344,078 Thread 0x00007da08c118b60 14156       3       org.eclipse.jdt.internal.corext.dom.ASTNodes::getNormalizedNode (84 bytes)
Event: 344,080 Thread 0x00007da08c118b60 nmethod 14156 0x00007da074e4b310 code [0x00007da074e4b500, 0x00007da074e4bdb8]
Event: 344,160 Thread 0x00007da08c118b60 14158       3       org.eclipse.ltk.core.refactoring.Refactoring::<init> (5 bytes)
Event: 344,160 Thread 0x00007da08c118b60 nmethod 14158 0x00007da075a0d110 code [0x00007da075a0d2c0, 0x00007da075a0d480]
Event: 344,164 Thread 0x00007da08c118b60 14161       3       org.eclipse.jdt.core.dom.MethodBinding::getName (56 bytes)
Event: 344,165 Thread 0x00007da08c118b60 nmethod 14161 0x00007da075a6c090 code [0x00007da075a6c280, 0x00007da075a6c8c8]
Event: 344,165 Thread 0x00007da08c118b60 14162       3       org.eclipse.jdt.internal.core.SourceType::getMethods (23 bytes)
Event: 344,166 Thread 0x00007da08c118b60 nmethod 14162 0x00007da075807a90 code [0x00007da075807c40, 0x00007da075808000]
Event: 344,220 Thread 0x00007da08c118b60 14163       3       org.eclipse.jdt.internal.compiler.ast.ASTNode::checkInvocationArguments (838 bytes)
Event: 344,231 Thread 0x00007da08c118b60 nmethod 14163 0x00007da075af3210 code [0x00007da075af38e0, 0x00007da075af8110]
Event: 344,232 Thread 0x00007da08c118b60 14164       3       org.eclipse.jdt.internal.compiler.ast.ASTNode::isMethodUseDeprecated (193 bytes)
Event: 344,246 Thread 0x00007da08c118b60 nmethod 14164 0x00007da074e6cc90 code [0x00007da074e6d020, 0x00007da074e6e838]
Event: 344,246 Thread 0x00007da08c118b60 14165       3       org.eclipse.jdt.internal.compiler.codegen.BranchLabel::compatibleOperandStacks (165 bytes)
Event: 344,251 Thread 0x00007da08c118b60 nmethod 14165 0x00007da074fcea90 code [0x00007da074fcee00, 0x00007da074fd1148]
Event: 344,251 Thread 0x00007da08c118b60 14166       3       org.eclipse.jdt.internal.compiler.lookup.Scope::outerMostClassScope (29 bytes)
Event: 344,251 Thread 0x00007da08c118b60 nmethod 14166 0x00007da074bc0510 code [0x00007da074bc06c0, 0x00007da074bc0a90]
Event: 344,251 Thread 0x00007da08c118b60 14167       3       org.eclipse.jdt.internal.compiler.codegen.CodeStream::iload (203 bytes)
Event: 344,252 Thread 0x00007da08c118b60 nmethod 14167 0x00007da074f29210 code [0x00007da074f29400, 0x00007da074f298c8]

GC Heap History (20 events):
Event: 49,193 GC heap before
{Heap before GC invocations=23 (full 0):
 garbage-first heap   total 147456K, used 128331K [0x00000000c0000000, 0x0000000100000000)
  region size 1024K, 85 young (87040K), 6 survivors (6144K)
 Metaspace       used 68118K, committed 69568K, reserved 1114112K
  class space    used 7265K, committed 7872K, reserved 1048576K
}
Event: 49,258 GC heap after
{Heap after GC invocations=24 (full 0):
 garbage-first heap   total 147456K, used 52763K [0x00000000c0000000, 0x0000000100000000)
  region size 1024K, 10 young (10240K), 10 survivors (10240K)
 Metaspace       used 68118K, committed 69568K, reserved 1114112K
  class space    used 7265K, committed 7872K, reserved 1048576K
}
Event: 62,958 GC heap before
{Heap before GC invocations=24 (full 0):
 garbage-first heap   total 147456K, used 129563K [0x00000000c0000000, 0x0000000100000000)
  region size 1024K, 86 young (88064K), 10 survivors (10240K)
 Metaspace       used 75329K, committed 76864K, reserved 1179648K
  class space    used 8206K, committed 8896K, reserved 1048576K
}
Event: 62,992 GC heap after
{Heap after GC invocations=25 (full 0):
 garbage-first heap   total 147456K, used 54120K [0x00000000c0000000, 0x0000000100000000)
  region size 1024K, 8 young (8192K), 8 survivors (8192K)
 Metaspace       used 75329K, committed 76864K, reserved 1179648K
  class space    used 8206K, committed 8896K, reserved 1048576K
}
Event: 115,204 GC heap before
{Heap before GC invocations=25 (full 0):
 garbage-first heap   total 147456K, used 130920K [0x00000000c0000000, 0x0000000100000000)
  region size 1024K, 84 young (86016K), 8 survivors (8192K)
 Metaspace       used 76818K, committed 78336K, reserved 1179648K
  class space    used 8313K, committed 8960K, reserved 1048576K
}
Event: 115,212 GC heap after
{Heap after GC invocations=26 (full 0):
 garbage-first heap   total 147456K, used 54658K [0x00000000c0000000, 0x0000000100000000)
  region size 1024K, 4 young (4096K), 4 survivors (4096K)
 Metaspace       used 76818K, committed 78336K, reserved 1179648K
  class space    used 8313K, committed 8960K, reserved 1048576K
}
Event: 197,077 GC heap before
{Heap before GC invocations=26 (full 0):
 garbage-first heap   total 147456K, used 132482K [0x00000000c0000000, 0x0000000100000000)
  region size 1024K, 81 young (82944K), 4 survivors (4096K)
 Metaspace       used 82503K, committed 84096K, reserved 1179648K
  class space    used 9005K, committed 9728K, reserved 1048576K
}
Event: 197,087 GC heap after
{Heap after GC invocations=27 (full 0):
 garbage-first heap   total 147456K, used 56140K [0x00000000c0000000, 0x0000000100000000)
  region size 1024K, 5 young (5120K), 5 survivors (5120K)
 Metaspace       used 82503K, committed 84096K, reserved 1179648K
  class space    used 9005K, committed 9728K, reserved 1048576K
}
Event: 204,800 GC heap before
{Heap before GC invocations=28 (full 0):
 garbage-first heap   total 147456K, used 133964K [0x00000000c0000000, 0x0000000100000000)
  region size 1024K, 82 young (83968K), 5 survivors (5120K)
 Metaspace       used 83072K, committed 84672K, reserved 1179648K
  class space    used 9016K, committed 9728K, reserved 1048576K
}
Event: 204,814 GC heap after
{Heap after GC invocations=29 (full 0):
 garbage-first heap   total 147456K, used 57320K [0x00000000c0000000, 0x0000000100000000)
  region size 1024K, 6 young (6144K), 6 survivors (6144K)
 Metaspace       used 83072K, committed 84672K, reserved 1179648K
  class space    used 9016K, committed 9728K, reserved 1048576K
}
Event: 214,859 GC heap before
{Heap before GC invocations=29 (full 0):
 garbage-first heap   total 147456K, used 134120K [0x00000000c0000000, 0x0000000100000000)
  region size 1024K, 82 young (83968K), 6 survivors (6144K)
 Metaspace       used 83451K, committed 85120K, reserved 1179648K
  class space    used 9021K, committed 9728K, reserved 1048576K
}
Event: 214,887 GC heap after
{Heap after GC invocations=30 (full 0):
 garbage-first heap   total 148480K, used 61216K [0x00000000c0000000, 0x0000000100000000)
  region size 1024K, 11 young (11264K), 11 survivors (11264K)
 Metaspace       used 83451K, committed 85120K, reserved 1179648K
  class space    used 9021K, committed 9728K, reserved 1048576K
}
Event: 224,994 GC heap before
{Heap before GC invocations=30 (full 0):
 garbage-first heap   total 148480K, used 131872K [0x00000000c0000000, 0x0000000100000000)
  region size 1024K, 81 young (82944K), 11 survivors (11264K)
 Metaspace       used 84193K, committed 85888K, reserved 1179648K
  class space    used 9078K, committed 9792K, reserved 1048576K
}
Event: 225,015 GC heap after
{Heap after GC invocations=31 (full 0):
 garbage-first heap   total 148480K, used 58841K [0x00000000c0000000, 0x0000000100000000)
  region size 1024K, 5 young (5120K), 5 survivors (5120K)
 Metaspace       used 84193K, committed 85888K, reserved 1179648K
  class space    used 9078K, committed 9792K, reserved 1048576K
}
Event: 234,218 GC heap before
{Heap before GC invocations=32 (full 0):
 garbage-first heap   total 148480K, used 131545K [0x00000000c0000000, 0x0000000100000000)
  region size 1024K, 77 young (78848K), 5 survivors (5120K)
 Metaspace       used 84895K, committed 86592K, reserved 1179648K
  class space    used 9120K, committed 9856K, reserved 1048576K
}
Event: 234,223 GC heap after
{Heap after GC invocations=33 (full 0):
 garbage-first heap   total 148480K, used 56237K [0x00000000c0000000, 0x0000000100000000)
  region size 1024K, 2 young (2048K), 2 survivors (2048K)
 Metaspace       used 84895K, committed 86592K, reserved 1179648K
  class space    used 9120K, committed 9856K, reserved 1048576K
}
Event: 248,165 GC heap before
{Heap before GC invocations=33 (full 0):
 garbage-first heap   total 148480K, used 134061K [0x00000000c0000000, 0x0000000100000000)
  region size 1024K, 79 young (80896K), 2 survivors (2048K)
 Metaspace       used 85273K, committed 86912K, reserved 1179648K
  class space    used 9132K, committed 9856K, reserved 1048576K
}
Event: 248,174 GC heap after
{Heap after GC invocations=34 (full 0):
 garbage-first heap   total 148480K, used 55859K [0x00000000c0000000, 0x0000000100000000)
  region size 1024K, 2 young (2048K), 2 survivors (2048K)
 Metaspace       used 85273K, committed 86912K, reserved 1179648K
  class space    used 9132K, committed 9856K, reserved 1048576K
}
Event: 253,183 GC heap before
{Heap before GC invocations=34 (full 0):
 garbage-first heap   total 148480K, used 136755K [0x00000000c0000000, 0x0000000100000000)
  region size 1024K, 82 young (83968K), 2 survivors (2048K)
 Metaspace       used 85575K, committed 87296K, reserved 1179648K
  class space    used 9144K, committed 9920K, reserved 1048576K
}
Event: 253,193 GC heap after
{Heap after GC invocations=35 (full 0):
 garbage-first heap   total 148480K, used 55549K [0x00000000c0000000, 0x0000000100000000)
  region size 1024K, 2 young (2048K), 2 survivors (2048K)
 Metaspace       used 85575K, committed 87296K, reserved 1179648K
  class space    used 9144K, committed 9920K, reserved 1048576K
}

Dll operation events (11 events):
Event: 0,006 Loaded shared library /usr/lib/jvm/java-21-openjdk-amd64/lib/libjava.so
Event: 0,051 Loaded shared library /usr/lib/jvm/java-21-openjdk-amd64/lib/libjsvml.so
Event: 0,151 Loaded shared library /usr/lib/jvm/java-21-openjdk-amd64/lib/libzip.so
Event: 0,154 Loaded shared library /usr/lib/jvm/java-21-openjdk-amd64/lib/libinstrument.so
Event: 0,158 Loaded shared library /usr/lib/jvm/java-21-openjdk-amd64/lib/libnio.so
Event: 0,162 Loaded shared library /usr/lib/jvm/java-21-openjdk-amd64/lib/libzip.so
Event: 0,186 Loaded shared library /usr/lib/jvm/java-21-openjdk-amd64/lib/libjimage.so
Event: 0,294 Loaded shared library /usr/lib/jvm/java-21-openjdk-amd64/lib/libverify.so
Event: 1,995 Loaded shared library /usr/lib/jvm/java-21-openjdk-amd64/lib/libnet.so
Event: 4,715 Loaded shared library /home/dan/.config/Code/User/globalStorage/redhat.java/1.55.0/config_linux/org.eclipse.equinox.launcher/org.eclipse.equinox.launcher.gtk.linux.x86_64_1.2.1600.v20260613-0559/eclipse_11924.so
Event: 28,676 Loaded shared library /usr/lib/jvm/java-21-openjdk-amd64/lib/libextnet.so

Deoptimization events (20 events):
Event: 255,859 Thread 0x00007da000003bb0 DEOPT PACKING pc=0x00007da07c51d6ec sp=0x00007da0198fe4f0
Event: 255,859 Thread 0x00007da000003bb0 DEOPT UNPACKING pc=0x00007da07bd8af99 sp=0x00007da0198fe468 mode 2
Event: 259,295 Thread 0x00007da064001220 DEOPT PACKING pc=0x00007da0757fa55b sp=0x00007da01aafdd10
Event: 259,295 Thread 0x00007da064001220 DEOPT UNPACKING pc=0x00007da07bd8b72f sp=0x00007da01aafd260 mode 0
Event: 340,274 Thread 0x00007d9fcc0edb40 Uncommon trap: trap_request=0xffffff45 fr.pc=0x00007da07c35b3b0 relative=0x00000000000003b0
Event: 340,274 Thread 0x00007d9fcc0edb40 Uncommon trap: reason=unstable_if action=reinterpret pc=0x00007da07c35b3b0 method=java.lang.CharacterDataLatin1.digit(II)I @ 12 c2
Event: 340,274 Thread 0x00007d9fcc0edb40 DEOPT PACKING pc=0x00007da07c35b3b0 sp=0x00007da019bfe2f0
Event: 340,274 Thread 0x00007d9fcc0edb40 DEOPT UNPACKING pc=0x00007da07bd8af99 sp=0x00007da019bfe130 mode 2
Event: 340,305 Thread 0x00007d9fcc0edb40 Uncommon trap: trap_request=0xffffffd6 fr.pc=0x00007da07c7bb3dc relative=0x000000000000085c
Event: 340,305 Thread 0x00007d9fcc0edb40 Uncommon trap: reason=array_check action=maybe_recompile pc=0x00007da07c7bb3dc method=java.util.LinkedHashMap.keysToArray([Ljava/lang/Object;Z)[Ljava/lang/Object; @ 67 c2
Event: 340,305 Thread 0x00007d9fcc0edb40 DEOPT PACKING pc=0x00007da07c7bb3dc sp=0x00007da019bfd2e0
Event: 340,305 Thread 0x00007d9fcc0edb40 DEOPT UNPACKING pc=0x00007da07bd8af99 sp=0x00007da019bfd1c0 mode 2
Event: 340,333 Thread 0x00007d9fcc0edb40 Uncommon trap: trap_request=0xffffffd6 fr.pc=0x00007da07c7bb3dc relative=0x000000000000085c
Event: 340,333 Thread 0x00007d9fcc0edb40 Uncommon trap: reason=array_check action=maybe_recompile pc=0x00007da07c7bb3dc method=java.util.LinkedHashMap.keysToArray([Ljava/lang/Object;Z)[Ljava/lang/Object; @ 67 c2
Event: 340,333 Thread 0x00007d9fcc0edb40 DEOPT PACKING pc=0x00007da07c7bb3dc sp=0x00007da019bfcce0
Event: 340,333 Thread 0x00007d9fcc0edb40 DEOPT UNPACKING pc=0x00007da07bd8af99 sp=0x00007da019bfcbc0 mode 2
Event: 341,732 Thread 0x00007d9fcc0edb40 Uncommon trap: trap_request=0xffffff45 fr.pc=0x00007da07c30767c relative=0x00000000000000dc
Event: 341,732 Thread 0x00007d9fcc0edb40 Uncommon trap: reason=unstable_if action=reinterpret pc=0x00007da07c30767c method=java.lang.CharacterDataLatin1.digit(II)I @ 12 c2
Event: 341,732 Thread 0x00007d9fcc0edb40 DEOPT PACKING pc=0x00007da07c30767c sp=0x00007da019bfe250
Event: 341,732 Thread 0x00007d9fcc0edb40 DEOPT UNPACKING pc=0x00007da07bd8af99 sp=0x00007da019bfe128 mode 2

Classes loaded (20 events):
Event: 159,316 Loading class java/util/stream/FindOps$FindSink$OfLong
Event: 159,316 Loading class java/util/stream/FindOps$FindSink$OfLong done
Event: 159,316 Loading class java/util/OptionalLong
Event: 159,317 Loading class java/util/OptionalLong done
Event: 159,322 Loading class java/nio/HeapByteBufferR
Event: 159,322 Loading class java/nio/HeapByteBufferR done
Event: 189,353 Loading class com/sun/crypto/provider/HmacCore$HmacSHA384
Event: 189,354 Loading class com/sun/crypto/provider/HmacCore$HmacSHA384 done
Event: 196,332 Loading class java/lang/StringLatin1$CharsSpliterator
Event: 196,332 Loading class java/lang/StringLatin1$CharsSpliterator done
Event: 197,089 Loading class java/util/LinkedList$LLSpliterator
Event: 197,089 Loading class java/util/LinkedList$LLSpliterator done
Event: 235,425 Loading class sun/security/ssl/PreSharedKeyExtension$PskIdentity
Event: 235,426 Loading class sun/security/ssl/PreSharedKeyExtension$PskIdentity done
Event: 235,426 Loading class sun/security/ssl/PreSharedKeyExtension$CHPreSharedKeySpec
Event: 235,426 Loading class sun/security/ssl/PreSharedKeyExtension$CHPreSharedKeySpec done
Event: 235,427 Loading class sun/security/ssl/PreSharedKeyExtension$PartialClientHelloMessage
Event: 235,427 Loading class sun/security/ssl/PreSharedKeyExtension$PartialClientHelloMessage done
Event: 235,452 Loading class sun/security/ssl/PreSharedKeyExtension$SHPreSharedKeySpec
Event: 235,452 Loading class sun/security/ssl/PreSharedKeyExtension$SHPreSharedKeySpec done

Classes unloaded (13 events):
Event: 25,155 Thread 0x00007da08c105c30 Unloading class 0x00007da01c1ae800 'java/lang/invoke/LambdaForm$MH+0x00007da01c1ae800'
Event: 25,155 Thread 0x00007da08c105c30 Unloading class 0x00007da01c1ae400 'java/lang/invoke/LambdaForm$MH+0x00007da01c1ae400'
Event: 25,155 Thread 0x00007da08c105c30 Unloading class 0x00007da01c1ae000 'java/lang/invoke/LambdaForm$MH+0x00007da01c1ae000'
Event: 25,155 Thread 0x00007da08c105c30 Unloading class 0x00007da01c1adc00 'java/lang/invoke/LambdaForm$MH+0x00007da01c1adc00'
Event: 25,155 Thread 0x00007da08c105c30 Unloading class 0x00007da01c1ad800 'java/lang/invoke/LambdaForm$BMH+0x00007da01c1ad800'
Event: 25,155 Thread 0x00007da08c105c30 Unloading class 0x00007da01c1ad400 'java/lang/invoke/LambdaForm$DMH+0x00007da01c1ad400'
Event: 25,155 Thread 0x00007da08c105c30 Unloading class 0x00007da01c1ac400 'java/lang/invoke/LambdaForm$DMH+0x00007da01c1ac400'
Event: 39,075 Thread 0x00007da08c105c30 Unloading class 0x00007da01c29b000 'java/lang/invoke/LambdaForm$MH+0x00007da01c29b000'
Event: 39,075 Thread 0x00007da08c105c30 Unloading class 0x00007da01c29a000 'java/lang/invoke/LambdaForm$MH+0x00007da01c29a000'
Event: 39,075 Thread 0x00007da08c105c30 Unloading class 0x00007da01c299c00 'java/lang/invoke/LambdaForm$DMH+0x00007da01c299c00'
Event: 39,075 Thread 0x00007da08c105c30 Unloading class 0x00007da01c299000 'java/lang/invoke/LambdaForm$MH+0x00007da01c299000'
Event: 39,075 Thread 0x00007da08c105c30 Unloading class 0x00007da01c290800 'java/lang/invoke/LambdaForm$MH+0x00007da01c290800'
Event: 197,278 Thread 0x00007da08c105c30 Unloading class 0x00007da01c711400 'java/lang/invoke/LambdaForm$MH+0x00007da01c711400'

Classes redefined (0 events):
No events

Internal exceptions (20 events):
Event: 239,261 Thread 0x00007d9fc8637460 Exception <a 'sun/nio/fs/UnixException'{0x00000000c53ad068}> (0x00000000c53ad068) 
thrown [./src/hotspot/share/prims/jni.cpp, line 520]
Event: 239,308 Thread 0x00007d9fc8637460 Exception <a 'sun/nio/fs/UnixException'{0x00000000c4af39f8}> (0x00000000c4af39f8) 
thrown [./src/hotspot/share/prims/jni.cpp, line 520]
Event: 248,666 Thread 0x00007da08c54be50 Exception <a 'java/lang/ArrayIndexOutOfBoundsException'{0x00000000c8b8b420}> (0x00000000c8b8b420) 
thrown [./src/hotspot/share/runtime/sharedRuntime.cpp, line 625]
Event: 248,678 Thread 0x00007da08c54be50 Exception <a 'java/lang/ArrayIndexOutOfBoundsException'{0x00000000c8bedcc0}> (0x00000000c8bedcc0) 
thrown [./src/hotspot/share/runtime/sharedRuntime.cpp, line 625]
Event: 248,679 Thread 0x00007da08c54be50 Exception <a 'java/lang/ArrayIndexOutOfBoundsException'{0x00000000c8befdd8}> (0x00000000c8befdd8) 
thrown [./src/hotspot/share/runtime/sharedRuntime.cpp, line 625]
Event: 248,679 Thread 0x00007da08c54be50 Exception <a 'java/lang/ArrayIndexOutOfBoundsException'{0x00000000c8bf03b0}> (0x00000000c8bf03b0) 
thrown [./src/hotspot/share/runtime/sharedRuntime.cpp, line 625]
Event: 249,710 Thread 0x00007d9fcc0ec050 Exception <a 'java/lang/ArrayIndexOutOfBoundsException'{0x00000000c78c7290}> (0x00000000c78c7290) 
thrown [./src/hotspot/share/runtime/sharedRuntime.cpp, line 625]
Event: 249,745 Thread 0x00007d9fcc0ec050 Exception <a 'java/lang/ArrayIndexOutOfBoundsException'{0x00000000c77d0a50}> (0x00000000c77d0a50) 
thrown [./src/hotspot/share/runtime/sharedRuntime.cpp, line 625]
Event: 250,604 Thread 0x00007d9fc8637460 Exception <a 'sun/nio/fs/UnixException'{0x00000000c7271228}> (0x00000000c7271228) 
thrown [./src/hotspot/share/prims/jni.cpp, line 520]
Event: 250,700 Thread 0x00007d9fc8637460 Exception <a 'sun/nio/fs/UnixException'{0x00000000c69f3998}> (0x00000000c69f3998) 
thrown [./src/hotspot/share/prims/jni.cpp, line 520]
Event: 250,905 Thread 0x00007d9fcc0ec050 Exception <a 'java/lang/ArrayIndexOutOfBoundsException'{0x00000000c64dad00}> (0x00000000c64dad00) 
thrown [./src/hotspot/share/runtime/sharedRuntime.cpp, line 625]
Event: 250,943 Thread 0x00007d9fcc0ec050 Exception <a 'java/lang/ArrayIndexOutOfBoundsException'{0x00000000c62301b0}> (0x00000000c62301b0) 
thrown [./src/hotspot/share/runtime/sharedRuntime.cpp, line 625]
Event: 251,738 Thread 0x00007d9fc8637460 Exception <a 'sun/nio/fs/UnixException'{0x00000000c6858d88}> (0x00000000c6858d88) 
thrown [./src/hotspot/share/prims/jni.cpp, line 520]
Event: 251,819 Thread 0x00007d9fc8637460 Exception <a 'sun/nio/fs/UnixException'{0x00000000c513f570}> (0x00000000c513f570) 
thrown [./src/hotspot/share/prims/jni.cpp, line 520]
Event: 252,256 Thread 0x00007d9fcc0ecae0 Exception <a 'java/lang/ArrayIndexOutOfBoundsException'{0x00000000c4da58d0}> (0x00000000c4da58d0) 
thrown [./src/hotspot/share/runtime/sharedRuntime.cpp, line 625]
Event: 252,269 Thread 0x00007d9fcc0ecae0 Exception <a 'java/lang/ArrayIndexOutOfBoundsException'{0x00000000c4cae5e8}> (0x00000000c4cae5e8) 
thrown [./src/hotspot/share/runtime/sharedRuntime.cpp, line 625]
Event: 253,579 Thread 0x00007d9fcc0ec050 Exception <a 'java/lang/ArrayIndexOutOfBoundsException'{0x00000000c861d920}> (0x00000000c861d920) 
thrown [./src/hotspot/share/runtime/sharedRuntime.cpp, line 625]
Event: 253,594 Thread 0x00007d9fcc0ec050 Exception <a 'java/lang/ArrayIndexOutOfBoundsException'{0x00000000c85ac8c8}> (0x00000000c85ac8c8) 
thrown [./src/hotspot/share/runtime/sharedRuntime.cpp, line 625]
Event: 254,361 Thread 0x00007d9fc8637460 Exception <a 'sun/nio/fs/UnixException'{0x00000000c80957d0}> (0x00000000c80957d0) 
thrown [./src/hotspot/share/prims/jni.cpp, line 520]
Event: 254,450 Thread 0x00007d9fc8637460 Exception <a 'sun/nio/fs/UnixException'{0x00000000c77e6660}> (0x00000000c77e6660) 
thrown [./src/hotspot/share/prims/jni.cpp, line 520]

ZGC Phase Switch (0 events):
No events

VM Operations (20 events):
Event: 261,659 Executing safepoint VM operation: Cleanup
Event: 261,659 Executing safepoint VM operation: Cleanup done
Event: 262,659 Executing safepoint VM operation: Cleanup
Event: 262,659 Executing safepoint VM operation: Cleanup done
Event: 263,660 Executing safepoint VM operation: Cleanup
Event: 263,660 Executing safepoint VM operation: Cleanup done
Event: 275,663 Executing safepoint VM operation: Cleanup
Event: 275,663 Executing safepoint VM operation: Cleanup done
Event: 300,730 Executing non-safepoint VM operation: HandshakeAllThreads (HandshakeForDeflation)
Event: 300,730 Executing non-safepoint VM operation: HandshakeAllThreads (HandshakeForDeflation) done
Event: 300,730 Executing non-safepoint VM operation: RendezvousGCThreads
Event: 300,730 Executing non-safepoint VM operation: RendezvousGCThreads done
Event: 339,733 Executing safepoint VM operation: Cleanup
Event: 339,734 Executing safepoint VM operation: Cleanup done
Event: 340,734 Executing safepoint VM operation: Cleanup
Event: 340,735 Executing safepoint VM operation: Cleanup done
Event: 341,735 Executing safepoint VM operation: Cleanup
Event: 341,735 Executing safepoint VM operation: Cleanup done
Event: 342,737 Executing safepoint VM operation: Cleanup
Event: 342,737 Executing safepoint VM operation: Cleanup done

Memory protections (20 events):
Event: 189,714 Protecting memory [0x00007da01ab00000,0x00007da01ab04000] with protection modes 0
Event: 195,708 Protecting memory [0x00007da01ab00000,0x00007da01ab04000] with protection modes 0
Event: 198,701 Protecting memory [0x00007da01ab00000,0x00007da01ab04000] with protection modes 0
Event: 200,548 Protecting memory [0x00007da01a900000,0x00007da01a904000] with protection modes 0
Event: 211,674 Protecting memory [0x00007da019400000,0x00007da019404000] with protection modes 0
Event: 213,622 Protecting memory [0x00007da019400000,0x00007da019404000] with protection modes 0
Event: 214,781 Protecting memory [0x00007da019200000,0x00007da019204000] with protection modes 0
Event: 233,810 Protecting memory [0x00007da019200000,0x00007da019204000] with protection modes 0
Event: 235,336 Protecting memory [0x00007da019200000,0x00007da019204000] with protection modes 0
Event: 235,459 Protecting memory [0x00007da019800000,0x00007da019804000] with protection modes 0
Event: 235,744 Protecting memory [0x00007da019800000,0x00007da019804000] with protection modes 0
Event: 238,199 Protecting memory [0x00007da019200000,0x00007da019204000] with protection modes 0
Event: 248,725 Protecting memory [0x00007da019800000,0x00007da019804000] with protection modes 0
Event: 253,600 Protecting memory [0x00007da019800000,0x00007da019804000] with protection modes 0
Event: 255,858 Protecting memory [0x00007da019800000,0x00007da019804000] with protection modes 0
Event: 255,862 Protecting memory [0x00007da019200000,0x00007da019204000] with protection modes 0
Event: 255,893 Protecting memory [0x00007da01a600000,0x00007da01a604000] with protection modes 0
Event: 257,036 Protecting memory [0x00007da01aa00000,0x00007da01aa04000] with protection modes 0
Event: 261,742 Protecting memory [0x00007da08bede000,0x00007da08bee2000] with protection modes 0
Event: 340,307 Protecting memory [0x00007da019e00000,0x00007da019e04000] with protection modes 0

Nmethod flushes (20 events):
Event: 253,547 Thread 0x00007da08c105c30 flushing  nmethod 0x00007da075b34d10
Event: 253,547 Thread 0x00007da08c105c30 flushing  nmethod 0x00007da075b37410
Event: 253,547 Thread 0x00007da08c105c30 flushing  nmethod 0x00007da075b3c810
Event: 253,547 Thread 0x00007da08c105c30 flushing  nmethod 0x00007da075b53390
Event: 253,547 Thread 0x00007da08c105c30 flushing  nmethod 0x00007da075b53c10
Event: 253,547 Thread 0x00007da08c105c30 flushing  nmethod 0x00007da075b54690
Event: 253,547 Thread 0x00007da08c105c30 flushing  nmethod 0x00007da075b55910
Event: 253,547 Thread 0x00007da08c105c30 flushing  nmethod 0x00007da075b82090
Event: 253,547 Thread 0x00007da08c105c30 flushing  nmethod 0x00007da075b83990
Event: 253,547 Thread 0x00007da08c105c30 flushing  nmethod 0x00007da075b86b90
Event: 253,547 Thread 0x00007da08c105c30 flushing  nmethod 0x00007da075b8f010
Event: 253,547 Thread 0x00007da08c105c30 flushing  nmethod 0x00007da075b91d10
Event: 253,547 Thread 0x00007da08c105c30 flushing  nmethod 0x00007da075b96b10
Event: 253,547 Thread 0x00007da08c105c30 flushing  nmethod 0x00007da075f58090
Event: 253,547 Thread 0x00007da08c105c30 flushing  nmethod 0x00007da075f5a610
Event: 253,547 Thread 0x00007da08c105c30 flushing  nmethod 0x00007da075f5c610
Event: 253,547 Thread 0x00007da08c105c30 flushing  nmethod 0x00007da075f9ad10
Event: 253,547 Thread 0x00007da08c105c30 flushing  nmethod 0x00007da07616d410
Event: 253,547 Thread 0x00007da08c105c30 flushing  nmethod 0x00007da07616da10
Event: 253,547 Thread 0x00007da08c105c30 flushing  nmethod 0x00007da07616e610

Events (20 events):
Event: 245,747 Thread 0x00007da00c006080 Thread exited: 0x00007da00c006080
Event: 248,725 Thread 0x00007da08c118b60 Thread added: 0x00007d9ff42c2c80
Event: 249,467 Thread 0x00007d9ff42c2c80 Thread exited: 0x00007d9ff42c2c80
Event: 253,600 Thread 0x00007da08c118b60 Thread added: 0x00007d9ff4535ce0
Event: 253,880 Thread 0x00007d9ff4535ce0 Thread exited: 0x00007d9ff4535ce0
Event: 255,858 Thread 0x00007d9fe81cbdd0 Thread added: 0x00007da000003bb0
Event: 255,862 Thread 0x00007da000003bb0 Thread added: 0x00007da0640160e0
Event: 255,890 Thread 0x00007da0640160e0 Thread added: 0x00007da06c01a5b0
Event: 257,035 Thread 0x00007da000003bb0 Thread added: 0x00007da064001220
Event: 257,036 Thread 0x00007da06c01a5b0 Thread exited: 0x00007da06c01a5b0
Event: 261,737 Thread 0x00007da064001220 Thread added: 0x00005e9ec192f820
Event: 261,740 Thread 0x00007da064001220 Thread exited: 0x00007da064001220
Event: 262,091 Thread 0x00007da0640160e0 Thread exited: 0x00007da0640160e0
Event: 292,092 Thread 0x00007da000003bb0 Thread exited: 0x00007da000003bb0
Event: 314,499 Thread 0x00007d9fb826dd90 Thread exited: 0x00007d9fb826dd90
Event: 314,515 Thread 0x00007d9fc851e600 Thread exited: 0x00007d9fc851e600
Event: 314,517 Thread 0x00007d9fb8271030 Thread exited: 0x00007d9fb8271030
Event: 322,046 Thread 0x00005e9ec192f820 Thread exited: 0x00005e9ec192f820
Event: 333,312 Thread 0x00007d9fcc0ec050 Thread exited: 0x00007d9fcc0ec050
Event: 340,304 Thread 0x00007d9fcc0ecae0 Thread added: 0x00007d9fe81ee370


Dynamic libraries:
c0000000-c8d00000 rw-p 00000000 00:00 0 
c8d00000-ffc00000 ---p 00000000 00:00 0 
ffc00000-ffe00000 rw-p 00000000 00:00 0 
ffe00000-fff0d000 rw-p 00cdb000 08:03 21778994                           /usr/lib/jvm/java-21-openjdk-amd64/lib/server/classes.jsa
fff0d000-100000000 rw-p 00000000 00:00 0 
5e9eb40cc000-5e9eb40cd000 r--p 00000000 08:03 21778769                   /usr/lib/jvm/java-21-openjdk-amd64/bin/java
5e9eb40cd000-5e9eb40ce000 r-xp 00001000 08:03 21778769                   /usr/lib/jvm/java-21-openjdk-amd64/bin/java
5e9eb40ce000-5e9eb40cf000 r--p 00002000 08:03 21778769                   /usr/lib/jvm/java-21-openjdk-amd64/bin/java
5e9eb40cf000-5e9eb40d0000 r--p 00002000 08:03 21778769                   /usr/lib/jvm/java-21-openjdk-amd64/bin/java
5e9eb40d0000-5e9eb40d1000 rw-p 00003000 08:03 21778769                   /usr/lib/jvm/java-21-openjdk-amd64/bin/java
5e9ec1902000-5e9ec2562000 rw-p 00000000 00:00 0                          [heap]
7d9fa3000000-7d9fa3580000 rw-p 00000000 00:00 0 
7d9fa3580000-7d9fa3600000 rw-p 00000000 00:00 0 
7d9fa3600000-7d9fa3750000 rw-p 00000000 00:00 0 
7d9fa3750000-7d9fa3800000 ---p 00000000 00:00 0 
7d9fa3800000-7d9fa3cf0000 rw-p 00000000 00:00 0 
7d9fa3cf0000-7d9fa7000000 ---p 00000000 00:00 0 
7d9fa7800000-7d9fafe51000 r--s 00000000 08:03 21778993                   /usr/lib/jvm/java-21-openjdk-amd64/lib/modules
7d9fb0000000-7d9fb0f35000 rw-p 00000000 00:00 0 
7d9fb0f35000-7d9fb4000000 ---p 00000000 00:00 0 
7d9fb4000000-7d9fb413f000 rw-p 00000000 00:00 0 
7d9fb413f000-7d9fb8000000 ---p 00000000 00:00 0 
7d9fb8000000-7d9fb8892000 rw-p 00000000 00:00 0 
7d9fb8892000-7d9fbc000000 ---p 00000000 00:00 0 
7d9fbc000000-7d9fbd313000 rw-p 00000000 00:00 0 
7d9fbd313000-7d9fc0000000 ---p 00000000 00:00 0 
7d9fc0000000-7d9fc0021000 rw-p 00000000 00:00 0 
7d9fc0021000-7d9fc4000000 ---p 00000000 00:00 0 
7d9fc4000000-7d9fc4021000 rw-p 00000000 00:00 0 
7d9fc4021000-7d9fc8000000 ---p 00000000 00:00 0 
7d9fc8000000-7d9fc9102000 rw-p 00000000 00:00 0 
7d9fc9102000-7d9fcc000000 ---p 00000000 00:00 0 
7d9fcc000000-7d9fcc2fc000 rw-p 00000000 00:00 0 
7d9fcc2fc000-7d9fd0000000 ---p 00000000 00:00 0 
7d9fd0000000-7d9fd02d3000 rw-p 00000000 00:00 0 
7d9fd02d3000-7d9fd4000000 ---p 00000000 00:00 0 
7d9fd4000000-7d9fd488b000 rw-p 00000000 00:00 0 
7d9fd488b000-7d9fd8000000 ---p 00000000 00:00 0 
7d9fd8000000-7d9fd8021000 rw-p 00000000 00:00 0 
7d9fd8021000-7d9fdc000000 ---p 00000000 00:00 0 
7d9fdc000000-7d9fdc02d000 rw-p 00000000 00:00 0 
7d9fdc02d000-7d9fe0000000 ---p 00000000 00:00 0 
7d9fe0000000-7d9fe16e1000 rw-p 00000000 00:00 0 
7d9fe16e1000-7d9fe4000000 ---p 00000000 00:00 0 
7d9fe4000000-7d9fe402d000 rw-p 00000000 00:00 0 
7d9fe402d000-7d9fe8000000 ---p 00000000 00:00 0 
7d9fe8000000-7d9fe82fb000 rw-p 00000000 00:00 0 
7d9fe82fb000-7d9fec000000 ---p 00000000 00:00 0 
7d9fec000000-7d9fec412000 rw-p 00000000 00:00 0 
7d9fec412000-7d9ff0000000 ---p 00000000 00:00 0 
7d9ff0000000-7d9ff25f5000 rw-p 00000000 00:00 0 
7d9ff25f5000-7d9ff4000000 ---p 00000000 00:00 0 
7d9ff4000000-7d9ff4e2d000 rw-p 00000000 00:00 0 
7d9ff4e2d000-7d9ff8000000 ---p 00000000 00:00 0 
7d9ff8000000-7d9ff8110000 rw-p 00000000 00:00 0 
7d9ff8110000-7d9ffc000000 ---p 00000000 00:00 0 
7d9ffc000000-7d9ffc178000 rw-p 00000000 00:00 0 
7d9ffc178000-7da000000000 ---p 00000000 00:00 0 
7da000000000-7da000082000 rw-p 00000000 00:00 0 
7da000082000-7da004000000 ---p 00000000 00:00 0 
7da004000000-7da004afe000 rw-p 00000000 00:00 0 
7da004afe000-7da008000000 ---p 00000000 00:00 0 
7da008000000-7da008026000 rw-p 00000000 00:00 0 
7da008026000-7da00c000000 ---p 00000000 00:00 0 
7da00c000000-7da00c1cb000 rw-p 00000000 00:00 0 
7da00c1cb000-7da010000000 ---p 00000000 00:00 0 
7da010000000-7da010400000 rw-p 00000000 00:00 0 
7da010400000-7da010800000 rw-p 00000000 00:00 0 
7da010800000-7da0109c0000 rw-p 00000000 00:00 0 
7da0109c0000-7da010b00000 rw-p 00000000 00:00 0 
7da010b00000-7da011180000 rw-p 00000000 00:00 0 
7da011180000-7da011200000 rw-p 00000000 00:00 0 
7da011200000-7da011a00000 rw-p 00000000 00:00 0 
7da011a00000-7da011d00000 rw-p 00000000 00:00 0 
7da011d00000-7da011e00000 rw-p 00000000 00:00 0 
7da011e00000-7da011f80000 rw-p 00000000 00:00 0 
7da011f80000-7da011fa0000 rw-p 00000000 00:00 0 
7da011fa0000-7da012000000 ---p 00000000 00:00 0 
7da012000000-7da012100000 rw-p 00000000 00:00 0 
7da012100000-7da012300000 rw-p 00000000 00:00 0 
7da012300000-7da012400000 rw-p 00000000 00:00 0 
7da012400000-7da012500000 rw-p 00000000 00:00 0 
7da012500000-7da012600000 rw-p 00000000 00:00 0 
7da012600000-7da012900000 rw-p 00000000 00:00 0 
7da012900000-7da012a00000 rw-p 00000000 00:00 0 
7da012a00000-7da012bc0000 rw-p 00000000 00:00 0 
7da012bc0000-7da012c00000 rw-p 00000000 00:00 0 
7da012c00000-7da012d00000 rw-p 00000000 00:00 0 
7da012d00000-7da012e00000 rw-p 00000000 00:00 0 
7da012e00000-7da013f80000 rw-p 00000000 00:00 0 
7da013f80000-7da014000000 rw-p 00000000 00:00 0 
7da014000000-7da014021000 rw-p 00000000 00:00 0 
7da014021000-7da018000000 ---p 00000000 00:00 0 
7da018e1c000-7da019100000 rw-p 00000000 00:00 0 
7da019100000-7da019104000 ---p 00000000 00:00 0 
7da019104000-7da019200000 rw-p 00000000 00:00 0 
7da019200000-7da019204000 ---p 00000000 00:00 0 
7da019204000-7da019300000 rw-p 00000000 00:00 0 
7da019300000-7da019304000 ---p 00000000 00:00 0 
7da019304000-7da019400000 rw-p 00000000 00:00 0 
7da019400000-7da019404000 ---p 00000000 00:00 0 
7da019404000-7da019500000 rw-p 00000000 00:00 0 
7da019500000-7da019504000 ---p 00000000 00:00 0 
7da019504000-7da019600000 rw-p 00000000 00:00 0 
7da019600000-7da019604000 ---p 00000000 00:00 0 
7da019604000-7da019700000 rw-p 00000000 00:00 0 
7da019700000-7da019704000 ---p 00000000 00:00 0 
7da019704000-7da019800000 rw-p 00000000 00:00 0 
7da019800000-7da019804000 ---p 00000000 00:00 0 
7da019804000-7da019900000 rw-p 00000000 00:00 0 
7da019900000-7da019904000 ---p 00000000 00:00 0 
7da019904000-7da019a00000 rw-p 00000000 00:00 0 
7da019a00000-7da019a04000 ---p 00000000 00:00 0 
7da019a04000-7da019b00000 rw-p 00000000 00:00 0 
7da019b00000-7da019b04000 ---p 00000000 00:00 0 
7da019b04000-7da019c00000 rw-p 00000000 00:00 0 
7da019c00000-7da019c04000 ---p 00000000 00:00 0 
7da019c04000-7da019d00000 rw-p 00000000 00:00 0 
7da019d00000-7da019d04000 ---p 00000000 00:00 0 
7da019d04000-7da019e00000 rw-p 00000000 00:00 0 
7da019e00000-7da019e04000 ---p 00000000 00:00 0 
7da019e04000-7da019f00000 rw-p 00000000 00:00 0 
7da019f00000-7da019f04000 ---p 00000000 00:00 0 
7da019f04000-7da01a000000 rw-p 00000000 00:00 0 
7da01a000000-7da01a004000 ---p 00000000 00:00 0 
7da01a004000-7da01a100000 rw-p 00000000 00:00 0 
7da01a100000-7da01a104000 ---p 00000000 00:00 0 
7da01a104000-7da01a200000 rw-p 00000000 00:00 0 
7da01a200000-7da01a204000 ---p 00000000 00:00 0 
7da01a204000-7da01a300000 rw-p 00000000 00:00 0 
7da01a300000-7da01a304000 ---p 00000000 00:00 0 
7da01a304000-7da01a400000 rw-p 00000000 00:00 0 
7da01a400000-7da01a404000 ---p 00000000 00:00 0 
7da01a404000-7da01a500000 rw-p 00000000 00:00 0 
7da01a500000-7da01a504000 ---p 00000000 00:00 0 
7da01a504000-7da01a600000 rw-p 00000000 00:00 0 
7da01a600000-7da01a604000 ---p 00000000 00:00 0 
7da01a604000-7da01a700000 rw-p 00000000 00:00 0 
7da01a700000-7da01a704000 ---p 00000000 00:00 0 
7da01a704000-7da01a800000 rw-p 00000000 00:00 0 
7da01a800000-7da01a804000 ---p 00000000 00:00 0 
7da01a804000-7da01a900000 rw-p 00000000 00:00 0 
7da01a900000-7da01a904000 ---p 00000000 00:00 0 
7da01a904000-7da01aa00000 rw-p 00000000 00:00 0 
7da01aa00000-7da01aa04000 ---p 00000000 00:00 0 
7da01aa04000-7da01ab00000 rw-p 00000000 00:00 0 
7da01ab00000-7da01ab04000 ---p 00000000 00:00 0 
7da01ab04000-7da01ac00000 rw-p 00000000 00:00 0 
7da01ac00000-7da01ac04000 ---p 00000000 00:00 0 
7da01ac04000-7da01ad00000 rw-p 00000000 00:00 0 
7da01ad00000-7da01ad04000 ---p 00000000 00:00 0 
7da01ad04000-7da01ae00000 rw-p 00000000 00:00 0 
7da01ae00000-7da01ae04000 ---p 00000000 00:00 0 
7da01ae04000-7da01af00000 rw-p 00000000 00:00 0 
7da01af00000-7da01af04000 ---p 00000000 00:00 0 
7da01af04000-7da01b000000 rw-p 00000000 00:00 0 
7da01b000000-7da01bc9c000 rw-p 00001000 08:03 21778994                   /usr/lib/jvm/java-21-openjdk-amd64/lib/server/classes.jsa
7da01bc9c000-7da01c000000 ---p 00000000 00:00 0 
7da01c000000-7da01c040000 rw-p 00000000 00:00 0 
7da01c040000-7da01c0c0000 rw-p 00000000 00:00 0 
7da01c0c0000-7da01c100000 rw-p 00000000 00:00 0 
7da01c100000-7da01c1e0000 rw-p 00000000 00:00 0 
7da01c1e0000-7da01c200000 rw-p 00000000 00:00 0 
7da01c200000-7da01c340000 rw-p 00000000 00:00 0 
7da01c340000-7da01c380000 rw-p 00000000 00:00 0 
7da01c380000-7da01c440000 rw-p 00000000 00:00 0 
7da01c440000-7da01c480000 rw-p 00000000 00:00 0 
7da01c480000-7da01c540000 rw-p 00000000 00:00 0 
7da01c540000-7da01c580000 rw-p 00000000 00:00 0 
7da01c580000-7da01c740000 rw-p 00000000 00:00 0 
7da01c740000-7da01c760000 rw-p 00000000 00:00 0 
7da01c760000-7da01c780000 ---p 00000000 00:00 0 
7da01c780000-7da01c9d0000 rw-p 00000000 00:00 0 
7da01c9d0000-7da05c000000 ---p 00000000 00:00 0 
7da05c000000-7da05c4b1000 rw-p 00000000 00:00 0 
7da05c4b1000-7da060000000 ---p 00000000 00:00 0 
7da060000000-7da06005a000 rw-p 00000000 00:00 0 
7da06005a000-7da064000000 ---p 00000000 00:00 0 
7da064000000-7da064042000 rw-p 00000000 00:00 0 
7da064042000-7da068000000 ---p 00000000 00:00 0 
7da068000000-7da0681cd000 rw-p 00000000 00:00 0 
7da0681cd000-7da06c000000 ---p 00000000 00:00 0 
7da06c000000-7da06c097000 rw-p 00000000 00:00 0 
7da06c097000-7da070000000 ---p 00000000 00:00 0 
7da0700fd000-7da070101000 ---p 00000000 00:00 0 
7da070101000-7da0701fd000 rw-p 00000000 00:00 0 
7da0701fd000-7da070201000 ---p 00000000 00:00 0 
7da070201000-7da0702fd000 rw-p 00000000 00:00 0 
7da0702fd000-7da070301000 ---p 00000000 00:00 0 
7da070301000-7da0703fd000 rw-p 00000000 00:00 0 
7da0703fd000-7da0703fe000 ---p 00000000 00:00 0 
7da0703fe000-7da0704fe000 rw-p 00000000 00:00 0 
7da0704fe000-7da0704ff000 ---p 00000000 00:00 0 
7da0704ff000-7da0705ff000 rw-p 00000000 00:00 0 
7da0705ff000-7da070600000 ---p 00000000 00:00 0 
7da070600000-7da070700000 rw-p 00000000 00:00 0 
7da070700000-7da070704000 ---p 00000000 00:00 0 
7da070704000-7da070800000 rw-p 00000000 00:00 0 
7da070800000-7da070804000 ---p 00000000 00:00 0 
7da070804000-7da070900000 rw-p 00000000 00:00 0 
7da070900000-7da070904000 ---p 00000000 00:00 0 
7da070904000-7da070a00000 rw-p 00000000 00:00 0 
7da070a00000-7da070a04000 ---p 00000000 00:00 0 
7da070a04000-7da070b00000 rw-p 00000000 00:00 0 
7da070b00000-7da070b04000 ---p 00000000 00:00 0 
7da070b04000-7da070c00000 rw-p 00000000 00:00 0 
7da070c00000-7da070c04000 ---p 00000000 00:00 0 
7da070c04000-7da070d00000 rw-p 00000000 00:00 0 
7da070d00000-7da070d04000 ---p 00000000 00:00 0 
7da070d04000-7da070e00000 rw-p 00000000 00:00 0 
7da070e00000-7da070e04000 ---p 00000000 00:00 0 
7da070e04000-7da070f00000 rw-p 00000000 00:00 0 
7da070f00000-7da070f04000 ---p 00000000 00:00 0 
7da070f04000-7da071000000 rw-p 00000000 00:00 0 
7da071000000-7da0717f0000 r--p 00000000 08:03 19530507                   /usr/lib/locale/locale-archive
7da071800000-7da073a34000 rw-p 00000000 00:00 0 
7da073a34000-7da0747f0000 ---p 00000000 00:00 0 
7da0747f0000-7da074800000 rw-p 00000000 00:00 0 
7da074800000-7da0761e0000 rwxp 00000000 00:00 0 
7da0761e0000-7da07bd37000 ---p 00000000 00:00 0 
7da07bd37000-7da07bfa7000 rwxp 00000000 00:00 0 
7da07bfa7000-7da07c2c8000 ---p 00000000 00:00 0 
7da07c2c8000-7da07cb38000 rwxp 00000000 00:00 0 
7da07cb38000-7da083800000 ---p 00000000 00:00 0 
7da083800000-7da08be51000 r--s 00000000 08:03 21778993                   /usr/lib/jvm/java-21-openjdk-amd64/lib/modules
7da08bede000-7da08bee2000 ---p 00000000 00:00 0 
7da08bee2000-7da08bf00000 rw-p 00000000 00:00 0 
7da08bf00000-7da08bf04000 ---p 00000000 00:00 0 
7da08bf04000-7da08c000000 rw-p 00000000 00:00 0 
7da08c000000-7da08c55f000 rw-p 00000000 00:00 0 
7da08c55f000-7da090000000 ---p 00000000 00:00 0 
7da09000b000-7da09000c000 r--p 00000000 08:03 21778963                   /usr/lib/jvm/java-21-openjdk-amd64/lib/libextnet.so
7da09000c000-7da09000d000 r-xp 00001000 08:03 21778963                   /usr/lib/jvm/java-21-openjdk-amd64/lib/libextnet.so
7da09000d000-7da09000e000 r--p 00002000 08:03 21778963                   /usr/lib/jvm/java-21-openjdk-amd64/lib/libextnet.so
7da09000e000-7da09000f000 r--p 00002000 08:03 21778963                   /usr/lib/jvm/java-21-openjdk-amd64/lib/libextnet.so
7da09000f000-7da090010000 rw-p 00003000 08:03 21778963                   /usr/lib/jvm/java-21-openjdk-amd64/lib/libextnet.so
7da090010000-7da090014000 r--p 00000000 08:03 17046326                   /home/dan/.config/Code/User/globalStorage/redhat.java/1.55.0/config_linux/org.eclipse.equinox.launcher/org.eclipse.equinox.launcher.gtk.linux.x86_64_1.2.1600.v20260613-0559/eclipse_11924.so
7da090014000-7da09001e000 r-xp 00004000 08:03 17046326                   /home/dan/.config/Code/User/globalStorage/redhat.java/1.55.0/config_linux/org.eclipse.equinox.launcher/org.eclipse.equinox.launcher.gtk.linux.x86_64_1.2.1600.v20260613-0559/eclipse_11924.so
7da09001e000-7da090021000 r--p 0000e000 08:03 17046326                   /home/dan/.config/Code/User/globalStorage/redhat.java/1.55.0/config_linux/org.eclipse.equinox.launcher/org.eclipse.equinox.launcher.gtk.linux.x86_64_1.2.1600.v20260613-0559/eclipse_11924.so
7da090021000-7da090022000 r--p 00010000 08:03 17046326                   /home/dan/.config/Code/User/globalStorage/redhat.java/1.55.0/config_linux/org.eclipse.equinox.launcher/org.eclipse.equinox.launcher.gtk.linux.x86_64_1.2.1600.v20260613-0559/eclipse_11924.so
7da090022000-7da090023000 rw-p 00011000 08:03 17046326                   /home/dan/.config/Code/User/globalStorage/redhat.java/1.55.0/config_linux/org.eclipse.equinox.launcher/org.eclipse.equinox.launcher.gtk.linux.x86_64_1.2.1600.v20260613-0559/eclipse_11924.so
7da090023000-7da090024000 rw-p 00000000 00:00 0 
7da090024000-7da090029000 r--p 00000000 08:03 21778977                   /usr/lib/jvm/java-21-openjdk-amd64/lib/libjsvml.so
7da090029000-7da09006a000 r-xp 00005000 08:03 21778977                   /usr/lib/jvm/java-21-openjdk-amd64/lib/libjsvml.so
7da09006a000-7da0900f3000 r--p 00046000 08:03 21778977                   /usr/lib/jvm/java-21-openjdk-amd64/lib/libjsvml.so
7da0900f3000-7da0900f4000 r--p 000ce000 08:03 21778977                   /usr/lib/jvm/java-21-openjdk-amd64/lib/libjsvml.so
7da0900f4000-7da0900f5000 rw-p 000cf000 08:03 21778977                   /usr/lib/jvm/java-21-openjdk-amd64/lib/libjsvml.so
7da0900f5000-7da0900f6000 ---p 00000000 00:00 0 
7da0900f6000-7da0901f6000 rw-p 00000000 00:00 0 
7da0901f6000-7da0901f7000 ---p 00000000 00:00 0 
7da0901f7000-7da0902f7000 rw-p 00000000 00:00 0 
7da0902f7000-7da0902f8000 ---p 00000000 00:00 0 
7da0902f8000-7da0903f8000 rw-p 00000000 00:00 0 
7da0903f8000-7da0903f9000 ---p 00000000 00:00 0 
7da0903f9000-7da0904f9000 rw-p 00000000 00:00 0 
7da0904f9000-7da0908fd000 rw-p 00000000 00:00 0 
7da0908fd000-7da0908fe000 ---p 00000000 00:00 0 
7da0908fe000-7da0909fe000 rw-p 00000000 00:00 0 
7da0909fe000-7da0909ff000 ---p 00000000 00:00 0 
7da0909ff000-7da090aff000 rw-p 00000000 00:00 0 
7da090aff000-7da090b00000 ---p 00000000 00:00 0 
7da090b00000-7da090c00000 rw-p 00000000 00:00 0 
7da090c00000-7da090c47000 rw-p 00000000 00:00 0 
7da090c47000-7da090dfe000 ---p 00000000 00:00 0 
7da090dfe000-7da090e47000 rw-p 00000000 00:00 0 
7da090e47000-7da090ffe000 ---p 00000000 00:00 0 
7da090ffe000-7da091000000 rw-p 00000000 00:00 0 
7da091002000-7da091026000 r--p 00000000 08:03 20982075                   /usr/share/locale-langpack/pt_BR/LC_MESSAGES/libc.mo
7da091026000-7da09143b000 rw-p 00000000 00:00 0 
7da09143b000-7da091515000 ---p 00000000 00:00 0 
7da091515000-7da091549000 rw-p 00000000 00:00 0 
7da091549000-7da091600000 ---p 00000000 00:00 0 
7da091600000-7da09169d000 r--p 00000000 08:03 19532135                   /usr/lib/x86_64-linux-gnu/libstdc++.so.6.0.33
7da09169d000-7da0917e5000 r-xp 0009d000 08:03 19532135                   /usr/lib/x86_64-linux-gnu/libstdc++.so.6.0.33
7da0917e5000-7da09186c000 r--p 001e5000 08:03 19532135                   /usr/lib/x86_64-linux-gnu/libstdc++.so.6.0.33
7da09186c000-7da091877000 r--p 0026b000 08:03 19532135                   /usr/lib/x86_64-linux-gnu/libstdc++.so.6.0.33
7da091877000-7da09187a000 rw-p 00276000 08:03 19532135                   /usr/lib/x86_64-linux-gnu/libstdc++.so.6.0.33
7da09187a000-7da09187e000 rw-p 00000000 00:00 0 
7da09187f000-7da091900000 rw-p 00000000 00:00 0 
7da091900000-7da091904000 ---p 00000000 00:00 0 
7da091904000-7da091a00000 rw-p 00000000 00:00 0 
7da091a00000-7da091ca2000 r--p 00000000 08:03 21778997                   /usr/lib/jvm/java-21-openjdk-amd64/lib/server/libjvm.so
7da091ca2000-7da092b19000 r-xp 002a2000 08:03 21778997                   /usr/lib/jvm/java-21-openjdk-amd64/lib/server/libjvm.so
7da092b19000-7da092df4000 r--p 01119000 08:03 21778997                   /usr/lib/jvm/java-21-openjdk-amd64/lib/server/libjvm.so
7da092df4000-7da092ec8000 r--p 013f3000 08:03 21778997                   /usr/lib/jvm/java-21-openjdk-amd64/lib/server/libjvm.so
7da092ec8000-7da092ef8000 rw-p 014c7000 08:03 21778997                   /usr/lib/jvm/java-21-openjdk-amd64/lib/server/libjvm.so
7da092ef8000-7da092f5e000 rw-p 00000000 00:00 0 
7da092f60000-7da092f61000 r--p 00000000 08:03 19544728                   /usr/lib/x86_64-linux-gnu/libnss_mdns4_minimal.so.2
7da092f61000-7da092f63000 r-xp 00001000 08:03 19544728                   /usr/lib/x86_64-linux-gnu/libnss_mdns4_minimal.so.2
7da092f63000-7da092f64000 r--p 00003000 08:03 19544728                   /usr/lib/x86_64-linux-gnu/libnss_mdns4_minimal.so.2
7da092f64000-7da092f65000 r--p 00003000 08:03 19544728                   /usr/lib/x86_64-linux-gnu/libnss_mdns4_minimal.so.2
7da092f65000-7da092f66000 rw-p 00004000 08:03 19544728                   /usr/lib/x86_64-linux-gnu/libnss_mdns4_minimal.so.2
7da092f66000-7da092f67000 r--p 00000000 08:03 19530192                   /usr/lib/x86_64-linux-gnu/libdl.so.2
7da092f67000-7da092f68000 r-xp 00001000 08:03 19530192                   /usr/lib/x86_64-linux-gnu/libdl.so.2
7da092f68000-7da092f69000 r--p 00002000 08:03 19530192                   /usr/lib/x86_64-linux-gnu/libdl.so.2
7da092f69000-7da092f6a000 r--p 00002000 08:03 19530192                   /usr/lib/x86_64-linux-gnu/libdl.so.2
7da092f6a000-7da092f6b000 rw-p 00003000 08:03 19530192                   /usr/lib/x86_64-linux-gnu/libdl.so.2
7da092f6b000-7da092f6c000 r--p 00000000 08:03 19530555                   /usr/lib/x86_64-linux-gnu/libpthread.so.0
7da092f6c000-7da092f6d000 r-xp 00001000 08:03 19530555                   /usr/lib/x86_64-linux-gnu/libpthread.so.0
7da092f6d000-7da092f6e000 r--p 00002000 08:03 19530555                   /usr/lib/x86_64-linux-gnu/libpthread.so.0
7da092f6e000-7da092f6f000 r--p 00002000 08:03 19530555                   /usr/lib/x86_64-linux-gnu/libpthread.so.0
7da092f6f000-7da092f70000 rw-p 00003000 08:03 19530555                   /usr/lib/x86_64-linux-gnu/libpthread.so.0
7da092f70000-7da092f74000 r--p 00000000 08:03 21778991                   /usr/lib/jvm/java-21-openjdk-amd64/lib/libverify.so
7da092f74000-7da092f7b000 r-xp 00004000 08:03 21778991                   /usr/lib/jvm/java-21-openjdk-amd64/lib/libverify.so
7da092f7b000-7da092f7d000 r--p 0000b000 08:03 21778991                   /usr/lib/jvm/java-21-openjdk-amd64/lib/libverify.so
7da092f7d000-7da092f7f000 r--p 0000c000 08:03 21778991                   /usr/lib/jvm/java-21-openjdk-amd64/lib/libverify.so
7da092f7f000-7da092f80000 rw-p 0000e000 08:03 21778991                   /usr/lib/jvm/java-21-openjdk-amd64/lib/libverify.so
7da092f80000-7da092f83000 r--p 00000000 08:03 21778984                   /usr/lib/jvm/java-21-openjdk-amd64/lib/libnet.so
7da092f83000-7da092f8b000 r-xp 00003000 08:03 21778984                   /usr/lib/jvm/java-21-openjdk-amd64/lib/libnet.so
7da092f8b000-7da092f8d000 r--p 0000b000 08:03 21778984                   /usr/lib/jvm/java-21-openjdk-amd64/lib/libnet.so
7da092f8d000-7da092f8e000 r--p 0000c000 08:03 21778984                   /usr/lib/jvm/java-21-openjdk-amd64/lib/libnet.so
7da092f8e000-7da092f8f000 rw-p 0000d000 08:03 21778984                   /usr/lib/jvm/java-21-openjdk-amd64/lib/libnet.so
7da092f8f000-7da092f96000 r--p 00000000 08:03 21778985                   /usr/lib/jvm/java-21-openjdk-amd64/lib/libnio.so
7da092f96000-7da092f9f000 r-xp 00007000 08:03 21778985                   /usr/lib/jvm/java-21-openjdk-amd64/lib/libnio.so
7da092f9f000-7da092fa3000 r--p 00010000 08:03 21778985                   /usr/lib/jvm/java-21-openjdk-amd64/lib/libnio.so
7da092fa3000-7da092fa4000 r--p 00014000 08:03 21778985                   /usr/lib/jvm/java-21-openjdk-amd64/lib/libnio.so
7da092fa4000-7da092fa5000 rw-p 00015000 08:03 21778985                   /usr/lib/jvm/java-21-openjdk-amd64/lib/libnio.so
7da092fa5000-7da093000000 rw-p 00000000 00:00 0 
7da093000000-7da093028000 r--p 00000000 08:03 19530058                   /usr/lib/x86_64-linux-gnu/libc.so.6
7da093028000-7da0931b0000 r-xp 00028000 08:03 19530058                   /usr/lib/x86_64-linux-gnu/libc.so.6
7da0931b0000-7da0931ff000 r--p 001b0000 08:03 19530058                   /usr/lib/x86_64-linux-gnu/libc.so.6
7da0931ff000-7da093203000 r--p 001fe000 08:03 19530058                   /usr/lib/x86_64-linux-gnu/libc.so.6
7da093203000-7da093205000 rw-p 00202000 08:03 19530058                   /usr/lib/x86_64-linux-gnu/libc.so.6
7da093205000-7da093212000 rw-p 00000000 00:00 0 
7da093212000-7da093219000 r--s 00000000 08:03 19679675                   /usr/lib/x86_64-linux-gnu/gconv/gconv-modules.cache
7da093219000-7da09321b000 r--p 00000000 08:03 21778992                   /usr/lib/jvm/java-21-openjdk-amd64/lib/libzip.so
7da09321b000-7da093220000 r-xp 00002000 08:03 21778992                   /usr/lib/jvm/java-21-openjdk-amd64/lib/libzip.so
7da093220000-7da093222000 r--p 00007000 08:03 21778992                   /usr/lib/jvm/java-21-openjdk-amd64/lib/libzip.so
7da093222000-7da093223000 r--p 00008000 08:03 21778992                   /usr/lib/jvm/java-21-openjdk-amd64/lib/libzip.so
7da093223000-7da093224000 rw-p 00009000 08:03 21778992                   /usr/lib/jvm/java-21-openjdk-amd64/lib/libzip.so
7da093224000-7da09328d000 rw-p 00000000 00:00 0 
7da09328d000-7da093294000 ---p 00000000 00:00 0 
7da093294000-7da0932a1000 r--p 00000000 08:03 21778970                   /usr/lib/jvm/java-21-openjdk-amd64/lib/libjava.so
7da0932a1000-7da0932b0000 r-xp 0000d000 08:03 21778970                   /usr/lib/jvm/java-21-openjdk-amd64/lib/libjava.so
7da0932b0000-7da0932b5000 r--p 0001c000 08:03 21778970                   /usr/lib/jvm/java-21-openjdk-amd64/lib/libjava.so
7da0932b5000-7da0932b6000 r--p 00021000 08:03 21778970                   /usr/lib/jvm/java-21-openjdk-amd64/lib/libjava.so
7da0932b6000-7da0932b7000 rw-p 00022000 08:03 21778970                   /usr/lib/jvm/java-21-openjdk-amd64/lib/libjava.so
7da0932b7000-7da0932b8000 rw-p 00000000 00:00 0 
7da0932b8000-7da0932ba000 r--p 00000000 08:03 21778965                   /usr/lib/jvm/java-21-openjdk-amd64/lib/libinstrument.so
7da0932ba000-7da0932c0000 r-xp 00002000 08:03 21778965                   /usr/lib/jvm/java-21-openjdk-amd64/lib/libinstrument.so
7da0932c0000-7da0932c3000 r--p 00008000 08:03 21778965                   /usr/lib/jvm/java-21-openjdk-amd64/lib/libinstrument.so
7da0932c3000-7da0932c4000 r--p 0000a000 08:03 21778965                   /usr/lib/jvm/java-21-openjdk-amd64/lib/libinstrument.so
7da0932c4000-7da0932c5000 rw-p 0000b000 08:03 21778965                   /usr/lib/jvm/java-21-openjdk-amd64/lib/libinstrument.so
7da0932c5000-7da0932c9000 r--p 00000000 08:03 19532130                   /usr/lib/x86_64-linux-gnu/libgcc_s.so.1
7da0932c9000-7da0932ed000 r-xp 00004000 08:03 19532130                   /usr/lib/x86_64-linux-gnu/libgcc_s.so.1
7da0932ed000-7da0932f1000 r--p 00028000 08:03 19532130                   /usr/lib/x86_64-linux-gnu/libgcc_s.so.1
7da0932f1000-7da0932f2000 r--p 0002b000 08:03 19532130                   /usr/lib/x86_64-linux-gnu/libgcc_s.so.1
7da0932f2000-7da0932f3000 rw-p 0002c000 08:03 19532130                   /usr/lib/x86_64-linux-gnu/libgcc_s.so.1
7da0932f3000-7da093303000 r--p 00000000 08:03 19530215                   /usr/lib/x86_64-linux-gnu/libm.so.6
7da093303000-7da093382000 r-xp 00010000 08:03 19530215                   /usr/lib/x86_64-linux-gnu/libm.so.6
7da093382000-7da0933da000 r--p 0008f000 08:03 19530215                   /usr/lib/x86_64-linux-gnu/libm.so.6
7da0933da000-7da0933db000 r--p 000e7000 08:03 19530215                   /usr/lib/x86_64-linux-gnu/libm.so.6
7da0933db000-7da0933dc000 rw-p 000e8000 08:03 19530215                   /usr/lib/x86_64-linux-gnu/libm.so.6
7da0933dc000-7da0933de000 rw-p 00000000 00:00 0 
7da0933de000-7da0933e0000 r--p 00000000 08:03 21778974                   /usr/lib/jvm/java-21-openjdk-amd64/lib/libjli.so
7da0933e0000-7da0933ea000 r-xp 00002000 08:03 21778974                   /usr/lib/jvm/java-21-openjdk-amd64/lib/libjli.so
7da0933ea000-7da0933ed000 r--p 0000c000 08:03 21778974                   /usr/lib/jvm/java-21-openjdk-amd64/lib/libjli.so
7da0933ed000-7da0933ee000 r--p 0000f000 08:03 21778974                   /usr/lib/jvm/java-21-openjdk-amd64/lib/libjli.so
7da0933ee000-7da0933ef000 rw-p 00010000 08:03 21778974                   /usr/lib/jvm/java-21-openjdk-amd64/lib/libjli.so
7da0933ef000-7da0933f1000 r--p 00000000 08:03 19545410                   /usr/lib/x86_64-linux-gnu/libz.so.1.3
7da0933f1000-7da093403000 r-xp 00002000 08:03 19545410                   /usr/lib/x86_64-linux-gnu/libz.so.1.3
7da093403000-7da093409000 r--p 00014000 08:03 19545410                   /usr/lib/x86_64-linux-gnu/libz.so.1.3
7da093409000-7da09340a000 r--p 0001a000 08:03 19545410                   /usr/lib/x86_64-linux-gnu/libz.so.1.3
7da09340a000-7da09340b000 rw-p 0001b000 08:03 19545410                   /usr/lib/x86_64-linux-gnu/libz.so.1.3
7da09340b000-7da093413000 rw-s 00000000 08:03 28311586                   /tmp/hsperfdata_dan/27322
7da093413000-7da093414000 ---p 00000000 00:00 0 
7da093414000-7da093415000 r--p 00000000 00:00 0 
7da093415000-7da093416000 ---p 00000000 00:00 0 
7da093416000-7da093418000 r--p 00000000 08:03 21778973                   /usr/lib/jvm/java-21-openjdk-amd64/lib/libjimage.so
7da093418000-7da09341b000 r-xp 00002000 08:03 21778973                   /usr/lib/jvm/java-21-openjdk-amd64/lib/libjimage.so
7da09341b000-7da09341c000 r--p 00005000 08:03 21778973                   /usr/lib/jvm/java-21-openjdk-amd64/lib/libjimage.so
7da09341c000-7da09341d000 r--p 00006000 08:03 21778973                   /usr/lib/jvm/java-21-openjdk-amd64/lib/libjimage.so
7da09341d000-7da09341e000 rw-p 00007000 08:03 21778973                   /usr/lib/jvm/java-21-openjdk-amd64/lib/libjimage.so
7da09341e000-7da093420000 rw-p 00000000 00:00 0 
7da093420000-7da093424000 r--p 00000000 00:00 0                          [vvar]
7da093424000-7da093426000 r--p 00000000 00:00 0                          [vvar_vclock]
7da093426000-7da093428000 r-xp 00000000 00:00 0                          [vdso]
7da093428000-7da093429000 r--p 00000000 08:03 19529759                   /usr/lib/x86_64-linux-gnu/ld-linux-x86-64.so.2
7da093429000-7da093454000 r-xp 00001000 08:03 19529759                   /usr/lib/x86_64-linux-gnu/ld-linux-x86-64.so.2
7da093454000-7da09345e000 r--p 0002c000 08:03 19529759                   /usr/lib/x86_64-linux-gnu/ld-linux-x86-64.so.2
7da09345e000-7da093460000 r--p 00036000 08:03 19529759                   /usr/lib/x86_64-linux-gnu/ld-linux-x86-64.so.2
7da093460000-7da093462000 rw-p 00038000 08:03 19529759                   /usr/lib/x86_64-linux-gnu/ld-linux-x86-64.so.2
7ffffa7b1000-7ffffa7d3000 rw-p 00000000 00:00 0                          [stack]
ffffffffff600000-ffffffffff601000 --xp 00000000 00:00 0                  [vsyscall]
Total number of mappings: 384

JVMTI agents:
/home/dan/.vscode/extensions/redhat.java-1.55.0-linux-x64/lombok/lombok-1.18.39-4050.jar path:none, loaded, initialized, instrumentlib options:none


VM Arguments:
jvm_args: --add-modules=ALL-SYSTEM --add-opens=java.base/java.util=ALL-UNNAMED --add-opens=java.base/java.lang=ALL-UNNAMED --add-opens=java.base/sun.nio.fs=ALL-UNNAMED -Declipse.application=org.eclipse.jdt.ls.core.id1 -Dosgi.bundles.defaultStartLevel=4 -Declipse.product=org.eclipse.jdt.ls.core.product -Djava.import.generatesMetadataFilesAtProjectRoot=false -DDetectVMInstallationsJob.disabled=true -Dfile.encoding=utf8 -Xlog:disable -Xmx1G -javaagent:/home/dan/.vscode/extensions/redhat.java-1.55.0-linux-x64/lombok/lombok-1.18.39-4050.jar -XX:+HeapDumpOnOutOfMemoryError -XX:HeapDumpPath=/home/dan/.config/Code/User/workspaceStorage/3e564cfedea14a04fad4b011b1314378/redhat.java -Daether.dependencyCollector.impl=bf 
java_command: /home/dan/.vscode/extensions/redhat.java-1.55.0-linux-x64/server/plugins/org.eclipse.equinox.launcher_1.7.200.v20260619-2039.jar -configuration /home/dan/.config/Code/User/globalStorage/redhat.java/1.55.0/config_linux -data /home/dan/.config/Code/User/workspaceStorage/3e564cfedea14a04fad4b011b1314378/redhat.java/jdt_ws --pipe=/run/user/1000/lsp-7f96531c896a3dba0794ad70b1d7f17b.sock
java_class_path (initial): /home/dan/.vscode/extensions/redhat.java-1.55.0-linux-x64/server/plugins/org.eclipse.equinox.launcher_1.7.200.v20260619-2039.jar
Launcher Type: SUN_STANDARD

[Global flags]
     intx CICompilerCount                          = 3                                         {product} {ergonomic}
     uint ConcGCThreads                            = 1                                         {product} {ergonomic}
     uint G1ConcRefinementThreads                  = 4                                         {product} {ergonomic}
   size_t G1HeapRegionSize                         = 1048576                                   {product} {ergonomic}
    uintx GCDrainStackTargetSize                   = 64                                        {product} {ergonomic}
     bool HeapDumpOnOutOfMemoryError               = true                                   {manageable} {command line}
    ccstr HeapDumpPath                             = /home/dan/.config/Code/User/workspaceStorage/3e564cfedea14a04fad4b011b1314378/redhat.java         {manageable} {command line}
   size_t InitialHeapSize                          = 130023424                                 {product} {ergonomic}
   size_t MarkStackSize                            = 4194304                                   {product} {ergonomic}
   size_t MaxHeapSize                              = 1073741824                                {product} {command line}
   size_t MaxNewSize                               = 643825664                                 {product} {ergonomic}
   size_t MinHeapDeltaBytes                        = 1048576                                   {product} {ergonomic}
   size_t MinHeapSize                              = 8388608                                   {product} {ergonomic}
    uintx NonNMethodCodeHeapSize                   = 5832780                                {pd product} {ergonomic}
    uintx NonProfiledCodeHeapSize                  = 122912730                              {pd product} {ergonomic}
    uintx ProfiledCodeHeapSize                     = 122912730                              {pd product} {ergonomic}
    uintx ReservedCodeCacheSize                    = 251658240                              {pd product} {ergonomic}
     bool SegmentedCodeCache                       = true                                      {product} {ergonomic}
   size_t SoftMaxHeapSize                          = 1073741824                             {manageable} {ergonomic}
     bool UseCompressedOops                        = true                           {product lp64_product} {ergonomic}
     bool UseG1GC                                  = true                                      {product} {ergonomic}

Logging:
Log output configuration:
 #0: stdout all=off uptime,level,tags foldmultilines=false
 #1: stderr all=off uptime,level,tags foldmultilines=false

Release file:
IMPLEMENTOR="Ubuntu"
JAVA_RUNTIME_VERSION="21.0.11+10-1-24.04.2-Ubuntu"
JAVA_VERSION="21.0.11"
JAVA_VERSION_DATE="2026-04-21"
LIBC="gnu"
MODULES="java.base java.compiler java.datatransfer java.xml java.prefs java.desktop java.instrument java.logging java.management java.security.sasl java.naming java.rmi java.management.rmi java.net.http java.scripting java.security.jgss java.transaction.xa java.sql java.sql.rowset java.xml.crypto java.se java.smartcardio jdk.accessibility jdk.internal.jvmstat jdk.attach jdk.charsets jdk.internal.opt jdk.zipfs jdk.compiler jdk.crypto.ec jdk.crypto.cryptoki jdk.dynalink jdk.internal.ed jdk.editpad jdk.hotspot.agent jdk.httpserver jdk.incubator.vector jdk.internal.le jdk.internal.vm.ci jdk.internal.vm.compiler jdk.internal.vm.compiler.management jdk.jartool jdk.javadoc jdk.jcmd jdk.management jdk.management.agent jdk.jconsole jdk.jdeps jdk.jdwp.agent jdk.jdi jdk.jfr jdk.jlink jdk.jpackage jdk.jshell jdk.jsobject jdk.jstatd jdk.localedata jdk.management.jfr jdk.naming.dns jdk.naming.rmi jdk.net jdk.nio.mapmode jdk.random jdk.sctp jdk.security.auth jdk.security.jgss jdk.unsupported jdk.unsupported.desktop jdk.xml.dom"
OS_ARCH="x86_64"
OS_NAME="Linux"
SOURCE=""

Environment Variables:
PATH=/home/dan/.local/bin:/home/dan/.local/bin:/usr/local/sbin:/usr/local/bin:/usr/sbin:/usr/bin:/sbin:/bin:/usr/games:/usr/local/games:/snap/bin
SHELL=/bin/bash
DISPLAY=:0
LANG=pt_BR.UTF-8
LC_NUMERIC=es_AR.UTF-8

Active Locale:
LC_ALL=LC_CTYPE=pt_BR.UTF-8;LC_NUMERIC=es_AR.UTF-8;LC_TIME=pt_BR.UTF-8;LC_COLLATE=pt_BR.UTF-8;LC_MONETARY=es_AR.UTF-8;LC_MESSAGES=pt_BR.UTF-8;LC_PAPER=es_AR.UTF-8;LC_NAME=es_AR.UTF-8;LC_ADDRESS=es_AR.UTF-8;LC_TELEPHONE=es_AR.UTF-8;LC_MEASUREMENT=es_AR.UTF-8;LC_IDENTIFICATION=es_AR.UTF-8
LC_COLLATE=pt_BR.UTF-8
LC_CTYPE=pt_BR.UTF-8
LC_MESSAGES=pt_BR.UTF-8
LC_MONETARY=es_AR.UTF-8
LC_NUMERIC=es_AR.UTF-8
LC_TIME=pt_BR.UTF-8

Signal Handlers:
   SIGSEGV: crash_handler in libjvm.so, mask=11100100010111111101111111111110, flags=SA_RESTART|SA_SIGINFO, unblocked
    SIGBUS: crash_handler in libjvm.so, mask=11100100010111111101111111111110, flags=SA_RESTART|SA_SIGINFO, unblocked
    SIGFPE: crash_handler in libjvm.so, mask=11100100010111111101111111111110, flags=SA_RESTART|SA_SIGINFO, unblocked
   SIGPIPE: javaSignalHandler in libjvm.so, mask=11100100010111111101111111111110, flags=SA_RESTART|SA_SIGINFO, blocked
   SIGXFSZ: javaSignalHandler in libjvm.so, mask=11100100010111111101111111111110, flags=SA_RESTART|SA_SIGINFO, blocked
    SIGILL: crash_handler in libjvm.so, mask=11100100010111111101111111111110, flags=SA_RESTART|SA_SIGINFO, unblocked
   SIGUSR2: SR_handler in libjvm.so, mask=00000000000000000000000000000000, flags=SA_RESTART|SA_SIGINFO, blocked
    SIGHUP: UserHandler in libjvm.so, mask=11100100010111111101111111111110, flags=SA_RESTART|SA_SIGINFO, blocked
    SIGINT: UserHandler in libjvm.so, mask=11100100010111111101111111111110, flags=SA_RESTART|SA_SIGINFO, blocked
   SIGTERM: UserHandler in libjvm.so, mask=11100100010111111101111111111110, flags=SA_RESTART|SA_SIGINFO, blocked
   SIGQUIT: UserHandler in libjvm.so, mask=11100100010111111101111111111110, flags=SA_RESTART|SA_SIGINFO, blocked
   SIGTRAP: crash_handler in libjvm.so, mask=11100100010111111101111111111110, flags=SA_RESTART|SA_SIGINFO, unblocked


Periodic native trim disabled

---------------  S Y S T E M  ---------------

OS:
DISTRIB_ID=LinuxMint
DISTRIB_RELEASE=22.3
DISTRIB_CODENAME=zena
DISTRIB_DESCRIPTION="Linux Mint 22.3 Zena"
uname: Linux 7.0.0-30-generic #30~24.04.1-Ubuntu SMP PREEMPT_DYNAMIC Fri Aug  7 13:27:52 UTC 2 x86_64
OS uptime: 0 days 5:44 hours
libc: glibc 2.39 NPTL 2.39 
rlimit (soft/hard): STACK 8192k/infinity , CORE 0k/infinity , NPROC 25918/25918 , NOFILE 1048576/1048576 , AS infinity/infinity , CPU infinity/infinity , DATA infinity/infinity , FSIZE infinity/infinity , MEMLOCK 1000960k/1000960k
load average: 5,16 6,46 5,84

/proc/meminfo:
MemTotal:        8007708 kB
MemFree:          372900 kB
MemAvailable:    3445788 kB
Buffers:           43212 kB
Cached:          3589492 kB
SwapCached:           68 kB
Active:          2770928 kB
Inactive:        4068932 kB
Active(anon):    2106536 kB
Inactive(anon):  1609916 kB
Active(file):     664392 kB
Inactive(file):  2459016 kB
Unevictable:      178256 kB
Mlocked:             296 kB
SwapTotal:       4194300 kB
SwapFree:        4194224 kB
Zswap:                 0 kB
Zswapped:              0 kB
Dirty:              2104 kB
Writeback:             0 kB
AnonPages:       3385616 kB
Mapped:           946764 kB
Shmem:            509288 kB
KReclaimable:     255048 kB
Slab:             397548 kB
SReclaimable:     255048 kB
SUnreclaim:       142500 kB
KernelStack:       18496 kB
PageTables:        52840 kB
SecPageTables:         0 kB
NFS_Unstable:          0 kB
Bounce:                0 kB
WritebackTmp:          0 kB
CommitLimit:     8198152 kB
Committed_AS:   15231324 kB
VmallocTotal:   34359738367 kB
VmallocUsed:       52804 kB
VmallocChunk:          0 kB
Percpu:             2896 kB
HardwareCorrupted:     0 kB
AnonHugePages:         0 kB
ShmemHugePages:        0 kB
ShmemPmdMapped:        0 kB
FileHugePages:     96256 kB
FilePmdMapped:         0 kB
CmaTotal:              0 kB
CmaFree:           35200 kB
Unaccepted:            0 kB
Balloon:               0 kB
HugePages_Total:       0
HugePages_Free:        0
HugePages_Rsvd:        0
HugePages_Surp:        0
Hugepagesize:       2048 kB
Hugetlb:               0 kB
DirectMap4k:      162996 kB
DirectMap2M:     8105984 kB

/sys/kernel/mm/transparent_hugepage/enabled: always [madvise] never
/sys/kernel/mm/transparent_hugepage/hpage_pmd_size: 2097152
/sys/kernel/mm/transparent_hugepage/defrag (defrag/compaction efforts parameter): always defer defer+madvise [madvise] never

Process Memory:
Virtual Size: 4971984K (peak: 4979076K)
Resident Set Size: 487996K (peak: 487996K) (anon: 452720K, file: 35276K, shmem: 0K)
Swapped out: 0K
C-Heap outstanding allocations: 78103K, retained: 96156K
glibc malloc tunables: (default)

/proc/sys/kernel/threads-max (system-wide limit on the number of threads): 51836
/proc/sys/vm/max_map_count (maximum number of memory map areas a process may have): 1048576
/proc/sys/vm/swappiness (control to define how aggressively the kernel swaps out anonymous memory): 10
/proc/sys/kernel/pid_max (system-wide limit on number of process identifiers): 4194304

container information not found.
Steal ticks since vm start: 0
Steal ticks percentage since vm start:  0,000

CPU: total 4 (initial active 4) (2 cores per cpu, 2 threads per core) family 6 model 58 stepping 9 microcode 0x21, cx8, cmov, fxsr, ht, mmx, sse, sse2, sse3, ssse3, sse4.1, sse4.2, popcnt, tsc, tscinvbit, avx, aes, erms, clmul, vzeroupper, clflush, rdtscp, f16c
CPU Model and flags from /proc/cpuinfo:
model name	: Intel(R) Core(TM) i5-3230M CPU @ 2.60GHz
flags		: fpu vme de pse tsc msr pae mce cx8 apic sep mtrr pge mca cmov pat pse36 clflush dts acpi mmx fxsr sse sse2 ss ht tm pbe syscall nx rdtscp lm constant_tsc arch_perfmon pebs bts rep_good nopl xtopology nonstop_tsc cpuid aperfmperf pni pclmulqdq dtes64 monitor ds_cpl est tm2 ssse3 cx16 xtpr pdcm pcid sse4_1 sse4_2 x2apic popcnt tsc_deadline_timer aes xsave avx f16c rdrand lahf_lm cpuid_fault epb pti ssbd ibrs ibpb stibp fsgsbase smep erms xsaveopt dtherm ida arat pln pts md_clear flush_l1d

Online cpus: 0-3
Offline cpus: 
BIOS frequency limitation: <Not Available>
Frequency switch latency (ns): 20000
Available cpu frequencies: <Not Available>
Current governor: schedutil
Core performance/turbo boost: <Not Available>

Memory: 4k page, physical 8007708k(3445788k free), swap 4194300k(4194224k free)
Page Sizes: 4k

vm_info: OpenJDK 64-Bit Server VM (21.0.11+10-1-24.04.2-Ubuntu) for linux-amd64 JRE (21.0.11+10-1-24.04.2-Ubuntu), built on 2026-04-26T09:33:23Z by "buildd" with gcc 13.3.0

END.
