#
# A fatal error has been detected by the Java Runtime Environment:
#
#  SIGSEGV (0xb) at pc=0x00007d27fbd600e3, pid=35676, tid=35799
#
# JRE version: OpenJDK Runtime Environment (21.0.11+10) (build 21.0.11+10-1-24.04.2-Ubuntu)
# Java VM: OpenJDK 64-Bit Server VM (21.0.11+10-1-24.04.2-Ubuntu, mixed mode, sharing, tiered, compressed oops, compressed class ptrs, g1 gc, linux-amd64)
# Problematic frame:
# V  [libjvm.so+0xd600e3]  PhaseChaitin::post_allocate_copy_removal()+0x643
#
# Core dump will be written. Default location: Core dumps may be processed with "/usr/lib/systemd/systemd-coredump %P %u %g %s %t 9223372036854775808 %h %d" (or dumping to /home/dan/Documentos/Estudos-Java/maratona-java/core.35676)
#
# If you would like to submit a bug report, please visit:
#   https://bugs.launchpad.net/ubuntu/+source/openjdk-21
#

---------------  S U M M A R Y ------------

Command Line: --add-modules=ALL-SYSTEM --add-opens=java.base/java.util=ALL-UNNAMED --add-opens=java.base/java.lang=ALL-UNNAMED --add-opens=java.base/sun.nio.fs=ALL-UNNAMED -Declipse.application=org.eclipse.jdt.ls.core.id1 -Dosgi.bundles.defaultStartLevel=4 -Declipse.product=org.eclipse.jdt.ls.core.product -Djava.import.generatesMetadataFilesAtProjectRoot=false -DDetectVMInstallationsJob.disabled=true -Dfile.encoding=utf8 -Xlog:disable -Xmx1G -javaagent:/home/dan/.vscode/extensions/redhat.java-1.55.0-linux-x64/lombok/lombok-1.18.39-4050.jar -XX:+HeapDumpOnOutOfMemoryError -XX:HeapDumpPath=/home/dan/.config/Code/User/workspaceStorage/3e564cfedea14a04fad4b011b1314378/redhat.java -Daether.dependencyCollector.impl=bf /home/dan/.vscode/extensions/redhat.java-1.55.0-linux-x64/server/plugins/org.eclipse.equinox.launcher_1.7.200.v20260619-2039.jar -configuration /home/dan/.config/Code/User/globalStorage/redhat.java/1.55.0/config_linux -data /home/dan/.config/Code/User/workspaceStorage/3e564cfedea14a04fad4b011b1314378/redhat.java/jdt_ws --pipe=/run/user/1000/lsp-8d7c2913b5546642f1f62fbfff6b6590.sock

Host: Intel(R) Core(TM) i5-3230M CPU @ 2.60GHz, 4 cores, 7G, Linux Mint 22.3 Zena
Time: Tue Aug 25 14:40:37 2026 -03 elapsed time: 32.145926 seconds (0d 0h 0m 32s)

---------------  T H R E A D  ---------------

Current thread (0x00007d2760139390):  JavaThread "C2 CompilerThread1" daemon [_thread_in_native, id=35799, stack(0x00007d27cc600000,0x00007d27cc700000) (1024K)]


Current CompileTask:
C2:32145 9491   !   4       org.eclipse.jdt.internal.core.search.indexing.BinaryIndexer::indexDocument (1172 bytes)

Stack: [0x00007d27cc600000,0x00007d27cc700000],  sp=0x00007d27cc6fc100,  free space=1008k
Native frames: (J=compiled Java code, j=interpreted, Vv=VM code, C=native code)
V  [libjvm.so+0xd600e3]  PhaseChaitin::post_allocate_copy_removal()+0x643
V  [libjvm.so+0x5bcda8]  PhaseChaitin::Register_Allocate()+0x9a8
V  [libjvm.so+0x667832]  Compile::Code_Gen()+0x332
V  [libjvm.so+0x66b256]  Compile::Compile(ciEnv*, ciMethod*, int, Options, DirectiveSet*)+0x1426
V  [libjvm.so+0x58e15d]  C2Compiler::compile_method(ciEnv*, ciMethod*, int, bool, DirectiveSet*)+0x19d
V  [libjvm.so+0x670ff3]  CompileBroker::invoke_compiler_on_method(CompileTask*)+0xc73
V  [libjvm.so+0x674218]  CompileBroker::compiler_thread_loop()+0x6d8
V  [libjvm.so+0x92c516]  JavaThread::thread_main_inner()+0x1e6
V  [libjvm.so+0xf90cb7]  Thread::call_run()+0xa7
V  [libjvm.so+0xd06fd5]  thread_native_entry(Thread*)+0xd5
C  [libc.so.6+0x9cb84]

siginfo: si_signo: 11 (SIGSEGV), si_code: 1 (SEGV_MAPERR), si_addr: 0x00007d27000000b1

Registers:
RAX=0x0000000000000000, RBX=0x00007d2749ed2a20, RCX=0x00007d2749dbc0a8, RDX=0x00007d2749e35560
RSP=0x00007d27cc6fc100, RBP=0x00007d27cc6fc2d0, RSI=0x00007d2700000065, RDI=0x0000000000000001
R8 =0x00007d2749dbc0a8, R9 =0x00007d27541106e0, R10=0x0000000000000262, R11=0x00007d2748f2d6b0
R12=0x00007d2749e0abb0, R13=0x00007d2749e0bc90, R14=0x0000000000000043, R15=0x00007d27cc6fc6d0
RIP=0x00007d27fbd600e3, EFLAGS=0x0000000000010246, CSGSFS=0x002b000000000033, ERR=0x0000000000000004
  TRAPNO=0x000000000000000e

XMM[0]=0x0000000000000000 0x0000000000000000
XMM[1]=0x00007d2748f2eda0 0x00007d2748d7b258
XMM[2]=0x00007d2748e33500 0x00007d276017c970
XMM[3]=0x00007d2748e33500 0x00007d276017c970
XMM[4]=0x0000000000000000 0x00007d2748000090
XMM[5]=0x00007d27614aae60 0x00007d27614aaf00
XMM[6]=0x00007d2754a025e0 0x00007d27549ffc90
XMM[7]=0x00007d27549fe370 0x00007d2754a02be0
XMM[8]=0x00007d2754a01c20 0x00007d27549fbd70
XMM[9]=0x0000000000000000 0x46293e5939a08cea
XMM[10]=0x0000000000000000 0x4376345785d8a000
XMM[11]=0x00007d27600670c0 0x00007d2760067180
XMM[12]=0x00007d2760067000 0x00007d2760066fa0
XMM[13]=0x0000000000000000 0x0000000000000000
XMM[14]=0x0000000000000000 0x0000000000000000
XMM[15]=0xcafebabecafebabe 0xcafebabecafebabe
  MXCSR=0x00001fa2


Register to memory mapping:

RAX=0x0 is null
RBX=0x00007d2749ed2a20 points into unknown readable memory: 0x0000000000000000 | 00 00 00 00 00 00 00 00
RCX=0x00007d2749dbc0a8 points into unknown readable memory: 0x00007d276015fa10 | 10 fa 15 60 27 7d 00 00
RDX=0x00007d2749e35560 points into unknown readable memory: 0x00007d2700000065 | 65 00 00 00 27 7d 00 00
RSP=0x00007d27cc6fc100 is pointing into the stack for thread: 0x00007d2760139390
RBP=0x00007d27cc6fc2d0 is pointing into the stack for thread: 0x00007d2760139390
RSI=0x00007d2700000065 is an unknown value
RDI=0x0000000000000001 is an unknown value
R8 =0x00007d2749dbc0a8 points into unknown readable memory: 0x00007d276015fa10 | 10 fa 15 60 27 7d 00 00
R9 =0x00007d27541106e0 points into unknown readable memory: 0x00007d27fc3f6f10 | 10 6f 3f fc 27 7d 00 00
R10=0x0000000000000262 is an unknown value
R11=0x00007d2748f2d6b0 points into unknown readable memory: 0x00007d276015fa10 | 10 fa 15 60 27 7d 00 00
R12=0x00007d2749e0abb0 points into unknown readable memory: 0x0000000000000000 | 00 00 00 00 00 00 00 00
R13=0x00007d2749e0bc90 points into unknown readable memory: 0x00007d2749dbc0a8 | a8 c0 db 49 27 7d 00 00
R14=0x0000000000000043 is an unknown value
R15=0x00007d27cc6fc6d0 is pointing into the stack for thread: 0x00007d2760139390

Top of Stack: (sp=0x00007d27cc6fc100)
0x00007d27cc6fc100:   0000000000293358 00007d27cc6fc1e0   X3).......o.'}..
0x00007d27cc6fc110:   00007d276015fa10 00007d2749213fb0   ...`'}...?!I'}..
0x00007d27cc6fc120:   00007d2749203fa0 00007d2749213fb0   .? I'}...?!I'}..
0x00007d27cc6fc130:   000000000000085d 0000000000000008   ]...............
0x00007d27cc6fc140:   00007d2749e37090 0000004400000043   .p.I'}..C...D...
0x00007d27cc6fc150:   00007d2749e62b00 00007d2749e0abb0   .+.I'}.....I'}..
0x00007d27cc6fc160:   00007d2749dbc0a8 00007d2748f2d6b0   ...I'}.....H'}..
0x00007d27cc6fc170:   00007d2749e374b0 00007d27cc6fc6d0   .t.I'}....o.'}..
0x00007d27cc6fc180:   0000000000000009 0000000000000043   ........C.......
0x00007d27cc6fc190:   00007d27541106e0 0000000000000043   ...T'}..C.......
0x00007d27cc6fc1a0:   0000000000000024 00007d2700000004   $...........'}..
0x00007d27cc6fc1b0:   0000000000000120 00007d270000026d    .......m...'}..
0x00007d27cc6fc1c0:   0000008000000072 00007d274872ad90   r.........rH'}..
0x00007d27cc6fc1d0:   0000000000000000 00000000001d8bc0   ................
0x00007d27cc6fc1e0:   00007d27cc6f0000 0000000000000000   ..o.'}..........
0x00007d27cc6fc1f0:   00007d27cc6fc6d0 00007d27cc6fc200   ..o.'}....o.'}..
0x00007d27cc6fc200:   0000752f0000008c 00007d27fc13fdc8   ..../u......'}..
0x00007d27cc6fc210:   0000000000000000 0000000000000000   ................
0x00007d27cc6fc220:   0000000000000000 00007d27fc13fdc8   ............'}..
0x00007d27cc6fc230:   00007d274902f200 00007d2749646330   ...I'}..0cdI'}..
0x00007d27cc6fc240:   00007d2748550000 0000000000000000   ..UH'}..........
0x00007d27cc6fc250:   00007d27cc6f0000 0000000000000000   ..o.'}..........
0x00007d27cc6fc260:   0000000000000000 00007d27fc123462   ........b4..'}..
0x00007d27cc6fc270:   0000000000000000 00007d27cc6fdb90   ..........o.'}..
0x00007d27cc6fc280:   0000000000000000 00007d27fc123462   ........b4..'}..
0x00007d27cc6fc290:   0000000000000000 00007d27fc123452   ........R4..'}..
0x00007d27cc6fc2a0:   0000000000000000 00007d27cc6fc6d0   ..........o.'}..
0x00007d27cc6fc2b0:   00007d27cc6fc390 00007d27cc6fc4c0   ..o.'}....o.'}..
0x00007d27cc6fc2c0:   00007d276007e590 00007d27cc6fc460   ...`'}..`.o.'}..
0x00007d27cc6fc2d0:   00007d27cc6fc5b0 00007d27fb5bcda8   ..o.'}....[.'}..
0x00007d27cc6fc2e0:   0000000000000000 0000000000000000   ................
0x00007d27cc6fc2f0:   00007d27cc6fc360 00000000000003d8   `.o.'}..........

Instructions: (pc=0x00007d27fbd600e3)
0x00007d27fbd5ffe3:   49 8b 47 10 4c 3b a8 e8 02 00 00 74 28 4c 8b 8d
0x00007d27fbd5fff3:   98 fe ff ff 4c 89 ea 4c 89 ee 4c 89 ff 4c 8b 85
0x00007d27fbd60003:   90 fe ff ff 48 8b 8d c0 fe ff ff e8 bd e0 ff ff
0x00007d27fbd60013:   0f 1f 44 00 00 49 8b 44 24 08 48 8b 8d e0 fe ff
0x00007d27fbd60023:   ff 48 8b 34 08 e9 b3 fe ff ff 0f 1f 00 49 8b 44
0x00007d27fbd60033:   24 08 48 8b 8d e0 fe ff ff 48 8b 34 08 45 84 ed
0x00007d27fbd60043:   0f 85 27 fe ff ff e9 92 fe ff ff 66 90 48 8b 40
0x00007d27fbd60053:   50 48 c1 e8 3f 49 89 c5 e9 b3 fd ff ff 48 8b bd
0x00007d27fbd60063:   e0 fe ff ff 48 8b 34 38 e9 70 fe ff ff 48 89 df
0x00007d27fbd60073:   e8 e8 d2 f6 ff 48 8b 43 10 8b 73 20 e9 42 ff ff
0x00007d27fbd60083:   ff 0f 1f 40 00 48 8b bd a0 fe ff ff 4c 8b a5 88
0x00007d27fbd60093:   fe ff ff 8b 47 4c 4d 8d 2c c4 49 8b 4d 00 48 85
0x00007d27fbd600a3:   c9 75 1d c6 85 6f fe ff ff 01 48 8b 85 c0 fe ff
0x00007d27fbd600b3:   ff 83 85 d0 fe ff ff 01 8b 50 18 e9 f5 fb ff ff
0x00007d27fbd600c3:   48 89 f8 8b 7f 48 85 ff 74 31 4c 8b 8d c0 fe ff
0x00007d27fbd600d3:   ff 48 8b 50 40 31 c0 66 0f 1f 44 00 00 48 8b 32
0x00007d27fbd600e3:   44 8b 46 4c 4b 83 3c c4 00 75 05 49 39 f1 75 77
0x00007d27fbd600f3:   83 c0 01 48 83 c2 08 39 f8 75 e2 48 63 b5 f0 fe
0x00007d27fbd60103:   ff ff 8b 95 f4 fe ff ff 39 d6 0f 84 e3 13 00 00
0x00007d27fbd60113:   48 8b bd f8 fe ff ff 8d 46 01 89 85 f0 fe ff ff
0x00007d27fbd60123:   48 89 0c f7 48 8b 8d a0 fe ff ff 48 8b b5 80 fe
0x00007d27fbd60133:   ff ff 8b 49 4c 4c 8d 2c ce 39 d0 0f 84 92 13 00
0x00007d27fbd60143:   00 8d 50 01 48 98 89 95 f0 fe ff ff 49 8b 55 00
0x00007d27fbd60153:   48 89 14 c7 48 8b 85 a0 fe ff ff 48 89 85 70 fe
0x00007d27fbd60163:   ff ff e9 43 ff ff ff 39 f8 0f 82 3b ff ff ff eb
0x00007d27fbd60173:   8a 0f 1f 40 00 8b 85 f0 fe ff ff 48 8b 9d 30 fe
0x00007d27fbd60183:   ff ff 85 c0 0f 84 c6 11 00 00 8d 50 ff 48 8b 8d
0x00007d27fbd60193:   f8 fe ff ff 48 63 f2 89 95 f0 fe ff ff 4c 8b 24
0x00007d27fbd601a3:   f1 48 8d 3c f5 00 00 00 00 85 d2 0f 84 1f 12 00
0x00007d27fbd601b3:   00 83 e8 02 4c 8b 7c 39 f8 89 85 f0 fe ff ff 48
0x00007d27fbd601c3:   8b 8d c0 fe ff ff 48 8b bd 88 fe ff ff 80 bd 6f
0x00007d27fbd601d3:   fe ff ff 00 8b 41 4c 4c 89 3c c7 8b 41 4c 48 8b


Stack slot to memory mapping:

stack at sp + 0 slots: 0x0000000000293358 is an unknown value
stack at sp + 1 slots: 0x00007d27cc6fc1e0 is pointing into the stack for thread: 0x00007d2760139390
stack at sp + 2 slots: 0x00007d276015fa10 points into unknown readable memory: 0x00007d20b27a3407 | 07 34 7a b2 20 7d 00 00
stack at sp + 3 slots: 0x00007d2749213fb0 points into unknown readable memory: 0x00007d27fc50fd40 | 40 fd 50 fc 27 7d 00 00
stack at sp + 4 slots: 0x00007d2749203fa0 points into unknown readable memory: 0x00007d2749e0aba0 | a0 ab e0 49 27 7d 00 00
stack at sp + 5 slots: 0x00007d2749213fb0 points into unknown readable memory: 0x00007d27fc50fd40 | 40 fd 50 fc 27 7d 00 00
stack at sp + 6 slots: 0x000000000000085d is an unknown value
stack at sp + 7 slots: 0x0000000000000008 is an unknown value


---------------  P R O C E S S  ---------------

Threads class SMR info:
_java_thread_list=0x00007d2750001140, length=41, elements={
0x00007d27f4018e70, 0x00007d27f410ffc0, 0x00007d27f4111540, 0x00007d27f4112cf0,
0x00007d27f4114340, 0x00007d27f41158f0, 0x00007d27f4117440, 0x00007d27f4118b10,
0x00007d27f4168e90, 0x00007d27f41edc70, 0x00007d27f43c45c0, 0x00007d27f43c76b0,
0x00007d27f43dfbf0, 0x00007d27f46da090, 0x00007d27f46d8d60, 0x00007d27285b3640,
0x00007d272879e420, 0x00007d2728854430, 0x00007d272886a170, 0x00007d2728d20030,
0x00007d2714004aa0, 0x00007d27240019b0, 0x00007d2730002e20, 0x00007d272c002b00,
0x00007d27f473cea0, 0x00007d27f465b4c0, 0x00007d27f465c800, 0x00007d2760139390,
0x00007d273c2d29a0, 0x00007d276c005ae0, 0x00007d274c0234c0, 0x00007d27c400a5b0,
0x00007d27c0009eb0, 0x00007d27c400bb60, 0x00007d274c026470, 0x00007d274c0276b0,
0x00007d276c00beb0, 0x00007d274c046b70, 0x00007d27380050d0, 0x00007d274c18e230,
0x00007d274c049580
}

Java Threads: ( => current thread )
  0x00007d27f4018e70 JavaThread "main"                              [_thread_blocked, id=35677, stack(0x00007d27fab00000,0x00007d27fac00000) (1024K)]
  0x00007d27f410ffc0 JavaThread "Reference Handler"          daemon [_thread_blocked, id=35688, stack(0x00007d27f84f6000,0x00007d27f85f6000) (1024K)]
  0x00007d27f4111540 JavaThread "Finalizer"                  daemon [_thread_blocked, id=35689, stack(0x00007d27f83f6000,0x00007d27f84f6000) (1024K)]
  0x00007d27f4112cf0 JavaThread "Signal Dispatcher"          daemon [_thread_blocked, id=35690, stack(0x00007d27f82f6000,0x00007d27f83f6000) (1024K)]
  0x00007d27f4114340 JavaThread "Service Thread"             daemon [_thread_blocked, id=35691, stack(0x00007d27f81f6000,0x00007d27f82f6000) (1024K)]
  0x00007d27f41158f0 JavaThread "Monitor Deflation Thread"   daemon [_thread_blocked, id=35692, stack(0x00007d27f80f6000,0x00007d27f81f6000) (1024K)]
  0x00007d27f4117440 JavaThread "C2 CompilerThread0"         daemon [_thread_blocked, id=35693, stack(0x00007d27f3f00000,0x00007d27f4000000) (1024K)]
  0x00007d27f4118b10 JavaThread "C1 CompilerThread0"         daemon [_thread_in_native, id=35694, stack(0x00007d27dc700000,0x00007d27dc800000) (1024K)]
  0x00007d27f4168e90 JavaThread "Common-Cleaner"             daemon [_thread_blocked, id=35699, stack(0x00007d27dc600000,0x00007d27dc700000) (1024K)]
  0x00007d27f41edc70 JavaThread "Notification Thread"        daemon [_thread_blocked, id=35708, stack(0x00007d27dc400000,0x00007d27dc500000) (1024K)]
  0x00007d27f43c45c0 JavaThread "Active Thread: Equinox Container: dc013f32-1eb2-441c-9d58-dc8254a6c3aa"        [_thread_blocked, id=35731, stack(0x00007d27cd300000,0x00007d27cd400000) (1024K)]
  0x00007d27f43c76b0 JavaThread "Framework Event Dispatcher: Equinox Container: dc013f32-1eb2-441c-9d58-dc8254a6c3aa" daemon [_thread_blocked, id=35732, stack(0x00007d27cd200000,0x00007d27cd300000) (1024K)]
  0x00007d27f43dfbf0 JavaThread "Start Level: Equinox Container: dc013f32-1eb2-441c-9d58-dc8254a6c3aa" daemon [_thread_blocked, id=35733, stack(0x00007d27cd100000,0x00007d27cd200000) (1024K)]
  0x00007d27f46da090 JavaThread "Bundle File Closer"         daemon [_thread_blocked, id=35734, stack(0x00007d27cd000000,0x00007d27cd100000) (1024K)]
  0x00007d27f46d8d60 JavaThread "Refresh Thread: Equinox Container: dc013f32-1eb2-441c-9d58-dc8254a6c3aa" daemon [_thread_blocked, id=35735, stack(0x00007d27ccf00000,0x00007d27cd000000) (1024K)]
  0x00007d27285b3640 JavaThread "SCR Component Actor"        daemon [_thread_blocked, id=35737, stack(0x00007d27cce00000,0x00007d27ccf00000) (1024K)]
  0x00007d272879e420 JavaThread "Worker-JM"                         [_thread_blocked, id=35738, stack(0x00007d27ccd00000,0x00007d27cce00000) (1024K)]
  0x00007d2728854430 JavaThread "Worker-0"                          [_thread_blocked, id=35739, stack(0x00007d27dc500000,0x00007d27dc600000) (1024K)]
  0x00007d272886a170 JavaThread "Worker-1: Check JDK Index"         [_thread_blocked, id=35740, stack(0x00007d27ccc00000,0x00007d27ccd00000) (1024K)]
  0x00007d2728d20030 JavaThread "Java indexing"              daemon [_thread_in_Java, id=35742, stack(0x00007d27ccb00000,0x00007d27ccc00000) (1024K)]
  0x00007d2714004aa0 JavaThread "Worker-2"                          [_thread_blocked, id=35760, stack(0x00007d27cca00000,0x00007d27ccb00000) (1024K)]
  0x00007d27240019b0 JavaThread "Worker-3"                          [_thread_blocked, id=35761, stack(0x00007d27cc900000,0x00007d27cca00000) (1024K)]
  0x00007d2730002e20 JavaThread "Worker-4"                          [_thread_blocked, id=35770, stack(0x00007d27cc4bc000,0x00007d27cc5bc000) (1024K)]
  0x00007d272c002b00 JavaThread "Worker-5"                          [_thread_blocked, id=35773, stack(0x00007d27cc3bc000,0x00007d27cc4bc000) (1024K)]
  0x00007d27f473cea0 JavaThread "pool-2-thread-1"                   [_thread_blocked, id=35774, stack(0x00007d27cc2bc000,0x00007d27cc3bc000) (1024K)]
  0x00007d27f465b4c0 JavaThread "WorkspaceEventsHandler"            [_thread_blocked, id=35797, stack(0x00007d27cc800000,0x00007d27cc900000) (1024K)]
  0x00007d27f465c800 JavaThread "pool-1-thread-1"                   [_thread_blocked, id=35798, stack(0x00007d27cc700000,0x00007d27cc800000) (1024K)]
=>0x00007d2760139390 JavaThread "C2 CompilerThread1"         daemon [_thread_in_native, id=35799, stack(0x00007d27cc600000,0x00007d27cc700000) (1024K)]
  0x00007d273c2d29a0 JavaThread "ForkJoinPool.commonPool-worker-1" daemon [_thread_blocked, id=35830, stack(0x00007d27cc0bc000,0x00007d27cc1bc000) (1024K)]
  0x00007d276c005ae0 JavaThread "ForkJoinPool.commonPool-worker-2" daemon [_thread_blocked, id=35831, stack(0x00007d277ae00000,0x00007d277af00000) (1024K)]
  0x00007d274c0234c0 JavaThread "LocalFile Deleter"          daemon [_thread_blocked, id=35832, stack(0x00007d277af00000,0x00007d277b000000) (1024K)]
  0x00007d27c400a5b0 JavaThread "LocalFile Deleter"          daemon [_thread_blocked, id=35833, stack(0x00007d277ad00000,0x00007d277ae00000) (1024K)]
  0x00007d27c0009eb0 JavaThread "LocalFile Deleter"          daemon [_thread_blocked, id=35834, stack(0x00007d277ac00000,0x00007d277ad00000) (1024K)]
  0x00007d27c400bb60 JavaThread "LocalFile Deleter"          daemon [_thread_blocked, id=35835, stack(0x00007d277ab00000,0x00007d277ac00000) (1024K)]
  0x00007d274c026470 JavaThread "Compiler Source File Reader" daemon [_thread_blocked, id=35836, stack(0x00007d277aa00000,0x00007d277ab00000) (1024K)]
  0x00007d274c0276b0 JavaThread "Compiler Source File Reader" daemon [_thread_blocked, id=35837, stack(0x00007d277a900000,0x00007d277aa00000) (1024K)]
  0x00007d276c00beb0 JavaThread "ForkJoinPool.commonPool-worker-3" daemon [_thread_blocked, id=35838, stack(0x00007d277a800000,0x00007d277a900000) (1024K)]
  0x00007d274c046b70 JavaThread "Compiler Processing Task"   daemon [_thread_blocked, id=35851, stack(0x00007d277a700000,0x00007d277a800000) (1024K)]
  0x00007d27380050d0 JavaThread "Worker-6"                          [_thread_blocked, id=35856, stack(0x00007d277a3e0000,0x00007d277a4e0000) (1024K)]
  0x00007d274c18e230 JavaThread "Compiler Class File Writer" daemon [_thread_blocked, id=35857, stack(0x00007d27cd700000,0x00007d27cd800000) (1024K)]
  0x00007d274c049580 JavaThread "Compiler Class File Writer" daemon [_thread_blocked, id=35866, stack(0x00007d27cd600000,0x00007d27cd700000) (1024K)]
Total: 41

Other Threads:
  0x00007d27f4105be0 VMThread "VM Thread"                           [id=35687, stack(0x00007d27f85f7000,0x00007d27f86f7000) (1024K)]
  0x00007d27f40f36a0 WatcherThread "VM Periodic Task Thread"        [id=35685, stack(0x00007d27f86f8000,0x00007d27f87f8000) (1024K)]
  0x00007d27f4054830 WorkerThread "GC Thread#0"                     [id=35679, stack(0x00007d27fa426000,0x00007d27fa526000) (1024K)]
  0x00007d2774006970 WorkerThread "GC Thread#1"                     [id=35713, stack(0x00007d27dc300000,0x00007d27dc400000) (1024K)]
  0x00007d27740074a0 WorkerThread "GC Thread#2"                     [id=35714, stack(0x00007d27dc1ff000,0x00007d27dc2ff000) (1024K)]
  0x00007d277400bae0 WorkerThread "GC Thread#3"                     [id=35726, stack(0x00007d27dc0fe000,0x00007d27dc1fe000) (1024K)]
  0x00007d27f405de10 ConcurrentGCThread "G1 Main Marker"            [id=35680, stack(0x00007d27f8f00000,0x00007d27f9000000) (1024K)]
  0x00007d27f405ed50 WorkerThread "G1 Conc#0"                       [id=35681, stack(0x00007d27f8dff000,0x00007d27f8eff000) (1024K)]
  0x00007d27f40e0d80 ConcurrentGCThread "G1 Refine#0"               [id=35682, stack(0x00007d27f88fa000,0x00007d27f89fa000) (1024K)]
  0x00007d27f40e1ce0 ConcurrentGCThread "G1 Service"                [id=35683, stack(0x00007d27f87f9000,0x00007d27f88f9000) (1024K)]
Total: 10

Threads with active compile tasks:
C1 CompilerThread0  32157 9521 % !   3       java.nio.file.Files::walkFileTree @ 19 (297 bytes)
C2 CompilerThread1  32157 9491   !   4       org.eclipse.jdt.internal.core.search.indexing.BinaryIndexer::indexDocument (1172 bytes)
Total: 2

VM state: not at safepoint (normal execution)

VM Mutex/Monitor currently owned by a thread: None

Heap address: 0x00000000c0000000, size: 1024 MB, Compressed Oops mode: 32-bit

CDS archive(s) mapped at: [0x00007d277f000000-0x00007d277fc9c000-0x00007d277fc9c000), size 13221888, SharedBaseAddress: 0x00007d277f000000, ArchiveRelocationMode: 1.
Compressed class space mapped at: 0x00007d2780000000-0x00007d27c0000000, reserved size: 1073741824
Narrow klass base: 0x00007d277f000000, Narrow klass shift: 0, Narrow klass range: 0x100000000

GC Precious Log:
 CardTable entry size: 512
 Card Set container configuration: InlinePtr #cards 5 size 8 Array Of Cards #cards 12 size 40 Howl #buckets 4 coarsen threshold 1843 Howl Bitmap #cards 512 size 80 coarsen threshold 460 Card regions per heap region 1 cards per card region 2048
 CPUs: 4 total, 4 available
 Memory: 7820M
 Large Page Support: Disabled
 NUMA Support: Disabled
 Compressed Oops: Enabled (32-bit)
 Heap Region Size: 1M
 Heap Min Capacity: 8M
 Heap Initial Capacity: 124M
 Heap Max Capacity: 1G
 Pre-touch: Disabled
 Parallel Workers: 4
 Concurrent Workers: 1
 Concurrent Refinement Workers: 4
 Periodic GC: Disabled

Heap:
 garbage-first heap   total 332800K, used 254464K [0x00000000c0000000, 0x0000000100000000)
  region size 1024K, 39 young (39936K), 12 survivors (12288K)
 Metaspace       used 66059K, committed 67328K, reserved 1114112K
  class space    used 7024K, committed 7552K, reserved 1048576K

Heap Regions: E=young(eden), S=young(survivor), O=old, HS=humongous(starts), HC=humongous(continues), CS=collection set, F=free, TAMS=top-at-mark-start, PB=parsable bottom
|   0|0x00000000c0000000, 0x00000000c0100000, 0x00000000c0100000|100%| O|  |TAMS 0x00000000c0000000| PB 0x00000000c0000000| Untracked 
|   1|0x00000000c0100000, 0x00000000c0200000, 0x00000000c0200000|100%| O|  |TAMS 0x00000000c0100000| PB 0x00000000c0100000| Untracked 
|   2|0x00000000c0200000, 0x00000000c0300000, 0x00000000c0300000|100%| O|  |TAMS 0x00000000c0200000| PB 0x00000000c0200000| Untracked 
|   3|0x00000000c0300000, 0x00000000c0400000, 0x00000000c0400000|100%| O|  |TAMS 0x00000000c0300000| PB 0x00000000c0300000| Untracked 
|   4|0x00000000c0400000, 0x00000000c0500000, 0x00000000c0500000|100%| O|  |TAMS 0x00000000c0400000| PB 0x00000000c0400000| Untracked 
|   5|0x00000000c0500000, 0x00000000c0600000, 0x00000000c0600000|100%| O|  |TAMS 0x00000000c0500000| PB 0x00000000c0500000| Untracked 
|   6|0x00000000c0600000, 0x00000000c0700000, 0x00000000c0700000|100%| O|  |TAMS 0x00000000c0600000| PB 0x00000000c0600000| Untracked 
|   7|0x00000000c0700000, 0x00000000c0800000, 0x00000000c0800000|100%| O|  |TAMS 0x00000000c0700000| PB 0x00000000c0700000| Untracked 
|   8|0x00000000c0800000, 0x00000000c0900000, 0x00000000c0900000|100%| O|  |TAMS 0x00000000c0800000| PB 0x00000000c0800000| Untracked 
|   9|0x00000000c0900000, 0x00000000c0a00000, 0x00000000c0a00000|100%| O|  |TAMS 0x00000000c0900000| PB 0x00000000c0900000| Untracked 
|  10|0x00000000c0a00000, 0x00000000c0b00000, 0x00000000c0b00000|100%| O|  |TAMS 0x00000000c0a00000| PB 0x00000000c0a00000| Untracked 
|  11|0x00000000c0b00000, 0x00000000c0c00000, 0x00000000c0c00000|100%| O|  |TAMS 0x00000000c0b00000| PB 0x00000000c0b00000| Untracked 
|  12|0x00000000c0c00000, 0x00000000c0d00000, 0x00000000c0d00000|100%| O|  |TAMS 0x00000000c0c00000| PB 0x00000000c0c00000| Untracked 
|  13|0x00000000c0d00000, 0x00000000c0e00000, 0x00000000c0e00000|100%| O|  |TAMS 0x00000000c0d00000| PB 0x00000000c0d00000| Untracked 
|  14|0x00000000c0e00000, 0x00000000c0f00000, 0x00000000c0f00000|100%| O|  |TAMS 0x00000000c0e00000| PB 0x00000000c0e00000| Untracked 
|  15|0x00000000c0f00000, 0x00000000c0f00000, 0x00000000c1000000|  0%| F|  |TAMS 0x00000000c0f00000| PB 0x00000000c0f00000| Untracked 
|  16|0x00000000c1000000, 0x00000000c1100000, 0x00000000c1100000|100%| O|  |TAMS 0x00000000c1000000| PB 0x00000000c1000000| Untracked 
|  17|0x00000000c1100000, 0x00000000c1200000, 0x00000000c1200000|100%| O|  |TAMS 0x00000000c1100000| PB 0x00000000c1100000| Untracked 
|  18|0x00000000c1200000, 0x00000000c1300000, 0x00000000c1300000|100%|HS|  |TAMS 0x00000000c1200000| PB 0x00000000c1200000| Complete 
|  19|0x00000000c1300000, 0x00000000c1400000, 0x00000000c1400000|100%| O|  |TAMS 0x00000000c1300000| PB 0x00000000c1300000| Untracked 
|  20|0x00000000c1400000, 0x00000000c1500000, 0x00000000c1500000|100%| O|  |TAMS 0x00000000c1400000| PB 0x00000000c1400000| Untracked 
|  21|0x00000000c1500000, 0x00000000c1600000, 0x00000000c1600000|100%| O|  |TAMS 0x00000000c1500000| PB 0x00000000c1500000| Untracked 
|  22|0x00000000c1600000, 0x00000000c1700000, 0x00000000c1700000|100%| O|  |TAMS 0x00000000c1600000| PB 0x00000000c1600000| Untracked 
|  23|0x00000000c1700000, 0x00000000c1800000, 0x00000000c1800000|100%| O|  |TAMS 0x00000000c1700000| PB 0x00000000c1700000| Untracked 
|  24|0x00000000c1800000, 0x00000000c1900000, 0x00000000c1900000|100%| O|  |TAMS 0x00000000c1800000| PB 0x00000000c1800000| Untracked 
|  25|0x00000000c1900000, 0x00000000c1a00000, 0x00000000c1a00000|100%| O|  |TAMS 0x00000000c1900000| PB 0x00000000c1900000| Untracked 
|  26|0x00000000c1a00000, 0x00000000c1b00000, 0x00000000c1b00000|100%| O|  |TAMS 0x00000000c1a00000| PB 0x00000000c1a00000| Untracked 
|  27|0x00000000c1b00000, 0x00000000c1c00000, 0x00000000c1c00000|100%| O|  |TAMS 0x00000000c1b00000| PB 0x00000000c1b00000| Untracked 
|  28|0x00000000c1c00000, 0x00000000c1d00000, 0x00000000c1d00000|100%| O|  |TAMS 0x00000000c1c00000| PB 0x00000000c1c00000| Untracked 
|  29|0x00000000c1d00000, 0x00000000c1e00000, 0x00000000c1e00000|100%| O|  |TAMS 0x00000000c1d00000| PB 0x00000000c1d00000| Untracked 
|  30|0x00000000c1e00000, 0x00000000c1f00000, 0x00000000c1f00000|100%| O|  |TAMS 0x00000000c1e00000| PB 0x00000000c1e00000| Untracked 
|  31|0x00000000c1f00000, 0x00000000c2000000, 0x00000000c2000000|100%| O|  |TAMS 0x00000000c1f00000| PB 0x00000000c1f00000| Untracked 
|  32|0x00000000c2000000, 0x00000000c2100000, 0x00000000c2100000|100%| O|  |TAMS 0x00000000c2000000| PB 0x00000000c2000000| Untracked 
|  33|0x00000000c2100000, 0x00000000c2200000, 0x00000000c2200000|100%| O|  |TAMS 0x00000000c2100000| PB 0x00000000c2100000| Untracked 
|  34|0x00000000c2200000, 0x00000000c2300000, 0x00000000c2300000|100%| O|  |TAMS 0x00000000c2200000| PB 0x00000000c2200000| Untracked 
|  35|0x00000000c2300000, 0x00000000c2400000, 0x00000000c2400000|100%| O|  |TAMS 0x00000000c2300000| PB 0x00000000c2300000| Untracked 
|  36|0x00000000c2400000, 0x00000000c2500000, 0x00000000c2500000|100%| O|  |TAMS 0x00000000c2400000| PB 0x00000000c2400000| Untracked 
|  37|0x00000000c2500000, 0x00000000c2600000, 0x00000000c2600000|100%| O|  |TAMS 0x00000000c2500000| PB 0x00000000c2500000| Untracked 
|  38|0x00000000c2600000, 0x00000000c2600000, 0x00000000c2700000|  0%| F|  |TAMS 0x00000000c2600000| PB 0x00000000c2600000| Untracked 
|  39|0x00000000c2700000, 0x00000000c2800000, 0x00000000c2800000|100%| O|  |TAMS 0x00000000c2700000| PB 0x00000000c2700000| Untracked 
|  40|0x00000000c2800000, 0x00000000c2900000, 0x00000000c2900000|100%| O|  |TAMS 0x00000000c2800000| PB 0x00000000c2800000| Untracked 
|  41|0x00000000c2900000, 0x00000000c2a00000, 0x00000000c2a00000|100%| O|  |TAMS 0x00000000c2900000| PB 0x00000000c2900000| Untracked 
|  42|0x00000000c2a00000, 0x00000000c2b00000, 0x00000000c2b00000|100%| O|  |TAMS 0x00000000c2a00000| PB 0x00000000c2a00000| Untracked 
|  43|0x00000000c2b00000, 0x00000000c2c00000, 0x00000000c2c00000|100%| O|  |TAMS 0x00000000c2b00000| PB 0x00000000c2b00000| Untracked 
|  44|0x00000000c2c00000, 0x00000000c2d00000, 0x00000000c2d00000|100%| O|  |TAMS 0x00000000c2c00000| PB 0x00000000c2c00000| Untracked 
|  45|0x00000000c2d00000, 0x00000000c2e00000, 0x00000000c2e00000|100%| O|  |TAMS 0x00000000c2d00000| PB 0x00000000c2d00000| Untracked 
|  46|0x00000000c2e00000, 0x00000000c2f00000, 0x00000000c2f00000|100%| O|  |TAMS 0x00000000c2e00000| PB 0x00000000c2e00000| Untracked 
|  47|0x00000000c2f00000, 0x00000000c3000000, 0x00000000c3000000|100%| O|  |TAMS 0x00000000c2f00000| PB 0x00000000c2f00000| Untracked 
|  48|0x00000000c3000000, 0x00000000c3100000, 0x00000000c3100000|100%| O|  |TAMS 0x00000000c3000000| PB 0x00000000c3000000| Untracked 
|  49|0x00000000c3100000, 0x00000000c3200000, 0x00000000c3200000|100%| O|  |TAMS 0x00000000c3100000| PB 0x00000000c3100000| Untracked 
|  50|0x00000000c3200000, 0x00000000c3200000, 0x00000000c3300000|  0%| F|  |TAMS 0x00000000c3200000| PB 0x00000000c3200000| Untracked 
|  51|0x00000000c3300000, 0x00000000c3400000, 0x00000000c3400000|100%| O|  |TAMS 0x00000000c3300000| PB 0x00000000c3300000| Untracked 
|  52|0x00000000c3400000, 0x00000000c3500000, 0x00000000c3500000|100%| O|  |TAMS 0x00000000c3400000| PB 0x00000000c3400000| Untracked 
|  53|0x00000000c3500000, 0x00000000c3600000, 0x00000000c3600000|100%| O|  |TAMS 0x00000000c3500000| PB 0x00000000c3500000| Untracked 
|  54|0x00000000c3600000, 0x00000000c3700000, 0x00000000c3700000|100%| O|  |TAMS 0x00000000c3600000| PB 0x00000000c3600000| Untracked 
|  55|0x00000000c3700000, 0x00000000c3800000, 0x00000000c3800000|100%| O|  |TAMS 0x00000000c3700000| PB 0x00000000c3700000| Untracked 
|  56|0x00000000c3800000, 0x00000000c3900000, 0x00000000c3900000|100%| O|  |TAMS 0x00000000c3800000| PB 0x00000000c3800000| Untracked 
|  57|0x00000000c3900000, 0x00000000c3a00000, 0x00000000c3a00000|100%| O|  |TAMS 0x00000000c3900000| PB 0x00000000c3900000| Untracked 
|  58|0x00000000c3a00000, 0x00000000c3b00000, 0x00000000c3b00000|100%| O|  |TAMS 0x00000000c3a00000| PB 0x00000000c3a00000| Untracked 
|  59|0x00000000c3b00000, 0x00000000c3c00000, 0x00000000c3c00000|100%| O|  |TAMS 0x00000000c3b00000| PB 0x00000000c3b00000| Untracked 
|  60|0x00000000c3c00000, 0x00000000c3d00000, 0x00000000c3d00000|100%| O|  |TAMS 0x00000000c3c00000| PB 0x00000000c3c00000| Untracked 
|  61|0x00000000c3d00000, 0x00000000c3e00000, 0x00000000c3e00000|100%| O|  |TAMS 0x00000000c3d00000| PB 0x00000000c3d00000| Untracked 
|  62|0x00000000c3e00000, 0x00000000c3f00000, 0x00000000c3f00000|100%| O|  |TAMS 0x00000000c3e00000| PB 0x00000000c3e00000| Untracked 
|  63|0x00000000c3f00000, 0x00000000c4000000, 0x00000000c4000000|100%| O|  |TAMS 0x00000000c3f00000| PB 0x00000000c3f00000| Untracked 
|  64|0x00000000c4000000, 0x00000000c4100000, 0x00000000c4100000|100%| O|  |TAMS 0x00000000c4000000| PB 0x00000000c4000000| Untracked 
|  65|0x00000000c4100000, 0x00000000c4200000, 0x00000000c4200000|100%| O|  |TAMS 0x00000000c4100000| PB 0x00000000c4100000| Untracked 
|  66|0x00000000c4200000, 0x00000000c4300000, 0x00000000c4300000|100%| O|  |TAMS 0x00000000c4200000| PB 0x00000000c4200000| Untracked 
|  67|0x00000000c4300000, 0x00000000c4400000, 0x00000000c4400000|100%| O|  |TAMS 0x00000000c4300000| PB 0x00000000c4300000| Untracked 
|  68|0x00000000c4400000, 0x00000000c4500000, 0x00000000c4500000|100%| O|  |TAMS 0x00000000c4400000| PB 0x00000000c4400000| Untracked 
|  69|0x00000000c4500000, 0x00000000c4600000, 0x00000000c4600000|100%| O|  |TAMS 0x00000000c4500000| PB 0x00000000c4500000| Untracked 
|  70|0x00000000c4600000, 0x00000000c4700000, 0x00000000c4700000|100%| O|  |TAMS 0x00000000c4600000| PB 0x00000000c4600000| Untracked 
|  71|0x00000000c4700000, 0x00000000c4800000, 0x00000000c4800000|100%| O|  |TAMS 0x00000000c4700000| PB 0x00000000c4700000| Untracked 
|  72|0x00000000c4800000, 0x00000000c4900000, 0x00000000c4900000|100%| O|  |TAMS 0x00000000c4800000| PB 0x00000000c4800000| Untracked 
|  73|0x00000000c4900000, 0x00000000c4a00000, 0x00000000c4a00000|100%| O|  |TAMS 0x00000000c4900000| PB 0x00000000c4900000| Untracked 
|  74|0x00000000c4a00000, 0x00000000c4b00000, 0x00000000c4b00000|100%| O|  |TAMS 0x00000000c4a00000| PB 0x00000000c4a00000| Untracked 
|  75|0x00000000c4b00000, 0x00000000c4c00000, 0x00000000c4c00000|100%| O|  |TAMS 0x00000000c4b00000| PB 0x00000000c4b00000| Untracked 
|  76|0x00000000c4c00000, 0x00000000c4d00000, 0x00000000c4d00000|100%| O|  |TAMS 0x00000000c4c00000| PB 0x00000000c4c00000| Untracked 
|  77|0x00000000c4d00000, 0x00000000c4e00000, 0x00000000c4e00000|100%| O|  |TAMS 0x00000000c4d00000| PB 0x00000000c4d00000| Untracked 
|  78|0x00000000c4e00000, 0x00000000c4f00000, 0x00000000c4f00000|100%| O|  |TAMS 0x00000000c4e00000| PB 0x00000000c4e00000| Untracked 
|  79|0x00000000c4f00000, 0x00000000c5000000, 0x00000000c5000000|100%| O|  |TAMS 0x00000000c4f00000| PB 0x00000000c4f00000| Untracked 
|  80|0x00000000c5000000, 0x00000000c5100000, 0x00000000c5100000|100%| O|  |TAMS 0x00000000c5000000| PB 0x00000000c5000000| Untracked 
|  81|0x00000000c5100000, 0x00000000c5200000, 0x00000000c5200000|100%| O|  |TAMS 0x00000000c5100000| PB 0x00000000c5100000| Untracked 
|  82|0x00000000c5200000, 0x00000000c5200000, 0x00000000c5300000|  0%| F|  |TAMS 0x00000000c5200000| PB 0x00000000c5200000| Untracked 
|  83|0x00000000c5300000, 0x00000000c5400000, 0x00000000c5400000|100%| O|  |TAMS 0x00000000c5300000| PB 0x00000000c5300000| Untracked 
|  84|0x00000000c5400000, 0x00000000c5500000, 0x00000000c5500000|100%| O|  |TAMS 0x00000000c5400000| PB 0x00000000c5400000| Untracked 
|  85|0x00000000c5500000, 0x00000000c5600000, 0x00000000c5600000|100%| O|  |TAMS 0x00000000c5500000| PB 0x00000000c5500000| Untracked 
|  86|0x00000000c5600000, 0x00000000c5700000, 0x00000000c5700000|100%| O|  |TAMS 0x00000000c5600000| PB 0x00000000c5600000| Untracked 
|  87|0x00000000c5700000, 0x00000000c5800000, 0x00000000c5800000|100%| O|  |TAMS 0x00000000c5700000| PB 0x00000000c5700000| Untracked 
|  88|0x00000000c5800000, 0x00000000c5900000, 0x00000000c5900000|100%| O|  |TAMS 0x00000000c5800000| PB 0x00000000c5800000| Untracked 
|  89|0x00000000c5900000, 0x00000000c5a00000, 0x00000000c5a00000|100%| O|  |TAMS 0x00000000c5900000| PB 0x00000000c5900000| Untracked 
|  90|0x00000000c5a00000, 0x00000000c5b00000, 0x00000000c5b00000|100%| O|  |TAMS 0x00000000c5a00000| PB 0x00000000c5a00000| Untracked 
|  91|0x00000000c5b00000, 0x00000000c5c00000, 0x00000000c5c00000|100%| O|  |TAMS 0x00000000c5b00000| PB 0x00000000c5b00000| Untracked 
|  92|0x00000000c5c00000, 0x00000000c5d00000, 0x00000000c5d00000|100%|HS|  |TAMS 0x00000000c5c00000| PB 0x00000000c5c00000| Complete 
|  93|0x00000000c5d00000, 0x00000000c5e00000, 0x00000000c5e00000|100%| O|  |TAMS 0x00000000c5d00000| PB 0x00000000c5d00000| Untracked 
|  94|0x00000000c5e00000, 0x00000000c5f00000, 0x00000000c5f00000|100%| O|  |TAMS 0x00000000c5e00000| PB 0x00000000c5e00000| Untracked 
|  95|0x00000000c5f00000, 0x00000000c6000000, 0x00000000c6000000|100%| O|  |TAMS 0x00000000c5f00000| PB 0x00000000c5f00000| Untracked 
|  96|0x00000000c6000000, 0x00000000c6100000, 0x00000000c6100000|100%| O|  |TAMS 0x00000000c6000000| PB 0x00000000c6000000| Untracked 
|  97|0x00000000c6100000, 0x00000000c6200000, 0x00000000c6200000|100%| O|  |TAMS 0x00000000c6100000| PB 0x00000000c6100000| Untracked 
|  98|0x00000000c6200000, 0x00000000c6300000, 0x00000000c6300000|100%| O|  |TAMS 0x00000000c6200000| PB 0x00000000c6200000| Untracked 
|  99|0x00000000c6300000, 0x00000000c6400000, 0x00000000c6400000|100%| O|  |TAMS 0x00000000c6300000| PB 0x00000000c6300000| Untracked 
| 100|0x00000000c6400000, 0x00000000c6500000, 0x00000000c6500000|100%| O|  |TAMS 0x00000000c6400000| PB 0x00000000c6400000| Untracked 
| 101|0x00000000c6500000, 0x00000000c6600000, 0x00000000c6600000|100%| O|  |TAMS 0x00000000c6500000| PB 0x00000000c6500000| Untracked 
| 102|0x00000000c6600000, 0x00000000c6700000, 0x00000000c6700000|100%|HS|  |TAMS 0x00000000c6600000| PB 0x00000000c6600000| Complete 
| 103|0x00000000c6700000, 0x00000000c6800000, 0x00000000c6800000|100%|HC|  |TAMS 0x00000000c6700000| PB 0x00000000c6700000| Complete 
| 104|0x00000000c6800000, 0x00000000c6900000, 0x00000000c6900000|100%| O|  |TAMS 0x00000000c6800000| PB 0x00000000c6800000| Untracked 
| 105|0x00000000c6900000, 0x00000000c6a00000, 0x00000000c6a00000|100%| O|  |TAMS 0x00000000c6900000| PB 0x00000000c6900000| Untracked 
| 106|0x00000000c6a00000, 0x00000000c6b00000, 0x00000000c6b00000|100%| O|  |TAMS 0x00000000c6a00000| PB 0x00000000c6a00000| Untracked 
| 107|0x00000000c6b00000, 0x00000000c6c00000, 0x00000000c6c00000|100%| O|  |TAMS 0x00000000c6b00000| PB 0x00000000c6b00000| Untracked 
| 108|0x00000000c6c00000, 0x00000000c6d00000, 0x00000000c6d00000|100%| O|  |TAMS 0x00000000c6c00000| PB 0x00000000c6c00000| Untracked 
| 109|0x00000000c6d00000, 0x00000000c6e00000, 0x00000000c6e00000|100%| O|  |TAMS 0x00000000c6d00000| PB 0x00000000c6d00000| Untracked 
| 110|0x00000000c6e00000, 0x00000000c6f00000, 0x00000000c6f00000|100%| O|  |TAMS 0x00000000c6e00000| PB 0x00000000c6e00000| Untracked 
| 111|0x00000000c6f00000, 0x00000000c7000000, 0x00000000c7000000|100%| O|  |TAMS 0x00000000c6f00000| PB 0x00000000c6f00000| Untracked 
| 112|0x00000000c7000000, 0x00000000c7100000, 0x00000000c7100000|100%| O|  |TAMS 0x00000000c7000000| PB 0x00000000c7000000| Untracked 
| 113|0x00000000c7100000, 0x00000000c7200000, 0x00000000c7200000|100%| O|  |TAMS 0x00000000c7100000| PB 0x00000000c7100000| Untracked 
| 114|0x00000000c7200000, 0x00000000c7300000, 0x00000000c7300000|100%| O|  |TAMS 0x00000000c7200000| PB 0x00000000c7200000| Untracked 
| 115|0x00000000c7300000, 0x00000000c7400000, 0x00000000c7400000|100%| O|  |TAMS 0x00000000c7300000| PB 0x00000000c7300000| Untracked 
| 116|0x00000000c7400000, 0x00000000c7500000, 0x00000000c7500000|100%| O|  |TAMS 0x00000000c7400000| PB 0x00000000c7400000| Untracked 
| 117|0x00000000c7500000, 0x00000000c7600000, 0x00000000c7600000|100%| O|  |TAMS 0x00000000c7500000| PB 0x00000000c7500000| Untracked 
| 118|0x00000000c7600000, 0x00000000c7700000, 0x00000000c7700000|100%| O|  |TAMS 0x00000000c7600000| PB 0x00000000c7600000| Untracked 
| 119|0x00000000c7700000, 0x00000000c7800000, 0x00000000c7800000|100%| O|  |TAMS 0x00000000c7700000| PB 0x00000000c7700000| Untracked 
| 120|0x00000000c7800000, 0x00000000c7900000, 0x00000000c7900000|100%| O|  |TAMS 0x00000000c7800000| PB 0x00000000c7800000| Untracked 
| 121|0x00000000c7900000, 0x00000000c7a00000, 0x00000000c7a00000|100%| O|  |TAMS 0x00000000c7900000| PB 0x00000000c7900000| Untracked 
| 122|0x00000000c7a00000, 0x00000000c7b00000, 0x00000000c7b00000|100%| O|  |TAMS 0x00000000c7a00000| PB 0x00000000c7a00000| Untracked 
| 123|0x00000000c7b00000, 0x00000000c7b00000, 0x00000000c7c00000|  0%| F|  |TAMS 0x00000000c7b00000| PB 0x00000000c7b00000| Untracked 
| 124|0x00000000c7c00000, 0x00000000c7d00000, 0x00000000c7d00000|100%| O|  |TAMS 0x00000000c7c00000| PB 0x00000000c7c00000| Untracked 
| 125|0x00000000c7d00000, 0x00000000c7e00000, 0x00000000c7e00000|100%| O|  |TAMS 0x00000000c7d00000| PB 0x00000000c7d00000| Untracked 
| 126|0x00000000c7e00000, 0x00000000c7f00000, 0x00000000c7f00000|100%| O|  |TAMS 0x00000000c7e00000| PB 0x00000000c7e00000| Untracked 
| 127|0x00000000c7f00000, 0x00000000c8000000, 0x00000000c8000000|100%| O|  |TAMS 0x00000000c7f00000| PB 0x00000000c7f00000| Untracked 
| 128|0x00000000c8000000, 0x00000000c8100000, 0x00000000c8100000|100%| O|  |TAMS 0x00000000c8000000| PB 0x00000000c8000000| Untracked 
| 129|0x00000000c8100000, 0x00000000c8200000, 0x00000000c8200000|100%| O|  |TAMS 0x00000000c8100000| PB 0x00000000c8100000| Untracked 
| 130|0x00000000c8200000, 0x00000000c8300000, 0x00000000c8300000|100%| O|  |TAMS 0x00000000c8200000| PB 0x00000000c8200000| Untracked 
| 131|0x00000000c8300000, 0x00000000c8400000, 0x00000000c8400000|100%| O|  |TAMS 0x00000000c8300000| PB 0x00000000c8300000| Untracked 
| 132|0x00000000c8400000, 0x00000000c8500000, 0x00000000c8500000|100%| O|  |TAMS 0x00000000c8400000| PB 0x00000000c8400000| Untracked 
| 133|0x00000000c8500000, 0x00000000c8600000, 0x00000000c8600000|100%| O|  |TAMS 0x00000000c8500000| PB 0x00000000c8500000| Untracked 
| 134|0x00000000c8600000, 0x00000000c8700000, 0x00000000c8700000|100%| O|  |TAMS 0x00000000c8600000| PB 0x00000000c8600000| Untracked 
| 135|0x00000000c8700000, 0x00000000c8800000, 0x00000000c8800000|100%| O|  |TAMS 0x00000000c8700000| PB 0x00000000c8700000| Untracked 
| 136|0x00000000c8800000, 0x00000000c8900000, 0x00000000c8900000|100%| O|  |TAMS 0x00000000c8800000| PB 0x00000000c8800000| Untracked 
| 137|0x00000000c8900000, 0x00000000c8a00000, 0x00000000c8a00000|100%| O|  |TAMS 0x00000000c8900000| PB 0x00000000c8900000| Untracked 
| 138|0x00000000c8a00000, 0x00000000c8b00000, 0x00000000c8b00000|100%| O|  |TAMS 0x00000000c8a00000| PB 0x00000000c8a00000| Untracked 
| 139|0x00000000c8b00000, 0x00000000c8c00000, 0x00000000c8c00000|100%| O|  |TAMS 0x00000000c8b00000| PB 0x00000000c8b00000| Untracked 
| 140|0x00000000c8c00000, 0x00000000c8d00000, 0x00000000c8d00000|100%| O|  |TAMS 0x00000000c8c00000| PB 0x00000000c8c00000| Untracked 
| 141|0x00000000c8d00000, 0x00000000c8e00000, 0x00000000c8e00000|100%| O|  |TAMS 0x00000000c8d00000| PB 0x00000000c8d00000| Untracked 
| 142|0x00000000c8e00000, 0x00000000c8f00000, 0x00000000c8f00000|100%| O|  |TAMS 0x00000000c8e00000| PB 0x00000000c8e00000| Untracked 
| 143|0x00000000c8f00000, 0x00000000c9000000, 0x00000000c9000000|100%| O|  |TAMS 0x00000000c8f00000| PB 0x00000000c8f00000| Untracked 
| 144|0x00000000c9000000, 0x00000000c9100000, 0x00000000c9100000|100%| O|  |TAMS 0x00000000c9000000| PB 0x00000000c9000000| Untracked 
| 145|0x00000000c9100000, 0x00000000c9200000, 0x00000000c9200000|100%| O|  |TAMS 0x00000000c9100000| PB 0x00000000c9100000| Untracked 
| 146|0x00000000c9200000, 0x00000000c9300000, 0x00000000c9300000|100%| O|  |TAMS 0x00000000c9200000| PB 0x00000000c9200000| Untracked 
| 147|0x00000000c9300000, 0x00000000c9400000, 0x00000000c9400000|100%| O|  |TAMS 0x00000000c9300000| PB 0x00000000c9300000| Untracked 
| 148|0x00000000c9400000, 0x00000000c9500000, 0x00000000c9500000|100%| O|  |TAMS 0x00000000c9400000| PB 0x00000000c9400000| Untracked 
| 149|0x00000000c9500000, 0x00000000c9600000, 0x00000000c9600000|100%| O|  |TAMS 0x00000000c9500000| PB 0x00000000c9500000| Untracked 
| 150|0x00000000c9600000, 0x00000000c9700000, 0x00000000c9700000|100%| O|  |TAMS 0x00000000c9600000| PB 0x00000000c9600000| Untracked 
| 151|0x00000000c9700000, 0x00000000c9800000, 0x00000000c9800000|100%| O|  |TAMS 0x00000000c9700000| PB 0x00000000c9700000| Untracked 
| 152|0x00000000c9800000, 0x00000000c9900000, 0x00000000c9900000|100%| O|  |TAMS 0x00000000c9800000| PB 0x00000000c9800000| Untracked 
| 153|0x00000000c9900000, 0x00000000c9a00000, 0x00000000c9a00000|100%| O|  |TAMS 0x00000000c9900000| PB 0x00000000c9900000| Untracked 
| 154|0x00000000c9a00000, 0x00000000c9b00000, 0x00000000c9b00000|100%| O|  |TAMS 0x00000000c9a00000| PB 0x00000000c9a00000| Untracked 
| 155|0x00000000c9b00000, 0x00000000c9c00000, 0x00000000c9c00000|100%| O|  |TAMS 0x00000000c9b00000| PB 0x00000000c9b00000| Untracked 
| 156|0x00000000c9c00000, 0x00000000c9d00000, 0x00000000c9d00000|100%| O|  |TAMS 0x00000000c9c00000| PB 0x00000000c9c00000| Untracked 
| 157|0x00000000c9d00000, 0x00000000c9e00000, 0x00000000c9e00000|100%| O|  |TAMS 0x00000000c9d00000| PB 0x00000000c9d00000| Untracked 
| 158|0x00000000c9e00000, 0x00000000c9f00000, 0x00000000c9f00000|100%| O|  |TAMS 0x00000000c9e00000| PB 0x00000000c9e00000| Untracked 
| 159|0x00000000c9f00000, 0x00000000ca000000, 0x00000000ca000000|100%| O|  |TAMS 0x00000000c9f00000| PB 0x00000000c9f00000| Untracked 
| 160|0x00000000ca000000, 0x00000000ca100000, 0x00000000ca100000|100%| O|  |TAMS 0x00000000ca000000| PB 0x00000000ca000000| Untracked 
| 161|0x00000000ca100000, 0x00000000ca100000, 0x00000000ca200000|  0%| F|  |TAMS 0x00000000ca100000| PB 0x00000000ca100000| Untracked 
| 162|0x00000000ca200000, 0x00000000ca300000, 0x00000000ca300000|100%| O|  |TAMS 0x00000000ca200000| PB 0x00000000ca200000| Untracked 
| 163|0x00000000ca300000, 0x00000000ca400000, 0x00000000ca400000|100%| O|  |TAMS 0x00000000ca300000| PB 0x00000000ca300000| Untracked 
| 164|0x00000000ca400000, 0x00000000ca500000, 0x00000000ca500000|100%| O|  |TAMS 0x00000000ca400000| PB 0x00000000ca400000| Untracked 
| 165|0x00000000ca500000, 0x00000000ca600000, 0x00000000ca600000|100%| O|  |TAMS 0x00000000ca500000| PB 0x00000000ca500000| Untracked 
| 166|0x00000000ca600000, 0x00000000ca700000, 0x00000000ca700000|100%| O|  |TAMS 0x00000000ca600000| PB 0x00000000ca600000| Untracked 
| 167|0x00000000ca700000, 0x00000000ca800000, 0x00000000ca800000|100%| O|  |TAMS 0x00000000ca700000| PB 0x00000000ca700000| Untracked 
| 168|0x00000000ca800000, 0x00000000ca900000, 0x00000000ca900000|100%| O|  |TAMS 0x00000000ca800000| PB 0x00000000ca800000| Untracked 
| 169|0x00000000ca900000, 0x00000000caa00000, 0x00000000caa00000|100%| O|  |TAMS 0x00000000ca900000| PB 0x00000000ca900000| Untracked 
| 170|0x00000000caa00000, 0x00000000cab00000, 0x00000000cab00000|100%|HS|  |TAMS 0x00000000caa00000| PB 0x00000000caa00000| Complete 
| 171|0x00000000cab00000, 0x00000000cac00000, 0x00000000cac00000|100%|HC|  |TAMS 0x00000000cab00000| PB 0x00000000cab00000| Complete 
| 172|0x00000000cac00000, 0x00000000cad00000, 0x00000000cad00000|100%|HC|  |TAMS 0x00000000cac00000| PB 0x00000000cac00000| Complete 
| 173|0x00000000cad00000, 0x00000000cae00000, 0x00000000cae00000|100%|HC|  |TAMS 0x00000000cad00000| PB 0x00000000cad00000| Complete 
| 174|0x00000000cae00000, 0x00000000caf00000, 0x00000000caf00000|100%| O|  |TAMS 0x00000000cae00000| PB 0x00000000cae00000| Untracked 
| 175|0x00000000caf00000, 0x00000000cb000000, 0x00000000cb000000|100%| O|  |TAMS 0x00000000caf00000| PB 0x00000000caf00000| Untracked 
| 176|0x00000000cb000000, 0x00000000cb100000, 0x00000000cb100000|100%| O|  |TAMS 0x00000000cb000000| PB 0x00000000cb000000| Untracked 
| 177|0x00000000cb100000, 0x00000000cb200000, 0x00000000cb200000|100%| O|  |TAMS 0x00000000cb100000| PB 0x00000000cb100000| Untracked 
| 178|0x00000000cb200000, 0x00000000cb300000, 0x00000000cb300000|100%| O|  |TAMS 0x00000000cb200000| PB 0x00000000cb200000| Untracked 
| 179|0x00000000cb300000, 0x00000000cb400000, 0x00000000cb400000|100%| O|  |TAMS 0x00000000cb300000| PB 0x00000000cb300000| Untracked 
| 180|0x00000000cb400000, 0x00000000cb500000, 0x00000000cb500000|100%| O|  |TAMS 0x00000000cb400000| PB 0x00000000cb400000| Untracked 
| 181|0x00000000cb500000, 0x00000000cb600000, 0x00000000cb600000|100%| O|  |TAMS 0x00000000cb500000| PB 0x00000000cb500000| Untracked 
| 182|0x00000000cb600000, 0x00000000cb700000, 0x00000000cb700000|100%| O|  |TAMS 0x00000000cb600000| PB 0x00000000cb600000| Untracked 
| 183|0x00000000cb700000, 0x00000000cb800000, 0x00000000cb800000|100%| O|  |TAMS 0x00000000cb700000| PB 0x00000000cb700000| Untracked 
| 184|0x00000000cb800000, 0x00000000cb900000, 0x00000000cb900000|100%| O|  |TAMS 0x00000000cb800000| PB 0x00000000cb800000| Untracked 
| 185|0x00000000cb900000, 0x00000000cba00000, 0x00000000cba00000|100%| O|  |TAMS 0x00000000cb900000| PB 0x00000000cb900000| Untracked 
| 186|0x00000000cba00000, 0x00000000cbb00000, 0x00000000cbb00000|100%| O|  |TAMS 0x00000000cba00000| PB 0x00000000cba00000| Untracked 
| 187|0x00000000cbb00000, 0x00000000cbc00000, 0x00000000cbc00000|100%| O|  |TAMS 0x00000000cbb00000| PB 0x00000000cbb00000| Untracked 
| 188|0x00000000cbc00000, 0x00000000cbd00000, 0x00000000cbd00000|100%| O|  |TAMS 0x00000000cbc00000| PB 0x00000000cbc00000| Untracked 
| 189|0x00000000cbd00000, 0x00000000cbe00000, 0x00000000cbe00000|100%| O|  |TAMS 0x00000000cbd00000| PB 0x00000000cbd00000| Untracked 
| 190|0x00000000cbe00000, 0x00000000cbf00000, 0x00000000cbf00000|100%| O|  |TAMS 0x00000000cbe00000| PB 0x00000000cbe00000| Untracked 
| 191|0x00000000cbf00000, 0x00000000cc000000, 0x00000000cc000000|100%| O|  |TAMS 0x00000000cbf00000| PB 0x00000000cbf00000| Untracked 
| 192|0x00000000cc000000, 0x00000000cc100000, 0x00000000cc100000|100%| O|  |TAMS 0x00000000cc000000| PB 0x00000000cc000000| Untracked 
| 193|0x00000000cc100000, 0x00000000cc200000, 0x00000000cc200000|100%| O|  |TAMS 0x00000000cc100000| PB 0x00000000cc100000| Untracked 
| 194|0x00000000cc200000, 0x00000000cc300000, 0x00000000cc300000|100%| O|  |TAMS 0x00000000cc200000| PB 0x00000000cc200000| Untracked 
| 195|0x00000000cc300000, 0x00000000cc400000, 0x00000000cc400000|100%| O|  |TAMS 0x00000000cc300000| PB 0x00000000cc300000| Untracked 
| 196|0x00000000cc400000, 0x00000000cc500000, 0x00000000cc500000|100%| O|  |TAMS 0x00000000cc400000| PB 0x00000000cc400000| Untracked 
| 197|0x00000000cc500000, 0x00000000cc600000, 0x00000000cc600000|100%| O|  |TAMS 0x00000000cc500000| PB 0x00000000cc500000| Untracked 
| 198|0x00000000cc600000, 0x00000000cc700000, 0x00000000cc700000|100%| O|  |TAMS 0x00000000cc600000| PB 0x00000000cc600000| Untracked 
| 199|0x00000000cc700000, 0x00000000cc800000, 0x00000000cc800000|100%| O|  |TAMS 0x00000000cc700000| PB 0x00000000cc700000| Untracked 
| 200|0x00000000cc800000, 0x00000000cc900000, 0x00000000cc900000|100%| O|  |TAMS 0x00000000cc800000| PB 0x00000000cc800000| Untracked 
| 201|0x00000000cc900000, 0x00000000cc900000, 0x00000000cca00000|  0%| F|  |TAMS 0x00000000cc900000| PB 0x00000000cc900000| Untracked 
| 202|0x00000000cca00000, 0x00000000cca00000, 0x00000000ccb00000|  0%| F|  |TAMS 0x00000000cca00000| PB 0x00000000cca00000| Untracked 
| 203|0x00000000ccb00000, 0x00000000ccb00000, 0x00000000ccc00000|  0%| F|  |TAMS 0x00000000ccb00000| PB 0x00000000ccb00000| Untracked 
| 204|0x00000000ccc00000, 0x00000000ccc00000, 0x00000000ccd00000|  0%| F|  |TAMS 0x00000000ccc00000| PB 0x00000000ccc00000| Untracked 
| 205|0x00000000ccd00000, 0x00000000ccd00000, 0x00000000cce00000|  0%| F|  |TAMS 0x00000000ccd00000| PB 0x00000000ccd00000| Untracked 
| 206|0x00000000cce00000, 0x00000000cce00000, 0x00000000ccf00000|  0%| F|  |TAMS 0x00000000cce00000| PB 0x00000000cce00000| Untracked 
| 207|0x00000000ccf00000, 0x00000000ccf00000, 0x00000000cd000000|  0%| F|  |TAMS 0x00000000ccf00000| PB 0x00000000ccf00000| Untracked 
| 208|0x00000000cd000000, 0x00000000cd000000, 0x00000000cd100000|  0%| F|  |TAMS 0x00000000cd000000| PB 0x00000000cd000000| Untracked 
| 209|0x00000000cd100000, 0x00000000cd100000, 0x00000000cd200000|  0%| F|  |TAMS 0x00000000cd100000| PB 0x00000000cd100000| Untracked 
| 210|0x00000000cd200000, 0x00000000cd200000, 0x00000000cd300000|  0%| F|  |TAMS 0x00000000cd200000| PB 0x00000000cd200000| Untracked 
| 211|0x00000000cd300000, 0x00000000cd300000, 0x00000000cd400000|  0%| F|  |TAMS 0x00000000cd300000| PB 0x00000000cd300000| Untracked 
| 212|0x00000000cd400000, 0x00000000cd400000, 0x00000000cd500000|  0%| F|  |TAMS 0x00000000cd400000| PB 0x00000000cd400000| Untracked 
| 213|0x00000000cd500000, 0x00000000cd500000, 0x00000000cd600000|  0%| F|  |TAMS 0x00000000cd500000| PB 0x00000000cd500000| Untracked 
| 214|0x00000000cd600000, 0x00000000cd600000, 0x00000000cd700000|  0%| F|  |TAMS 0x00000000cd600000| PB 0x00000000cd600000| Untracked 
| 215|0x00000000cd700000, 0x00000000cd800000, 0x00000000cd800000|100%| O|  |TAMS 0x00000000cd700000| PB 0x00000000cd700000| Untracked 
| 216|0x00000000cd800000, 0x00000000cd900000, 0x00000000cd900000|100%| O|  |TAMS 0x00000000cd800000| PB 0x00000000cd800000| Untracked 
| 217|0x00000000cd900000, 0x00000000cda00000, 0x00000000cda00000|100%| O|  |TAMS 0x00000000cd900000| PB 0x00000000cd900000| Untracked 
| 218|0x00000000cda00000, 0x00000000cdb00000, 0x00000000cdb00000|100%| O|  |TAMS 0x00000000cda00000| PB 0x00000000cda00000| Untracked 
| 219|0x00000000cdb00000, 0x00000000cdc00000, 0x00000000cdc00000|100%| O|  |TAMS 0x00000000cdb00000| PB 0x00000000cdb00000| Untracked 
| 220|0x00000000cdc00000, 0x00000000cdd00000, 0x00000000cdd00000|100%| O|  |TAMS 0x00000000cdc00000| PB 0x00000000cdc00000| Untracked 
| 221|0x00000000cdd00000, 0x00000000cde00000, 0x00000000cde00000|100%| O|  |TAMS 0x00000000cdd00000| PB 0x00000000cdd00000| Untracked 
| 222|0x00000000cde00000, 0x00000000cdf00000, 0x00000000cdf00000|100%| O|  |TAMS 0x00000000cde00000| PB 0x00000000cde00000| Untracked 
| 223|0x00000000cdf00000, 0x00000000ce000000, 0x00000000ce000000|100%| O|  |TAMS 0x00000000cdf00000| PB 0x00000000cdf00000| Untracked 
| 224|0x00000000ce000000, 0x00000000ce100000, 0x00000000ce100000|100%| O|  |TAMS 0x00000000ce000000| PB 0x00000000ce000000| Untracked 
| 225|0x00000000ce100000, 0x00000000ce200000, 0x00000000ce200000|100%| O|  |TAMS 0x00000000ce100000| PB 0x00000000ce100000| Untracked 
| 226|0x00000000ce200000, 0x00000000ce300000, 0x00000000ce300000|100%| O|  |TAMS 0x00000000ce200000| PB 0x00000000ce200000| Untracked 
| 227|0x00000000ce300000, 0x00000000ce380000, 0x00000000ce400000| 50%| O|  |TAMS 0x00000000ce300000| PB 0x00000000ce300000| Untracked 
| 228|0x00000000ce400000, 0x00000000ce400000, 0x00000000ce500000|  0%| F|  |TAMS 0x00000000ce400000| PB 0x00000000ce400000| Untracked 
| 229|0x00000000ce500000, 0x00000000ce500000, 0x00000000ce600000|  0%| F|  |TAMS 0x00000000ce500000| PB 0x00000000ce500000| Untracked 
| 230|0x00000000ce600000, 0x00000000ce600000, 0x00000000ce700000|  0%| F|  |TAMS 0x00000000ce600000| PB 0x00000000ce600000| Untracked 
| 231|0x00000000ce700000, 0x00000000ce700000, 0x00000000ce800000|  0%| F|  |TAMS 0x00000000ce700000| PB 0x00000000ce700000| Untracked 
| 232|0x00000000ce800000, 0x00000000ce800000, 0x00000000ce900000|  0%| F|  |TAMS 0x00000000ce800000| PB 0x00000000ce800000| Untracked 
| 233|0x00000000ce900000, 0x00000000cea00000, 0x00000000cea00000|100%| S|CS|TAMS 0x00000000ce900000| PB 0x00000000ce900000| Complete 
| 234|0x00000000cea00000, 0x00000000ceb00000, 0x00000000ceb00000|100%| S|CS|TAMS 0x00000000cea00000| PB 0x00000000cea00000| Complete 
| 235|0x00000000ceb00000, 0x00000000cec00000, 0x00000000cec00000|100%| S|CS|TAMS 0x00000000ceb00000| PB 0x00000000ceb00000| Complete 
| 236|0x00000000cec00000, 0x00000000ced00000, 0x00000000ced00000|100%| S|CS|TAMS 0x00000000cec00000| PB 0x00000000cec00000| Complete 
| 237|0x00000000ced00000, 0x00000000cee00000, 0x00000000cee00000|100%| S|CS|TAMS 0x00000000ced00000| PB 0x00000000ced00000| Complete 
| 238|0x00000000cee00000, 0x00000000cef00000, 0x00000000cef00000|100%| S|CS|TAMS 0x00000000cee00000| PB 0x00000000cee00000| Complete 
| 239|0x00000000cef00000, 0x00000000cf000000, 0x00000000cf000000|100%| S|CS|TAMS 0x00000000cef00000| PB 0x00000000cef00000| Complete 
| 240|0x00000000cf000000, 0x00000000cf100000, 0x00000000cf100000|100%| S|CS|TAMS 0x00000000cf000000| PB 0x00000000cf000000| Complete 
| 241|0x00000000cf100000, 0x00000000cf200000, 0x00000000cf200000|100%| S|CS|TAMS 0x00000000cf100000| PB 0x00000000cf100000| Complete 
| 242|0x00000000cf200000, 0x00000000cf300000, 0x00000000cf300000|100%| S|CS|TAMS 0x00000000cf200000| PB 0x00000000cf200000| Complete 
| 243|0x00000000cf300000, 0x00000000cf400000, 0x00000000cf400000|100%| S|CS|TAMS 0x00000000cf300000| PB 0x00000000cf300000| Complete 
| 244|0x00000000cf400000, 0x00000000cf500000, 0x00000000cf500000|100%| S|CS|TAMS 0x00000000cf400000| PB 0x00000000cf400000| Complete 
| 245|0x00000000cf500000, 0x00000000cf500000, 0x00000000cf600000|  0%| F|  |TAMS 0x00000000cf500000| PB 0x00000000cf500000| Untracked 
| 246|0x00000000cf600000, 0x00000000cf600000, 0x00000000cf700000|  0%| F|  |TAMS 0x00000000cf600000| PB 0x00000000cf600000| Untracked 
| 247|0x00000000cf700000, 0x00000000cf700000, 0x00000000cf800000|  0%| F|  |TAMS 0x00000000cf700000| PB 0x00000000cf700000| Untracked 
| 248|0x00000000cf800000, 0x00000000cf800000, 0x00000000cf900000|  0%| F|  |TAMS 0x00000000cf800000| PB 0x00000000cf800000| Untracked 
| 249|0x00000000cf900000, 0x00000000cf900000, 0x00000000cfa00000|  0%| F|  |TAMS 0x00000000cf900000| PB 0x00000000cf900000| Untracked 
| 250|0x00000000cfa00000, 0x00000000cfa00000, 0x00000000cfb00000|  0%| F|  |TAMS 0x00000000cfa00000| PB 0x00000000cfa00000| Untracked 
| 251|0x00000000cfb00000, 0x00000000cfb00000, 0x00000000cfc00000|  0%| F|  |TAMS 0x00000000cfb00000| PB 0x00000000cfb00000| Untracked 
| 252|0x00000000cfc00000, 0x00000000cfc00000, 0x00000000cfd00000|  0%| F|  |TAMS 0x00000000cfc00000| PB 0x00000000cfc00000| Untracked 
| 253|0x00000000cfd00000, 0x00000000cfd00000, 0x00000000cfe00000|  0%| F|  |TAMS 0x00000000cfd00000| PB 0x00000000cfd00000| Untracked 
| 254|0x00000000cfe00000, 0x00000000cfe00000, 0x00000000cff00000|  0%| F|  |TAMS 0x00000000cfe00000| PB 0x00000000cfe00000| Untracked 
| 255|0x00000000cff00000, 0x00000000cff00000, 0x00000000d0000000|  0%| F|  |TAMS 0x00000000cff00000| PB 0x00000000cff00000| Untracked 
| 256|0x00000000d0000000, 0x00000000d0000000, 0x00000000d0100000|  0%| F|  |TAMS 0x00000000d0000000| PB 0x00000000d0000000| Untracked 
| 257|0x00000000d0100000, 0x00000000d0100000, 0x00000000d0200000|  0%| F|  |TAMS 0x00000000d0100000| PB 0x00000000d0100000| Untracked 
| 258|0x00000000d0200000, 0x00000000d0200000, 0x00000000d0300000|  0%| F|  |TAMS 0x00000000d0200000| PB 0x00000000d0200000| Untracked 
| 259|0x00000000d0300000, 0x00000000d0300000, 0x00000000d0400000|  0%| F|  |TAMS 0x00000000d0300000| PB 0x00000000d0300000| Untracked 
| 260|0x00000000d0400000, 0x00000000d0400000, 0x00000000d0500000|  0%| F|  |TAMS 0x00000000d0400000| PB 0x00000000d0400000| Untracked 
| 261|0x00000000d0500000, 0x00000000d0500000, 0x00000000d0600000|  0%| F|  |TAMS 0x00000000d0500000| PB 0x00000000d0500000| Untracked 
| 262|0x00000000d0600000, 0x00000000d0600000, 0x00000000d0700000|  0%| F|  |TAMS 0x00000000d0600000| PB 0x00000000d0600000| Untracked 
| 263|0x00000000d0700000, 0x00000000d0700000, 0x00000000d0800000|  0%| F|  |TAMS 0x00000000d0700000| PB 0x00000000d0700000| Untracked 
| 264|0x00000000d0800000, 0x00000000d0800000, 0x00000000d0900000|  0%| F|  |TAMS 0x00000000d0800000| PB 0x00000000d0800000| Untracked 
| 265|0x00000000d0900000, 0x00000000d0900000, 0x00000000d0a00000|  0%| F|  |TAMS 0x00000000d0900000| PB 0x00000000d0900000| Untracked 
| 266|0x00000000d0a00000, 0x00000000d0a00000, 0x00000000d0b00000|  0%| F|  |TAMS 0x00000000d0a00000| PB 0x00000000d0a00000| Untracked 
| 267|0x00000000d0b00000, 0x00000000d0b00000, 0x00000000d0c00000|  0%| F|  |TAMS 0x00000000d0b00000| PB 0x00000000d0b00000| Untracked 
| 268|0x00000000d0c00000, 0x00000000d0c00000, 0x00000000d0d00000|  0%| F|  |TAMS 0x00000000d0c00000| PB 0x00000000d0c00000| Untracked 
| 269|0x00000000d0d00000, 0x00000000d0d00000, 0x00000000d0e00000|  0%| F|  |TAMS 0x00000000d0d00000| PB 0x00000000d0d00000| Untracked 
| 270|0x00000000d0e00000, 0x00000000d0e00000, 0x00000000d0f00000|  0%| F|  |TAMS 0x00000000d0e00000| PB 0x00000000d0e00000| Untracked 
| 271|0x00000000d0f00000, 0x00000000d0f00000, 0x00000000d1000000|  0%| F|  |TAMS 0x00000000d0f00000| PB 0x00000000d0f00000| Untracked 
| 272|0x00000000d1000000, 0x00000000d1000000, 0x00000000d1100000|  0%| F|  |TAMS 0x00000000d1000000| PB 0x00000000d1000000| Untracked 
| 273|0x00000000d1100000, 0x00000000d1100000, 0x00000000d1200000|  0%| F|  |TAMS 0x00000000d1100000| PB 0x00000000d1100000| Untracked 
| 274|0x00000000d1200000, 0x00000000d1200000, 0x00000000d1300000|  0%| F|  |TAMS 0x00000000d1200000| PB 0x00000000d1200000| Untracked 
| 275|0x00000000d1300000, 0x00000000d1300000, 0x00000000d1400000|  0%| F|  |TAMS 0x00000000d1300000| PB 0x00000000d1300000| Untracked 
| 276|0x00000000d1400000, 0x00000000d1400000, 0x00000000d1500000|  0%| F|  |TAMS 0x00000000d1400000| PB 0x00000000d1400000| Untracked 
| 277|0x00000000d1500000, 0x00000000d1500000, 0x00000000d1600000|  0%| F|  |TAMS 0x00000000d1500000| PB 0x00000000d1500000| Untracked 
| 278|0x00000000d1600000, 0x00000000d1600000, 0x00000000d1700000|  0%| F|  |TAMS 0x00000000d1600000| PB 0x00000000d1600000| Untracked 
| 279|0x00000000d1700000, 0x00000000d1700000, 0x00000000d1800000|  0%| F|  |TAMS 0x00000000d1700000| PB 0x00000000d1700000| Untracked 
| 280|0x00000000d1800000, 0x00000000d1800000, 0x00000000d1900000|  0%| F|  |TAMS 0x00000000d1800000| PB 0x00000000d1800000| Untracked 
| 281|0x00000000d1900000, 0x00000000d1900000, 0x00000000d1a00000|  0%| F|  |TAMS 0x00000000d1900000| PB 0x00000000d1900000| Untracked 
| 282|0x00000000d1a00000, 0x00000000d1a00000, 0x00000000d1b00000|  0%| F|  |TAMS 0x00000000d1a00000| PB 0x00000000d1a00000| Untracked 
| 283|0x00000000d1b00000, 0x00000000d1b00000, 0x00000000d1c00000|  0%| F|  |TAMS 0x00000000d1b00000| PB 0x00000000d1b00000| Untracked 
| 284|0x00000000d1c00000, 0x00000000d1c00000, 0x00000000d1d00000|  0%| F|  |TAMS 0x00000000d1c00000| PB 0x00000000d1c00000| Untracked 
| 285|0x00000000d1d00000, 0x00000000d1d00000, 0x00000000d1e00000|  0%| F|  |TAMS 0x00000000d1d00000| PB 0x00000000d1d00000| Untracked 
| 286|0x00000000d1e00000, 0x00000000d1e00000, 0x00000000d1f00000|  0%| F|  |TAMS 0x00000000d1e00000| PB 0x00000000d1e00000| Untracked 
| 287|0x00000000d1f00000, 0x00000000d1f00000, 0x00000000d2000000|  0%| F|  |TAMS 0x00000000d1f00000| PB 0x00000000d1f00000| Untracked 
| 288|0x00000000d2000000, 0x00000000d2000000, 0x00000000d2100000|  0%| F|  |TAMS 0x00000000d2000000| PB 0x00000000d2000000| Untracked 
| 289|0x00000000d2100000, 0x00000000d2100000, 0x00000000d2200000|  0%| F|  |TAMS 0x00000000d2100000| PB 0x00000000d2100000| Untracked 
| 290|0x00000000d2200000, 0x00000000d2200000, 0x00000000d2300000|  0%| F|  |TAMS 0x00000000d2200000| PB 0x00000000d2200000| Untracked 
| 291|0x00000000d2300000, 0x00000000d2300000, 0x00000000d2400000|  0%| F|  |TAMS 0x00000000d2300000| PB 0x00000000d2300000| Untracked 
| 292|0x00000000d2400000, 0x00000000d2400000, 0x00000000d2500000|  0%| F|  |TAMS 0x00000000d2400000| PB 0x00000000d2400000| Untracked 
| 293|0x00000000d2500000, 0x00000000d2500000, 0x00000000d2600000|  0%| F|  |TAMS 0x00000000d2500000| PB 0x00000000d2500000| Untracked 
| 294|0x00000000d2600000, 0x00000000d2700000, 0x00000000d2700000|100%| E|  |TAMS 0x00000000d2600000| PB 0x00000000d2600000| Complete 
| 295|0x00000000d2700000, 0x00000000d2800000, 0x00000000d2800000|100%| E|CS|TAMS 0x00000000d2700000| PB 0x00000000d2700000| Complete 
| 296|0x00000000d2800000, 0x00000000d2900000, 0x00000000d2900000|100%| E|CS|TAMS 0x00000000d2800000| PB 0x00000000d2800000| Complete 
| 297|0x00000000d2900000, 0x00000000d2a00000, 0x00000000d2a00000|100%| E|CS|TAMS 0x00000000d2900000| PB 0x00000000d2900000| Complete 
| 298|0x00000000d2a00000, 0x00000000d2b00000, 0x00000000d2b00000|100%| E|CS|TAMS 0x00000000d2a00000| PB 0x00000000d2a00000| Complete 
| 299|0x00000000d2b00000, 0x00000000d2c00000, 0x00000000d2c00000|100%| E|CS|TAMS 0x00000000d2b00000| PB 0x00000000d2b00000| Complete 
| 300|0x00000000d2c00000, 0x00000000d2d00000, 0x00000000d2d00000|100%| E|CS|TAMS 0x00000000d2c00000| PB 0x00000000d2c00000| Complete 
| 301|0x00000000d2d00000, 0x00000000d2e00000, 0x00000000d2e00000|100%| E|CS|TAMS 0x00000000d2d00000| PB 0x00000000d2d00000| Complete 
| 302|0x00000000d2e00000, 0x00000000d2f00000, 0x00000000d2f00000|100%| E|CS|TAMS 0x00000000d2e00000| PB 0x00000000d2e00000| Complete 
| 303|0x00000000d2f00000, 0x00000000d3000000, 0x00000000d3000000|100%| E|CS|TAMS 0x00000000d2f00000| PB 0x00000000d2f00000| Complete 
| 304|0x00000000d3000000, 0x00000000d3100000, 0x00000000d3100000|100%| E|CS|TAMS 0x00000000d3000000| PB 0x00000000d3000000| Complete 
| 305|0x00000000d3100000, 0x00000000d3200000, 0x00000000d3200000|100%| E|CS|TAMS 0x00000000d3100000| PB 0x00000000d3100000| Complete 
| 306|0x00000000d3200000, 0x00000000d3300000, 0x00000000d3300000|100%| E|CS|TAMS 0x00000000d3200000| PB 0x00000000d3200000| Complete 
| 307|0x00000000d3300000, 0x00000000d3400000, 0x00000000d3400000|100%| E|CS|TAMS 0x00000000d3300000| PB 0x00000000d3300000| Complete 
| 308|0x00000000d3400000, 0x00000000d3500000, 0x00000000d3500000|100%| E|CS|TAMS 0x00000000d3400000| PB 0x00000000d3400000| Complete 
| 309|0x00000000d3500000, 0x00000000d3600000, 0x00000000d3600000|100%| E|CS|TAMS 0x00000000d3500000| PB 0x00000000d3500000| Complete 
| 310|0x00000000d3600000, 0x00000000d3700000, 0x00000000d3700000|100%| E|CS|TAMS 0x00000000d3600000| PB 0x00000000d3600000| Complete 
| 311|0x00000000d3700000, 0x00000000d3800000, 0x00000000d3800000|100%| E|CS|TAMS 0x00000000d3700000| PB 0x00000000d3700000| Complete 
| 312|0x00000000d3800000, 0x00000000d3900000, 0x00000000d3900000|100%| E|CS|TAMS 0x00000000d3800000| PB 0x00000000d3800000| Complete 
| 313|0x00000000d3900000, 0x00000000d3a00000, 0x00000000d3a00000|100%| E|CS|TAMS 0x00000000d3900000| PB 0x00000000d3900000| Complete 
| 314|0x00000000d3a00000, 0x00000000d3b00000, 0x00000000d3b00000|100%| E|CS|TAMS 0x00000000d3a00000| PB 0x00000000d3a00000| Complete 
| 315|0x00000000d3b00000, 0x00000000d3c00000, 0x00000000d3c00000|100%| E|CS|TAMS 0x00000000d3b00000| PB 0x00000000d3b00000| Complete 
| 316|0x00000000d3c00000, 0x00000000d3d00000, 0x00000000d3d00000|100%| E|CS|TAMS 0x00000000d3c00000| PB 0x00000000d3c00000| Complete 
| 317|0x00000000d3d00000, 0x00000000d3e00000, 0x00000000d3e00000|100%| E|CS|TAMS 0x00000000d3d00000| PB 0x00000000d3d00000| Complete 
| 318|0x00000000d3e00000, 0x00000000d3f00000, 0x00000000d3f00000|100%| E|CS|TAMS 0x00000000d3e00000| PB 0x00000000d3e00000| Complete 
| 319|0x00000000d3f00000, 0x00000000d4000000, 0x00000000d4000000|100%| E|CS|TAMS 0x00000000d3f00000| PB 0x00000000d3f00000| Complete 
| 320|0x00000000d4000000, 0x00000000d4100000, 0x00000000d4100000|100%| E|CS|TAMS 0x00000000d4000000| PB 0x00000000d4000000| Complete 
|1020|0x00000000ffc00000, 0x00000000ffd00000, 0x00000000ffd00000|100%| O|  |TAMS 0x00000000ffc00000| PB 0x00000000ffc00000| Untracked 
|1021|0x00000000ffd00000, 0x00000000ffe00000, 0x00000000ffe00000|100%| O|  |TAMS 0x00000000ffd00000| PB 0x00000000ffd00000| Untracked 
|1022|0x00000000ffe00000, 0x00000000fff00000, 0x00000000fff00000|100%| O|  |TAMS 0x00000000ffe00000| PB 0x00000000ffe00000| Untracked 
|1023|0x00000000fff00000, 0x0000000100000000, 0x0000000100000000|100%| E|CS|TAMS 0x00000000fff00000| PB 0x00000000fff00000| Complete 

Card table byte_map: [0x00007d27fa000000,0x00007d27fa200000] _byte_map_base: 0x00007d27f9a00000

Marking Bits: (CMBitMap*) 0x00007d27f40552e0
 Bits: [0x00007d27f9000000, 0x00007d27fa000000)

Polling page: 0x00007d27fc8e2000

Metaspace:

Usage:
  Non-class:     57,65 MB used.
      Class:      6,86 MB used.
       Both:     64,51 MB used.

Virtual space:
  Non-class space:       64,00 MB reserved,      58,38 MB ( 91%) committed,  1 nodes.
      Class space:        1,00 GB reserved,       7,38 MB ( <1%) committed,  1 nodes.
             Both:        1,06 GB reserved,      65,75 MB (  6%) committed. 

Chunk freelists:
   Non-Class:  5,07 MB
       Class:  8,50 MB
        Both:  13,57 MB

MaxMetaspaceSize: unlimited
CompressedClassSpaceSize: 1,00 GB
Initial GC threshold: 21,00 MB
Current GC threshold: 109,62 MB
CDS: on
 - commit_granule_bytes: 65536.
 - commit_granule_words: 8192.
 - virtual_space_node_default_size: 8388608.
 - enlarge_chunks_in_place: 1.
 - use_allocation_guard: 0.


Internal statistics:

num_allocs_failed_limit: 24.
num_arena_births: 1020.
num_arena_deaths: 18.
num_vsnodes_births: 2.
num_vsnodes_deaths: 0.
num_space_committed: 1052.
num_space_uncommitted: 0.
num_chunks_returned_to_freelist: 42.
num_chunks_taken_from_freelist: 3782.
num_chunk_merges: 21.
num_chunk_splits: 2377.
num_chunks_enlarged: 1418.
num_inconsistent_stats: 0.

CodeHeap 'non-profiled nmethods': size=120032Kb used=4652Kb max_used=4888Kb free=115379Kb
 bounds [0x00007d27e42c8000, 0x00007d27e4798000, 0x00007d27eb800000]
CodeHeap 'profiled nmethods': size=120028Kb used=14968Kb max_used=16739Kb free=105059Kb
 bounds [0x00007d27dc800000, 0x00007d27dd8a0000, 0x00007d27e3d37000]
CodeHeap 'non-nmethods': size=5700Kb used=1734Kb max_used=1836Kb free=3965Kb
 bounds [0x00007d27e3d37000, 0x00007d27e3fa7000, 0x00007d27e42c8000]
CodeCache: size=245760Kb, used=21354Kb, max_used=23463Kb, free=224403Kb
 total_blobs=8306, nmethods=7528, adapters=683, full_count=0
Compilation: enabled, stopped_count=0, restarted_count=0

Compilation events (20 events):
Event: 31,525 Thread 0x00007d27f4117440 9511       4       java.util.ArrayDeque::pollFirst (36 bytes)
Event: 31,527 Thread 0x00007d27f4117440 nmethod 9511 0x00007d27e466b590 code [0x00007d27e466b720, 0x00007d27e466b870]
Event: 31,653 Thread 0x00007d27f4117440 9512       4       org.eclipse.jdt.internal.compiler.classfmt.MethodInfo::decodeMethodParameters (129 bytes)
Event: 31,700 Thread 0x00007d27f4117440 nmethod 9512 0x00007d27e45f5610 code [0x00007d27e45f5880, 0x00007d27e45f6938]
Event: 31,769 Thread 0x00007d27f4117440 9513       4       org.eclipse.jdt.core.Signature::checkNextChar (42 bytes)
Event: 31,772 Thread 0x00007d27f4117440 nmethod 9513 0x00007d27e4629610 code [0x00007d27e46297a0, 0x00007d27e4629978]
Event: 31,785 Thread 0x00007d27f4118b10 9514       3       org.eclipse.jdt.core.compiler.CharOperation::fragmentEquals (89 bytes)
Event: 31,786 Thread 0x00007d27f4118b10 nmethod 9514 0x00007d27dcc7de10 code [0x00007d27dcc7e000, 0x00007d27dcc7e4f8]
Event: 31,911 Thread 0x00007d27f4118b10 9515       3       org.eclipse.jdt.internal.compiler.classfmt.ClassFileReader::decodeAnnotations (252 bytes)
Event: 31,913 Thread 0x00007d27f4118b10 nmethod 9515 0x00007d27dd57c010 code [0x00007d27dd57c260, 0x00007d27dd57d210]
Event: 31,967 Thread 0x00007d27f4118b10 9516       1       org.eclipse.jdt.internal.compiler.classfmt.FieldInfoWithAnnotation::getAnnotations (5 bytes)
Event: 31,968 Thread 0x00007d27f4118b10 nmethod 9516 0x00007d27e4629310 code [0x00007d27e46294a0, 0x00007d27e4629560]
Event: 31,981 Thread 0x00007d27f4118b10 9517       3       org.eclipse.jdt.internal.core.search.indexing.AbstractIndexer::addModuleExportedPackages (42 bytes)
Event: 31,982 Thread 0x00007d27f4118b10 nmethod 9517 0x00007d27dcd2da10 code [0x00007d27dcd2dc00, 0x00007d27dcd2e248]
Event: 31,982 Thread 0x00007d27f4118b10 9518       3       org.eclipse.jdt.internal.core.search.matching.ModulePattern::createIndexKey (2 bytes)
Event: 31,982 Thread 0x00007d27f4118b10 nmethod 9518 0x00007d27dd10d390 code [0x00007d27dd10d520, 0x00007d27dd10d608]
Event: 31,988 Thread 0x00007d27f4117440 9519       4       org.eclipse.jdt.internal.compiler.util.Util::scanClassTypeSignature (109 bytes)
Event: 32,027 Thread 0x00007d27f4117440 nmethod 9519 0x00007d27e4628a10 code [0x00007d27e4628be0, 0x00007d27e4628fb8]
Event: 32,044 Thread 0x00007d27f4117440 9520 %     4       org.eclipse.jdt.internal.compiler.util.SimpleLookupTable::rehash @ 23 (86 bytes)
Event: 32,057 Thread 0x00007d27f4117440 nmethod 9520% 0x00007d27e4442510 code [0x00007d27e44426c0, 0x00007d27e4442af0]

GC Heap History (20 events):
Event: 24,958 GC heap before
{Heap before GC invocations=23 (full 0):
 garbage-first heap   total 160768K, used 139101K [0x00000000c0000000, 0x0000000100000000)
  region size 1024K, 60 young (61440K), 9 survivors (9216K)
 Metaspace       used 61235K, committed 62464K, reserved 1114112K
  class space    used 6556K, committed 7040K, reserved 1048576K
}
Event: 24,987 GC heap after
{Heap after GC invocations=24 (full 0):
 garbage-first heap   total 160768K, used 96079K [0x00000000c0000000, 0x0000000100000000)
  region size 1024K, 8 young (8192K), 8 survivors (8192K)
 Metaspace       used 61235K, committed 62464K, reserved 1114112K
  class space    used 6556K, committed 7040K, reserved 1048576K
}
Event: 25,503 GC heap before
{Heap before GC invocations=24 (full 0):
 garbage-first heap   total 160768K, used 141135K [0x00000000c0000000, 0x0000000100000000)
  region size 1024K, 53 young (54272K), 8 survivors (8192K)
 Metaspace       used 62623K, committed 63872K, reserved 1114112K
  class space    used 6669K, committed 7232K, reserved 1048576K
}
Event: 25,541 GC heap after
{Heap after GC invocations=25 (full 0):
 garbage-first heap   total 196608K, used 101888K [0x00000000c0000000, 0x0000000100000000)
  region size 1024K, 7 young (7168K), 7 survivors (7168K)
 Metaspace       used 62623K, committed 63872K, reserved 1114112K
  class space    used 6669K, committed 7232K, reserved 1048576K
}
Event: 26,341 GC heap before
{Heap before GC invocations=25 (full 0):
 garbage-first heap   total 196608K, used 168448K [0x00000000c0000000, 0x0000000100000000)
  region size 1024K, 73 young (74752K), 7 survivors (7168K)
 Metaspace       used 63554K, committed 64832K, reserved 1114112K
  class space    used 6761K, committed 7296K, reserved 1048576K
}
Event: 26,379 GC heap after
{Heap after GC invocations=26 (full 0):
 garbage-first heap   total 196608K, used 115200K [0x00000000c0000000, 0x0000000100000000)
  region size 1024K, 10 young (10240K), 10 survivors (10240K)
 Metaspace       used 63554K, committed 64832K, reserved 1114112K
  class space    used 6761K, committed 7296K, reserved 1048576K
}
Event: 27,322 GC heap before
{Heap before GC invocations=26 (full 0):
 garbage-first heap   total 196608K, used 172544K [0x00000000c0000000, 0x0000000100000000)
  region size 1024K, 64 young (65536K), 10 survivors (10240K)
 Metaspace       used 64462K, committed 65728K, reserved 1114112K
  class space    used 6872K, committed 7424K, reserved 1048576K
}
Event: 27,419 GC heap after
{Heap after GC invocations=27 (full 0):
 garbage-first heap   total 196608K, used 129536K [0x00000000c0000000, 0x0000000100000000)
  region size 1024K, 8 young (8192K), 8 survivors (8192K)
 Metaspace       used 64462K, committed 65728K, reserved 1114112K
  class space    used 6872K, committed 7424K, reserved 1048576K
}
Event: 28,683 GC heap before
{Heap before GC invocations=27 (full 0):
 garbage-first heap   total 215040K, used 172544K [0x00000000c0000000, 0x0000000100000000)
  region size 1024K, 52 young (53248K), 8 survivors (8192K)
 Metaspace       used 65843K, committed 67136K, reserved 1114112K
  class space    used 6993K, committed 7552K, reserved 1048576K
}
Event: 28,723 GC heap after
{Heap after GC invocations=28 (full 0):
 garbage-first heap   total 215040K, used 137216K [0x00000000c0000000, 0x0000000100000000)
  region size 1024K, 7 young (7168K), 7 survivors (7168K)
 Metaspace       used 65843K, committed 67136K, reserved 1114112K
  class space    used 6993K, committed 7552K, reserved 1048576K
}
Event: 29,202 GC heap before
{Heap before GC invocations=29 (full 0):
 garbage-first heap   total 215040K, used 190464K [0x00000000c0000000, 0x0000000100000000)
  region size 1024K, 59 young (60416K), 7 survivors (7168K)
 Metaspace       used 66053K, committed 67328K, reserved 1114112K
  class space    used 7024K, committed 7552K, reserved 1048576K
}
Event: 29,231 GC heap after
{Heap after GC invocations=30 (full 0):
 garbage-first heap   total 332800K, used 148480K [0x00000000c0000000, 0x0000000100000000)
  region size 1024K, 8 young (8192K), 8 survivors (8192K)
 Metaspace       used 66053K, committed 67328K, reserved 1114112K
  class space    used 7024K, committed 7552K, reserved 1048576K
}
Event: 30,271 GC heap before
{Heap before GC invocations=30 (full 0):
 garbage-first heap   total 332800K, used 280576K [0x00000000c0000000, 0x0000000100000000)
  region size 1024K, 137 young (140288K), 8 survivors (8192K)
 Metaspace       used 66053K, committed 67328K, reserved 1114112K
  class space    used 7024K, committed 7552K, reserved 1048576K
}
Event: 30,326 GC heap after
{Heap after GC invocations=31 (full 0):
 garbage-first heap   total 332800K, used 174080K [0x00000000c0000000, 0x0000000100000000)
  region size 1024K, 18 young (18432K), 18 survivors (18432K)
 Metaspace       used 66053K, committed 67328K, reserved 1114112K
  class space    used 7024K, committed 7552K, reserved 1048576K
}
Event: 30,867 GC heap before
{Heap before GC invocations=31 (full 0):
 garbage-first heap   total 332800K, used 259072K [0x00000000c0000000, 0x0000000100000000)
  region size 1024K, 102 young (104448K), 18 survivors (18432K)
 Metaspace       used 66054K, committed 67328K, reserved 1114112K
  class space    used 7024K, committed 7552K, reserved 1048576K
}
Event: 30,903 GC heap after
{Heap after GC invocations=32 (full 0):
 garbage-first heap   total 332800K, used 192512K [0x00000000c0000000, 0x0000000100000000)
  region size 1024K, 15 young (15360K), 15 survivors (15360K)
 Metaspace       used 66054K, committed 67328K, reserved 1114112K
  class space    used 7024K, committed 7552K, reserved 1048576K
}
Event: 31,610 GC heap before
{Heap before GC invocations=33 (full 0):
 garbage-first heap   total 332800K, used 288768K [0x00000000c0000000, 0x0000000100000000)
  region size 1024K, 107 young (109568K), 15 survivors (15360K)
 Metaspace       used 66054K, committed 67328K, reserved 1114112K
  class space    used 7024K, committed 7552K, reserved 1048576K
}
Event: 31,651 GC heap after
{Heap after GC invocations=34 (full 0):
 garbage-first heap   total 332800K, used 215040K [0x00000000c0000000, 0x0000000100000000)
  region size 1024K, 14 young (14336K), 14 survivors (14336K)
 Metaspace       used 66054K, committed 67328K, reserved 1114112K
  class space    used 7024K, committed 7552K, reserved 1048576K
}
Event: 31,991 GC heap before
{Heap before GC invocations=34 (full 0):
 garbage-first heap   total 332800K, used 293888K [0x00000000c0000000, 0x0000000100000000)
  region size 1024K, 91 young (93184K), 14 survivors (14336K)
 Metaspace       used 66054K, committed 67328K, reserved 1114112K
  class space    used 7024K, committed 7552K, reserved 1048576K
}
Event: 32,027 GC heap after
{Heap after GC invocations=35 (full 0):
 garbage-first heap   total 332800K, used 227840K [0x00000000c0000000, 0x0000000100000000)
  region size 1024K, 12 young (12288K), 12 survivors (12288K)
 Metaspace       used 66054K, committed 67328K, reserved 1114112K
  class space    used 7024K, committed 7552K, reserved 1048576K
}

Dll operation events (13 events):
Event: 0,012 Loaded shared library /usr/lib/jvm/java-21-openjdk-amd64/lib/libjava.so
Event: 0,130 Loaded shared library /usr/lib/jvm/java-21-openjdk-amd64/lib/libjsvml.so
Event: 0,486 Loaded shared library /usr/lib/jvm/java-21-openjdk-amd64/lib/libzip.so
Event: 0,502 Loaded shared library /usr/lib/jvm/java-21-openjdk-amd64/lib/libinstrument.so
Event: 0,515 Loaded shared library /usr/lib/jvm/java-21-openjdk-amd64/lib/libnio.so
Event: 0,520 Loaded shared library /usr/lib/jvm/java-21-openjdk-amd64/lib/libzip.so
Event: 0,628 Loaded shared library /usr/lib/jvm/java-21-openjdk-amd64/lib/libjimage.so
Event: 0,869 Loaded shared library /usr/lib/jvm/java-21-openjdk-amd64/lib/libverify.so
Event: 1,993 Loaded shared library /usr/lib/jvm/java-21-openjdk-amd64/lib/libnet.so
Event: 4,166 Loaded shared library /home/dan/.config/Code/User/globalStorage/redhat.java/1.55.0/config_linux/org.eclipse.equinox.launcher/org.eclipse.equinox.launcher.gtk.linux.x86_64_1.2.1600.v20260613-0559/eclipse_11924.so
Event: 6,596 Loaded shared library /usr/lib/jvm/java-21-openjdk-amd64/lib/libmanagement.so
Event: 6,599 Loaded shared library /usr/lib/jvm/java-21-openjdk-amd64/lib/libmanagement_ext.so
Event: 10,781 Loaded shared library /usr/lib/jvm/java-21-openjdk-amd64/lib/libextnet.so

Deoptimization events (20 events):
Event: 28,898 Thread 0x00007d2714004aa0 DEOPT PACKING pc=0x00007d27e4461a28 sp=0x00007d27ccafde90
Event: 28,898 Thread 0x00007d2714004aa0 DEOPT UNPACKING pc=0x00007d27e3d8af99 sp=0x00007d27ccafde38 mode 2
Event: 28,940 Thread 0x00007d2714004aa0 Uncommon trap: trap_request=0xffffffde fr.pc=0x00007d27e4461a28 relative=0x0000000000000208
Event: 28,940 Thread 0x00007d2714004aa0 Uncommon trap: reason=class_check action=maybe_recompile pc=0x00007d27e4461a28 method=org.eclipse.jdt.internal.core.JavaElement.<init>(Lorg/eclipse/jdt/internal/core/JavaElement;)V @ 19 c2
Event: 28,940 Thread 0x00007d2714004aa0 DEOPT PACKING pc=0x00007d27e4461a28 sp=0x00007d27ccafde90
Event: 28,944 Thread 0x00007d2714004aa0 DEOPT UNPACKING pc=0x00007d27e3d8af99 sp=0x00007d27ccafde38 mode 2
Event: 28,960 Thread 0x00007d2714004aa0 Uncommon trap: trap_request=0xffffffde fr.pc=0x00007d27e4461a28 relative=0x0000000000000208
Event: 28,960 Thread 0x00007d2714004aa0 Uncommon trap: reason=class_check action=maybe_recompile pc=0x00007d27e4461a28 method=org.eclipse.jdt.internal.core.JavaElement.<init>(Lorg/eclipse/jdt/internal/core/JavaElement;)V @ 19 c2
Event: 28,960 Thread 0x00007d2714004aa0 DEOPT PACKING pc=0x00007d27e4461a28 sp=0x00007d27ccafde90
Event: 28,960 Thread 0x00007d2714004aa0 DEOPT UNPACKING pc=0x00007d27e3d8af99 sp=0x00007d27ccafde38 mode 2
Event: 29,809 Thread 0x00007d2728d20030 Uncommon trap: trap_request=0xffffff45 fr.pc=0x00007d27e4723fcc relative=0x00000000000040cc
Event: 29,809 Thread 0x00007d2728d20030 Uncommon trap: reason=unstable_if action=reinterpret pc=0x00007d27e4723fcc method=org.eclipse.jdt.internal.core.search.indexing.BinaryIndexer.indexDocument()V @ 55 c2
Event: 29,809 Thread 0x00007d2728d20030 DEOPT PACKING pc=0x00007d27e4723fcc sp=0x00007d27ccbfe030
Event: 29,809 Thread 0x00007d2728d20030 DEOPT UNPACKING pc=0x00007d27e3d8af99 sp=0x00007d27ccbfdfb0 mode 2
Event: 30,028 Thread 0x00007d2728d20030 Uncommon trap: trap_request=0xffffffe4 fr.pc=0x00007d27e475b970 relative=0x00000000000012b0
Event: 30,028 Thread 0x00007d2728d20030 Uncommon trap: reason=range_check action=make_not_entrant pc=0x00007d27e475b970 method=org.eclipse.jdt.internal.core.search.matching.ConstructorPattern.createDeclarationIndexKey([CI[C[[C[[CI[CII)[C @ 352 c2
Event: 30,028 Thread 0x00007d2728d20030 DEOPT PACKING pc=0x00007d27e475b970 sp=0x00007d27ccbfddc0
Event: 30,028 Thread 0x00007d2728d20030 DEOPT UNPACKING pc=0x00007d27e3d8af99 sp=0x00007d27ccbfdd00 mode 2
Event: 30,029 Thread 0x00007d2728d20030 DEOPT PACKING pc=0x00007d27dd3e73c9 sp=0x00007d27ccbfdea0
Event: 30,029 Thread 0x00007d2728d20030 DEOPT UNPACKING pc=0x00007d27e3d8b72f sp=0x00007d27ccbfd3d0 mode 0

Classes loaded (20 events):
Event: 26,916 Loading class java/util/stream/Nodes$IntFixedNodeBuilder
Event: 26,917 Loading class java/util/stream/Node$Builder$OfInt
Event: 26,917 Loading class java/util/stream/Node$Builder$OfInt done
Event: 26,917 Loading class java/util/stream/Nodes$IntArrayNode
Event: 26,917 Loading class java/util/stream/Nodes$IntArrayNode done
Event: 26,917 Loading class java/util/stream/Nodes$IntFixedNodeBuilder done
Event: 27,136 Loading class java/util/stream/ReferencePipeline$4$1
Event: 27,136 Loading class java/util/stream/ReferencePipeline$4$1 done
Event: 28,743 Loading class java/util/HashMap$EntrySpliterator
Event: 28,743 Loading class java/util/HashMap$EntrySpliterator done
Event: 28,804 Loading class java/util/stream/ReduceOps$5
Event: 28,805 Loading class java/util/stream/ReduceOps$5 done
Event: 28,805 Loading class java/util/stream/ReduceOps$CountingSink$OfRef
Event: 28,805 Loading class java/util/stream/ReduceOps$CountingSink
Event: 28,805 Loading class java/util/stream/ReduceOps$CountingSink done
Event: 28,805 Loading class java/util/stream/ReduceOps$CountingSink$OfRef done
Event: 28,824 Loading class java/util/stream/ReduceOps$1
Event: 28,824 Loading class java/util/stream/ReduceOps$1 done
Event: 28,824 Loading class java/util/stream/ReduceOps$1ReducingSink
Event: 28,824 Loading class java/util/stream/ReduceOps$1ReducingSink done

Classes unloaded (9 events):
Event: 10,545 Thread 0x00007d27f4105be0 Unloading class 0x00007d27801b4400 'java/lang/invoke/LambdaForm$MH+0x00007d27801b4400'
Event: 10,545 Thread 0x00007d27f4105be0 Unloading class 0x00007d27801b4000 'java/lang/invoke/LambdaForm$MH+0x00007d27801b4000'
Event: 10,545 Thread 0x00007d27f4105be0 Unloading class 0x00007d27801b3c00 'java/lang/invoke/LambdaForm$MH+0x00007d27801b3c00'
Event: 10,545 Thread 0x00007d27f4105be0 Unloading class 0x00007d27801b3800 'java/lang/invoke/LambdaForm$MH+0x00007d27801b3800'
Event: 10,545 Thread 0x00007d27f4105be0 Unloading class 0x00007d27801b3400 'java/lang/invoke/LambdaForm$BMH+0x00007d27801b3400'
Event: 10,545 Thread 0x00007d27f4105be0 Unloading class 0x00007d27801b3000 'java/lang/invoke/LambdaForm$DMH+0x00007d27801b3000'
Event: 10,545 Thread 0x00007d27f4105be0 Unloading class 0x00007d27801b2000 'java/lang/invoke/LambdaForm$DMH+0x00007d27801b2000'
Event: 23,844 Thread 0x00007d27f4105be0 Unloading class 0x00007d2780300c00 'java/lang/invoke/LambdaForm$MH+0x00007d2780300c00'
Event: 23,844 Thread 0x00007d27f4105be0 Unloading class 0x00007d27802ff800 'java/lang/invoke/LambdaForm$MH+0x00007d27802ff800'

Classes redefined (0 events):
No events

Internal exceptions (20 events):
Event: 24,786 Thread 0x00007d2728854430 Exception <a 'java/io/FileNotFoundException'{0x00000000c723f698}> (0x00000000c723f698) 
thrown [./src/hotspot/share/prims/jni.cpp, line 520]
Event: 25,060 Thread 0x00007d27f465c800 Exception <a 'java/lang/IncompatibleClassChangeError'{0x00000000c98e0158}: Found class java.lang.Object, but interface was expected> (0x00000000c98e0158) 
thrown [./src/hotspot/share/interpreter/linkResolver.cpp, line 840]
Event: 25,180 Thread 0x00007d2728d20030 Implicit null exception at 0x00007d27e46f577f to 0x00007d27e46fba3c
Event: 25,394 Thread 0x00007d2728854430 Exception <a 'sun/nio/fs/UnixException'{0x00000000c77d6698}> (0x00000000c77d6698) 
thrown [./src/hotspot/share/prims/jni.cpp, line 520]
Event: 25,398 Thread 0x00007d274c0234c0 Exception <a 'sun/nio/fs/UnixException'{0x00000000c7605f78}> (0x00000000c7605f78) 
thrown [./src/hotspot/share/prims/jni.cpp, line 520]
Event: 25,402 Thread 0x00007d27c400a5b0 Exception <a 'sun/nio/fs/UnixException'{0x00000000c761fa48}> (0x00000000c761fa48) 
thrown [./src/hotspot/share/prims/jni.cpp, line 520]
Event: 25,402 Thread 0x00007d274c0234c0 Exception <a 'sun/nio/fs/UnixException'{0x00000000c7606b20}> (0x00000000c7606b20) 
thrown [./src/hotspot/share/prims/jni.cpp, line 520]
Event: 25,445 Thread 0x00007d2728854430 Exception <a 'sun/nio/fs/UnixException'{0x00000000c7201e48}> (0x00000000c7201e48) 
thrown [./src/hotspot/share/prims/jni.cpp, line 520]
Event: 25,472 Thread 0x00007d2728854430 Exception <a 'sun/nio/fs/UnixException'{0x00000000c7204df0}> (0x00000000c7204df0) 
thrown [./src/hotspot/share/prims/jni.cpp, line 520]
Event: 25,474 Thread 0x00007d2728854430 Exception <a 'sun/nio/fs/UnixException'{0x00000000c6f01b70}> (0x00000000c6f01b70) 
thrown [./src/hotspot/share/prims/jni.cpp, line 520]
Event: 25,542 Thread 0x00007d2728854430 Exception <a 'sun/nio/fs/UnixException'{0x00000000fff00980}> (0x00000000fff00980) 
thrown [./src/hotspot/share/prims/jni.cpp, line 520]
Event: 25,546 Thread 0x00007d272886a170 Exception <a 'java/lang/NoSuchMethodError'{0x00000000fff2f0e0}: 'java.lang.Object java.lang.invoke.DirectMethodHandle$Holder.invokeSpecial(java.lang.Object, java.lang.Object, int, long)'> (0x00000000fff2f0e0) 
thrown [./src/hotspot/share/interpreter/linkResolver.cpp, line 772]
Event: 25,711 Thread 0x00007d27f465c800 Exception <a 'java/lang/IncompatibleClassChangeError'{0x00000000cae019c0}: Found class java.lang.Object, but interface was expected> (0x00000000cae019c0) 
thrown [./src/hotspot/share/interpreter/linkResolver.cpp, line 840]
Event: 25,734 Thread 0x00007d27f465c800 Exception <a 'java/lang/IncompatibleClassChangeError'{0x00000000cac92998}: Found class java.lang.Object, but interface was expected> (0x00000000cac92998) 
thrown [./src/hotspot/share/interpreter/linkResolver.cpp, line 840]
Event: 26,278 Thread 0x00007d276c005ae0 Exception <a 'java/lang/IncompatibleClassChangeError'{0x00000000c81a0c00}: Found class java.lang.Object, but interface was expected> (0x00000000c81a0c00) 
thrown [./src/hotspot/share/interpreter/linkResolver.cpp, line 840]
Event: 26,920 Thread 0x00007d2728854430 Exception <a 'java/lang/NoSuchMethodError'{0x00000000ca003030}: 'java.lang.Object java.lang.invoke.DirectMethodHandle$Holder.newInvokeSpecial(java.lang.Object, java.lang.Object, int, int, java.lang.Object)'> (0x00000000ca003030) 
thrown [./src/hotspot/share/interpreter/linkResolver.cpp, line 772]
Event: 28,563 Thread 0x00007d2714004aa0 Exception <a 'java/io/FileNotFoundException'{0x00000000ca7e8a28}> (0x00000000ca7e8a28) 
thrown [./src/hotspot/share/prims/jni.cpp, line 520]
Event: 28,564 Thread 0x00007d2714004aa0 Exception <a 'java/io/FileNotFoundException'{0x00000000ca7e9790}> (0x00000000ca7e9790) 
thrown [./src/hotspot/share/prims/jni.cpp, line 520]
Event: 28,866 Thread 0x00007d2714004aa0 Exception <a 'java/lang/NoSuchMethodError'{0x00000000cc4b55d0}: 'java.lang.Object java.lang.invoke.DirectMethodHandle$Holder.invokeStatic(java.lang.Object, java.lang.Object, int, java.lang.Object)'> (0x00000000cc4b55d0) 
thrown [./src/hotspot/share/interpreter/linkResolver.cpp, line 772]
Event: 28,870 Thread 0x00007d2714004aa0 Exception <a 'java/lang/NoSuchMethodError'{0x00000000cc4bbf48}: 'java.lang.Object java.lang.invoke.DirectMethodHandle$Holder.newInvokeSpecial(java.lang.Object, java.lang.Object, int)'> (0x00000000cc4bbf48) 
thrown [./src/hotspot/share/interpreter/linkResolver.cpp, line 772]

ZGC Phase Switch (0 events):
No events

VM Operations (20 events):
Event: 28,683 Executing safepoint VM operation: G1CollectForAllocation (G1 Evacuation Pause)
Event: 28,727 Executing safepoint VM operation: G1CollectForAllocation (G1 Evacuation Pause) done
Event: 28,732 Executing safepoint VM operation: G1PauseCleanup
Event: 28,733 Executing safepoint VM operation: G1PauseCleanup done
Event: 29,202 Executing safepoint VM operation: G1CollectForAllocation (G1 Evacuation Pause)
Event: 29,232 Executing safepoint VM operation: G1CollectForAllocation (G1 Evacuation Pause) done
Event: 30,232 Executing safepoint VM operation: Cleanup
Event: 30,232 Executing safepoint VM operation: Cleanup done
Event: 30,271 Executing safepoint VM operation: G1CollectForAllocation (G1 Evacuation Pause)
Event: 30,326 Executing safepoint VM operation: G1CollectForAllocation (G1 Evacuation Pause) done
Event: 30,867 Executing safepoint VM operation: G1TryInitiateConcMark (G1 Humongous Allocation)
Event: 30,903 Executing safepoint VM operation: G1TryInitiateConcMark (G1 Humongous Allocation) done
Event: 31,295 Executing safepoint VM operation: G1PauseRemark
Event: 31,311 Executing safepoint VM operation: G1PauseRemark done
Event: 31,513 Executing safepoint VM operation: G1PauseCleanup
Event: 31,514 Executing safepoint VM operation: G1PauseCleanup done
Event: 31,610 Executing safepoint VM operation: G1CollectForAllocation (G1 Evacuation Pause)
Event: 31,651 Executing safepoint VM operation: G1CollectForAllocation (G1 Evacuation Pause) done
Event: 31,991 Executing safepoint VM operation: G1CollectForAllocation (G1 Evacuation Pause)
Event: 32,027 Executing safepoint VM operation: G1CollectForAllocation (G1 Evacuation Pause) done

Memory protections (20 events):
Event: 15,915 Protecting memory [0x00007d27cd400000,0x00007d27cd404000] with protection modes 0
Event: 15,919 Protecting memory [0x00007d27cd500000,0x00007d27cd504000] with protection modes 0
Event: 15,922 Protecting memory [0x00007d27cd600000,0x00007d27cd604000] with protection modes 0
Event: 17,396 Protecting memory [0x00007d27cc0bc000,0x00007d27cc0c0000] with protection modes 0
Event: 23,914 Protecting memory [0x00007d27cc0bc000,0x00007d27cc0c0000] with protection modes 0
Event: 24,008 Protecting memory [0x00007d277af00000,0x00007d277af04000] with protection modes 0
Event: 24,010 Protecting memory [0x00007d277ae00000,0x00007d277ae04000] with protection modes 0
Event: 25,067 Protecting memory [0x00007d27cc0bc000,0x00007d27cc0c0000] with protection modes 0
Event: 25,072 Protecting memory [0x00007d277ae00000,0x00007d277ae04000] with protection modes 0
Event: 25,398 Protecting memory [0x00007d277af00000,0x00007d277af04000] with protection modes 0
Event: 25,401 Protecting memory [0x00007d277ad00000,0x00007d277ad04000] with protection modes 0
Event: 25,420 Protecting memory [0x00007d277ac00000,0x00007d277ac04000] with protection modes 0
Event: 25,423 Protecting memory [0x00007d277ab00000,0x00007d277ab04000] with protection modes 0
Event: 25,575 Protecting memory [0x00007d277aa00000,0x00007d277aa04000] with protection modes 0
Event: 25,605 Protecting memory [0x00007d277a900000,0x00007d277a904000] with protection modes 0
Event: 25,754 Protecting memory [0x00007d277a800000,0x00007d277a804000] with protection modes 0
Event: 26,428 Protecting memory [0x00007d277a700000,0x00007d277a704000] with protection modes 0
Event: 26,597 Protecting memory [0x00007d277a3e0000,0x00007d277a3e4000] with protection modes 0
Event: 26,929 Protecting memory [0x00007d27cd700000,0x00007d27cd704000] with protection modes 0
Event: 27,907 Protecting memory [0x00007d27cd600000,0x00007d27cd604000] with protection modes 0

Nmethod flushes (20 events):
Event: 31,309 Thread 0x00007d27f4105be0 flushing  nmethod 0x00007d27dd46b790
Event: 31,309 Thread 0x00007d27f4105be0 flushing  nmethod 0x00007d27dd46ce10
Event: 31,309 Thread 0x00007d27f4105be0 flushing  nmethod 0x00007d27dd54a010
Event: 31,309 Thread 0x00007d27f4105be0 flushing  nmethod 0x00007d27dd564390
Event: 31,309 Thread 0x00007d27f4105be0 flushing  nmethod 0x00007d27dd56b510
Event: 31,309 Thread 0x00007d27f4105be0 flushing  nmethod 0x00007d27dd585a90
Event: 31,309 Thread 0x00007d27f4105be0 flushing  nmethod 0x00007d27dd588990
Event: 31,309 Thread 0x00007d27f4105be0 flushing  nmethod 0x00007d27dd58a590
Event: 31,309 Thread 0x00007d27f4105be0 flushing  nmethod 0x00007d27dd58b790
Event: 31,309 Thread 0x00007d27f4105be0 flushing  nmethod 0x00007d27dd594a10
Event: 31,309 Thread 0x00007d27f4105be0 flushing  nmethod 0x00007d27dc9f8990
Event: 31,309 Thread 0x00007d27f4105be0 flushing  nmethod 0x00007d27dc9f9210
Event: 31,309 Thread 0x00007d27f4105be0 flushing  nmethod 0x00007d27dca13b10
Event: 31,309 Thread 0x00007d27f4105be0 flushing  nmethod 0x00007d27dcbc8110
Event: 31,309 Thread 0x00007d27f4105be0 flushing  nmethod 0x00007d27dcd2eb90
Event: 31,309 Thread 0x00007d27f4105be0 flushing  nmethod 0x00007d27dcd93790
Event: 31,309 Thread 0x00007d27f4105be0 flushing  nmethod 0x00007d27dcdb7710
Event: 31,309 Thread 0x00007d27f4105be0 flushing  nmethod 0x00007d27dcdb9a90
Event: 31,309 Thread 0x00007d27f4105be0 flushing  nmethod 0x00007d27dce53190
Event: 31,309 Thread 0x00007d27f4105be0 flushing  nmethod 0x00007d27dce72d10

Events (20 events):
Event: 24,015 Thread 0x00007d2764002e00 Thread exited: 0x00007d2764002e00
Event: 24,018 Thread 0x00007d272c0289a0 Thread exited: 0x00007d272c0289a0
Event: 25,065 Thread 0x00007d27f465c800 Thread added: 0x00007d273c2d29a0
Event: 25,069 Thread 0x00007d273c2d29a0 Thread added: 0x00007d276c005ae0
Event: 25,398 Thread 0x00007d2728854430 Thread added: 0x00007d274c0234c0
Event: 25,401 Thread 0x00007d274c0234c0 Thread added: 0x00007d27c400a5b0
Event: 25,418 Thread 0x00007d27c400a5b0 Thread added: 0x00007d27c0009eb0
Event: 25,423 Thread 0x00007d274c0234c0 Thread added: 0x00007d27c400bb60
Event: 25,575 Thread 0x00007d2728854430 Thread added: 0x00007d274c026470
Event: 25,592 Thread 0x00007d2728854430 Thread added: 0x00007d274c0276b0
Event: 25,748 Thread 0x00007d273c2d29a0 Thread added: 0x00007d276c00beb0
Event: 26,428 Thread 0x00007d2728854430 Thread added: 0x00007d274c046b70
Event: 26,596 Thread 0x00007d272c002b00 Thread added: 0x00007d27380050d0
Event: 26,920 Thread 0x00007d274c18e0d0 Thread exited: 0x00007d274c18e0d0
Event: 26,921 Thread 0x00007d274c18d700 Thread exited: 0x00007d274c18d700
Event: 26,922 Thread 0x00007d273c0a5390 Thread exited: 0x00007d273c0a5390
Event: 26,928 Thread 0x00007d2728854430 Thread added: 0x00007d274c18e230
Event: 27,061 Thread 0x00007d2758004290 Thread exited: 0x00007d2758004290
Event: 27,907 Thread 0x00007d2728854430 Thread added: 0x00007d274c049580
Event: 29,062 Thread 0x00007d27300ca660 Thread exited: 0x00007d27300ca660


Dynamic libraries:
c0000000-d4100000 rw-p 00000000 00:00 0 
d4100000-ffc00000 ---p 00000000 00:00 0 
ffc00000-ffe00000 rw-p 00000000 00:00 0 
ffe00000-fff0d000 rw-p 00cdb000 08:03 21778994                           /usr/lib/jvm/java-21-openjdk-amd64/lib/server/classes.jsa
fff0d000-100000000 rw-p 00000000 00:00 0 
5bcc7dace000-5bcc7dacf000 r--p 00000000 08:03 21778769                   /usr/lib/jvm/java-21-openjdk-amd64/bin/java
5bcc7dacf000-5bcc7dad0000 r-xp 00001000 08:03 21778769                   /usr/lib/jvm/java-21-openjdk-amd64/bin/java
5bcc7dad0000-5bcc7dad1000 r--p 00002000 08:03 21778769                   /usr/lib/jvm/java-21-openjdk-amd64/bin/java
5bcc7dad1000-5bcc7dad2000 r--p 00002000 08:03 21778769                   /usr/lib/jvm/java-21-openjdk-amd64/bin/java
5bcc7dad2000-5bcc7dad3000 rw-p 00003000 08:03 21778769                   /usr/lib/jvm/java-21-openjdk-amd64/bin/java
5bcc8599d000-5bcc85a0a000 rw-p 00000000 00:00 0                          [heap]
7d270b800000-7d2713e51000 r--s 00000000 08:03 21778993                   /usr/lib/jvm/java-21-openjdk-amd64/lib/modules
7d2714000000-7d271478f000 rw-p 00000000 00:00 0 
7d271478f000-7d2718000000 ---p 00000000 00:00 0 
7d271c000000-7d271c0c0000 rw-p 00000000 00:00 0 
7d271c0c0000-7d2720000000 ---p 00000000 00:00 0 
7d2720000000-7d27201fd000 rw-p 00000000 00:00 0 
7d27201fd000-7d2724000000 ---p 00000000 00:00 0 
7d2724000000-7d2724115000 rw-p 00000000 00:00 0 
7d2724115000-7d2728000000 ---p 00000000 00:00 0 
7d2728000000-7d2728d8c000 rw-p 00000000 00:00 0 
7d2728d8c000-7d272c000000 ---p 00000000 00:00 0 
7d272c000000-7d272c03b000 rw-p 00000000 00:00 0 
7d272c03b000-7d2730000000 ---p 00000000 00:00 0 
7d2730000000-7d27300ed000 rw-p 00000000 00:00 0 
7d27300ed000-7d2734000000 ---p 00000000 00:00 0 
7d2734000000-7d2734021000 rw-p 00000000 00:00 0 
7d2734021000-7d2738000000 ---p 00000000 00:00 0 
7d2738000000-7d2738021000 rw-p 00000000 00:00 0 
7d2738021000-7d273c000000 ---p 00000000 00:00 0 
7d273c000000-7d273c2e8000 rw-p 00000000 00:00 0 
7d273c2e8000-7d2740000000 ---p 00000000 00:00 0 
7d2740000000-7d2740021000 rw-p 00000000 00:00 0 
7d2740021000-7d2744000000 ---p 00000000 00:00 0 
7d2744000000-7d2744029000 rw-p 00000000 00:00 0 
7d2744029000-7d2748000000 ---p 00000000 00:00 0 
7d2748000000-7d274a245000 rw-p 00000000 00:00 0 
7d274a245000-7d274c000000 ---p 00000000 00:00 0 
7d274c000000-7d274c5dd000 rw-p 00000000 00:00 0 
7d274c5dd000-7d2750000000 ---p 00000000 00:00 0 
7d2750000000-7d2750021000 rw-p 00000000 00:00 0 
7d2750021000-7d2754000000 ---p 00000000 00:00 0 
7d2754000000-7d2754c74000 rw-p 00000000 00:00 0 
7d2754c74000-7d2758000000 ---p 00000000 00:00 0 
7d2758000000-7d2758021000 rw-p 00000000 00:00 0 
7d2758021000-7d275c000000 ---p 00000000 00:00 0 
7d275c000000-7d275c021000 rw-p 00000000 00:00 0 
7d275c021000-7d2760000000 ---p 00000000 00:00 0 
7d2760000000-7d2761a23000 rw-p 00000000 00:00 0 
7d2761a23000-7d2764000000 ---p 00000000 00:00 0 
7d2764000000-7d2764021000 rw-p 00000000 00:00 0 
7d2764021000-7d2768000000 ---p 00000000 00:00 0 
7d2768000000-7d2768021000 rw-p 00000000 00:00 0 
7d2768021000-7d276c000000 ---p 00000000 00:00 0 
7d276c000000-7d276c036000 rw-p 00000000 00:00 0 
7d276c036000-7d2770000000 ---p 00000000 00:00 0 
7d2770000000-7d2770021000 rw-p 00000000 00:00 0 
7d2770021000-7d2774000000 ---p 00000000 00:00 0 
7d2774000000-7d2774110000 rw-p 00000000 00:00 0 
7d2774110000-7d2778000000 ---p 00000000 00:00 0 
7d277a0fc000-7d277a3e0000 rw-p 00000000 00:00 0 
7d277a3e0000-7d277a3e4000 ---p 00000000 00:00 0 
7d277a3e4000-7d277a4e0000 rw-p 00000000 00:00 0 
7d277a700000-7d277a704000 ---p 00000000 00:00 0 
7d277a704000-7d277a800000 rw-p 00000000 00:00 0 
7d277a800000-7d277a804000 ---p 00000000 00:00 0 
7d277a804000-7d277a900000 rw-p 00000000 00:00 0 
7d277a900000-7d277a904000 ---p 00000000 00:00 0 
7d277a904000-7d277aa00000 rw-p 00000000 00:00 0 
7d277aa00000-7d277aa04000 ---p 00000000 00:00 0 
7d277aa04000-7d277ab00000 rw-p 00000000 00:00 0 
7d277ab00000-7d277ab04000 ---p 00000000 00:00 0 
7d277ab04000-7d277ac00000 rw-p 00000000 00:00 0 
7d277ac00000-7d277ac04000 ---p 00000000 00:00 0 
7d277ac04000-7d277ad00000 rw-p 00000000 00:00 0 
7d277ad00000-7d277ad04000 ---p 00000000 00:00 0 
7d277ad04000-7d277ae00000 rw-p 00000000 00:00 0 
7d277ae00000-7d277ae04000 ---p 00000000 00:00 0 
7d277ae04000-7d277af00000 rw-p 00000000 00:00 0 
7d277af00000-7d277af04000 ---p 00000000 00:00 0 
7d277af04000-7d277b000000 rw-p 00000000 00:00 0 
7d277b000000-7d277b400000 rw-p 00000000 00:00 0 
7d277b400000-7d277b700000 rw-p 00000000 00:00 0 
7d277b700000-7d277b800000 rw-p 00000000 00:00 0 
7d277b800000-7d277bb00000 rw-p 00000000 00:00 0 
7d277bb00000-7d277bd00000 rw-p 00000000 00:00 0 
7d277bd00000-7d277be00000 rw-p 00000000 00:00 0 
7d277be00000-7d277c900000 rw-p 00000000 00:00 0 
7d277c900000-7d277ca00000 rw-p 00000000 00:00 0 
7d277ca00000-7d277cb00000 rw-p 00000000 00:00 0 
7d277cb00000-7d277cc00000 rw-p 00000000 00:00 0 
7d277cc00000-7d277cf00000 rw-p 00000000 00:00 0 
7d277cf00000-7d277d000000 rw-p 00000000 00:00 0 
7d277d000000-7d277d100000 rw-p 00000000 00:00 0 
7d277d100000-7d277d300000 rw-p 00000000 00:00 0 
7d277d300000-7d277d400000 rw-p 00000000 00:00 0 
7d277d400000-7d277d500000 rw-p 00000000 00:00 0 
7d277d500000-7d277d600000 rw-p 00000000 00:00 0 
7d277d600000-7d277d900000 rw-p 00000000 00:00 0 
7d277d900000-7d277da00000 rw-p 00000000 00:00 0 
7d277da00000-7d277e500000 rw-p 00000000 00:00 0 
7d277e500000-7d277e570000 rw-p 00000000 00:00 0 
7d277e570000-7d277e600000 ---p 00000000 00:00 0 
7d277e600000-7d277eaf0000 rw-p 00000000 00:00 0 
7d277eaf0000-7d277f000000 ---p 00000000 00:00 0 
7d277f000000-7d277fc9c000 rw-p 00001000 08:03 21778994                   /usr/lib/jvm/java-21-openjdk-amd64/lib/server/classes.jsa
7d277fc9c000-7d2780000000 ---p 00000000 00:00 0 
7d2780000000-7d2780040000 rw-p 00000000 00:00 0 
7d2780040000-7d27800c0000 rw-p 00000000 00:00 0 
7d27800c0000-7d2780100000 rw-p 00000000 00:00 0 
7d2780100000-7d2780200000 rw-p 00000000 00:00 0 
7d2780200000-7d27803c0000 rw-p 00000000 00:00 0 
7d27803c0000-7d2780400000 rw-p 00000000 00:00 0 
7d2780400000-7d2780480000 rw-p 00000000 00:00 0 
7d2780480000-7d27805c0000 rw-p 00000000 00:00 0 
7d27805c0000-7d27805e0000 rw-p 00000000 00:00 0 
7d27805e0000-7d2780600000 ---p 00000000 00:00 0 
7d2780600000-7d2780780000 rw-p 00000000 00:00 0 
7d2780780000-7d27c0000000 ---p 00000000 00:00 0 
7d27c0000000-7d27c0021000 rw-p 00000000 00:00 0 
7d27c0021000-7d27c4000000 ---p 00000000 00:00 0 
7d27c4000000-7d27c4021000 rw-p 00000000 00:00 0 
7d27c4021000-7d27c8000000 ---p 00000000 00:00 0 
7d27c8000000-7d27c8021000 rw-p 00000000 00:00 0 
7d27c8021000-7d27cc000000 ---p 00000000 00:00 0 
7d27cc0bc000-7d27cc0c0000 ---p 00000000 00:00 0 
7d27cc0c0000-7d27cc1bc000 rw-p 00000000 00:00 0 
7d27cc1bc000-7d27cc1c0000 ---p 00000000 00:00 0 
7d27cc1c0000-7d27cc2bc000 rw-p 00000000 00:00 0 
7d27cc2bc000-7d27cc2c0000 ---p 00000000 00:00 0 
7d27cc2c0000-7d27cc3bc000 rw-p 00000000 00:00 0 
7d27cc3bc000-7d27cc3c0000 ---p 00000000 00:00 0 
7d27cc3c0000-7d27cc4bc000 rw-p 00000000 00:00 0 
7d27cc4bc000-7d27cc4c0000 ---p 00000000 00:00 0 
7d27cc4c0000-7d27cc5bc000 rw-p 00000000 00:00 0 
7d27cc600000-7d27cc604000 ---p 00000000 00:00 0 
7d27cc604000-7d27cc700000 rw-p 00000000 00:00 0 
7d27cc700000-7d27cc704000 ---p 00000000 00:00 0 
7d27cc704000-7d27cc800000 rw-p 00000000 00:00 0 
7d27cc800000-7d27cc804000 ---p 00000000 00:00 0 
7d27cc804000-7d27cc900000 rw-p 00000000 00:00 0 
7d27cc900000-7d27cc904000 ---p 00000000 00:00 0 
7d27cc904000-7d27cca00000 rw-p 00000000 00:00 0 
7d27cca00000-7d27cca04000 ---p 00000000 00:00 0 
7d27cca04000-7d27ccb00000 rw-p 00000000 00:00 0 
7d27ccb00000-7d27ccb04000 ---p 00000000 00:00 0 
7d27ccb04000-7d27ccc00000 rw-p 00000000 00:00 0 
7d27ccc00000-7d27ccc04000 ---p 00000000 00:00 0 
7d27ccc04000-7d27ccd00000 rw-p 00000000 00:00 0 
7d27ccd00000-7d27ccd04000 ---p 00000000 00:00 0 
7d27ccd04000-7d27cce00000 rw-p 00000000 00:00 0 
7d27cce00000-7d27cce04000 ---p 00000000 00:00 0 
7d27cce04000-7d27ccf00000 rw-p 00000000 00:00 0 
7d27ccf00000-7d27ccf04000 ---p 00000000 00:00 0 
7d27ccf04000-7d27cd000000 rw-p 00000000 00:00 0 
7d27cd000000-7d27cd004000 ---p 00000000 00:00 0 
7d27cd004000-7d27cd100000 rw-p 00000000 00:00 0 
7d27cd100000-7d27cd104000 ---p 00000000 00:00 0 
7d27cd104000-7d27cd200000 rw-p 00000000 00:00 0 
7d27cd200000-7d27cd204000 ---p 00000000 00:00 0 
7d27cd204000-7d27cd300000 rw-p 00000000 00:00 0 
7d27cd300000-7d27cd304000 ---p 00000000 00:00 0 
7d27cd304000-7d27cd400000 rw-p 00000000 00:00 0 
7d27cd400000-7d27cd404000 ---p 00000000 00:00 0 
7d27cd404000-7d27cd500000 rw-p 00000000 00:00 0 
7d27cd500000-7d27cd504000 ---p 00000000 00:00 0 
7d27cd504000-7d27cd600000 rw-p 00000000 00:00 0 
7d27cd600000-7d27cd604000 ---p 00000000 00:00 0 
7d27cd604000-7d27cd700000 rw-p 00000000 00:00 0 
7d27cd700000-7d27cd704000 ---p 00000000 00:00 0 
7d27cd704000-7d27cd800000 rw-p 00000000 00:00 0 
7d27cd800000-7d27cdff0000 r--p 00000000 08:03 19530507                   /usr/lib/locale/locale-archive
7d27ce000000-7d27d0021000 rw-p 00000000 00:00 0 
7d27d0021000-7d27d4000000 ---p 00000000 00:00 0 
7d27d4000000-7d27d4105000 rw-p 00000000 00:00 0 
7d27d4105000-7d27d8000000 ---p 00000000 00:00 0 
7d27d8000000-7d27d8021000 rw-p 00000000 00:00 0 
7d27d8021000-7d27dc000000 ---p 00000000 00:00 0 
7d27dc0fd000-7d27dc0fe000 ---p 00000000 00:00 0 
7d27dc0fe000-7d27dc1fe000 rw-p 00000000 00:00 0 
7d27dc1fe000-7d27dc1ff000 ---p 00000000 00:00 0 
7d27dc1ff000-7d27dc2ff000 rw-p 00000000 00:00 0 
7d27dc2ff000-7d27dc300000 ---p 00000000 00:00 0 
7d27dc300000-7d27dc400000 rw-p 00000000 00:00 0 
7d27dc400000-7d27dc404000 ---p 00000000 00:00 0 
7d27dc404000-7d27dc500000 rw-p 00000000 00:00 0 
7d27dc500000-7d27dc504000 ---p 00000000 00:00 0 
7d27dc504000-7d27dc600000 rw-p 00000000 00:00 0 
7d27dc600000-7d27dc604000 ---p 00000000 00:00 0 
7d27dc604000-7d27dc700000 rw-p 00000000 00:00 0 
7d27dc700000-7d27dc704000 ---p 00000000 00:00 0 
7d27dc704000-7d27dc800000 rw-p 00000000 00:00 0 
7d27dc800000-7d27dd8a0000 rwxp 00000000 00:00 0 
7d27dd8a0000-7d27e3d37000 ---p 00000000 00:00 0 
7d27e3d37000-7d27e3fa7000 rwxp 00000000 00:00 0 
7d27e3fa7000-7d27e42c8000 ---p 00000000 00:00 0 
7d27e42c8000-7d27e4798000 rwxp 00000000 00:00 0 
7d27e4798000-7d27eb800000 ---p 00000000 00:00 0 
7d27eb800000-7d27f3e51000 r--s 00000000 08:03 21778993                   /usr/lib/jvm/java-21-openjdk-amd64/lib/modules
7d27f3ebe000-7d27f3ebf000 r--p 00000000 08:03 19544728                   /usr/lib/x86_64-linux-gnu/libnss_mdns4_minimal.so.2
7d27f3ebf000-7d27f3ec1000 r-xp 00001000 08:03 19544728                   /usr/lib/x86_64-linux-gnu/libnss_mdns4_minimal.so.2
7d27f3ec1000-7d27f3ec2000 r--p 00003000 08:03 19544728                   /usr/lib/x86_64-linux-gnu/libnss_mdns4_minimal.so.2
7d27f3ec2000-7d27f3ec3000 r--p 00003000 08:03 19544728                   /usr/lib/x86_64-linux-gnu/libnss_mdns4_minimal.so.2
7d27f3ec3000-7d27f3ec4000 rw-p 00004000 08:03 19544728                   /usr/lib/x86_64-linux-gnu/libnss_mdns4_minimal.so.2
7d27f3ed2000-7d27f3ed3000 r--p 00000000 08:03 21778963                   /usr/lib/jvm/java-21-openjdk-amd64/lib/libextnet.so
7d27f3ed3000-7d27f3ed4000 r-xp 00001000 08:03 21778963                   /usr/lib/jvm/java-21-openjdk-amd64/lib/libextnet.so
7d27f3ed4000-7d27f3ed5000 r--p 00002000 08:03 21778963                   /usr/lib/jvm/java-21-openjdk-amd64/lib/libextnet.so
7d27f3ed5000-7d27f3ed6000 r--p 00002000 08:03 21778963                   /usr/lib/jvm/java-21-openjdk-amd64/lib/libextnet.so
7d27f3ed6000-7d27f3ed7000 rw-p 00003000 08:03 21778963                   /usr/lib/jvm/java-21-openjdk-amd64/lib/libextnet.so
7d27f3ed7000-7d27f3ed9000 r--p 00000000 08:03 21778982                   /usr/lib/jvm/java-21-openjdk-amd64/lib/libmanagement_ext.so
7d27f3ed9000-7d27f3edc000 r-xp 00002000 08:03 21778982                   /usr/lib/jvm/java-21-openjdk-amd64/lib/libmanagement_ext.so
7d27f3edc000-7d27f3edd000 r--p 00005000 08:03 21778982                   /usr/lib/jvm/java-21-openjdk-amd64/lib/libmanagement_ext.so
7d27f3edd000-7d27f3ede000 r--p 00006000 08:03 21778982                   /usr/lib/jvm/java-21-openjdk-amd64/lib/libmanagement_ext.so
7d27f3ede000-7d27f3edf000 rw-p 00007000 08:03 21778982                   /usr/lib/jvm/java-21-openjdk-amd64/lib/libmanagement_ext.so
7d27f3edf000-7d27f3ee1000 r--p 00000000 08:03 21778980                   /usr/lib/jvm/java-21-openjdk-amd64/lib/libmanagement.so
7d27f3ee1000-7d27f3ee2000 r-xp 00002000 08:03 21778980                   /usr/lib/jvm/java-21-openjdk-amd64/lib/libmanagement.so
7d27f3ee2000-7d27f3ee3000 r--p 00003000 08:03 21778980                   /usr/lib/jvm/java-21-openjdk-amd64/lib/libmanagement.so
7d27f3ee3000-7d27f3ee4000 r--p 00003000 08:03 21778980                   /usr/lib/jvm/java-21-openjdk-amd64/lib/libmanagement.so
7d27f3ee4000-7d27f3ee5000 rw-p 00004000 08:03 21778980                   /usr/lib/jvm/java-21-openjdk-amd64/lib/libmanagement.so
7d27f3ee5000-7d27f3ee9000 r--p 00000000 08:03 17046020                   /home/dan/.config/Code/User/globalStorage/redhat.java/1.55.0/config_linux/org.eclipse.equinox.launcher/org.eclipse.equinox.launcher.gtk.linux.x86_64_1.2.1600.v20260613-0559/eclipse_11924.so
7d27f3ee9000-7d27f3ef3000 r-xp 00004000 08:03 17046020                   /home/dan/.config/Code/User/globalStorage/redhat.java/1.55.0/config_linux/org.eclipse.equinox.launcher/org.eclipse.equinox.launcher.gtk.linux.x86_64_1.2.1600.v20260613-0559/eclipse_11924.so
7d27f3ef3000-7d27f3ef6000 r--p 0000e000 08:03 17046020                   /home/dan/.config/Code/User/globalStorage/redhat.java/1.55.0/config_linux/org.eclipse.equinox.launcher/org.eclipse.equinox.launcher.gtk.linux.x86_64_1.2.1600.v20260613-0559/eclipse_11924.so
7d27f3ef6000-7d27f3ef7000 r--p 00010000 08:03 17046020                   /home/dan/.config/Code/User/globalStorage/redhat.java/1.55.0/config_linux/org.eclipse.equinox.launcher/org.eclipse.equinox.launcher.gtk.linux.x86_64_1.2.1600.v20260613-0559/eclipse_11924.so
7d27f3ef7000-7d27f3ef8000 rw-p 00011000 08:03 17046020                   /home/dan/.config/Code/User/globalStorage/redhat.java/1.55.0/config_linux/org.eclipse.equinox.launcher/org.eclipse.equinox.launcher.gtk.linux.x86_64_1.2.1600.v20260613-0559/eclipse_11924.so
7d27f3ef8000-7d27f3ef9000 rw-p 00000000 00:00 0 
7d27f3ef9000-7d27f3f00000 r--s 00000000 08:03 19679675                   /usr/lib/x86_64-linux-gnu/gconv/gconv-modules.cache
7d27f3f00000-7d27f3f04000 ---p 00000000 00:00 0 
7d27f3f04000-7d27f4000000 rw-p 00000000 00:00 0 
7d27f4000000-7d27f47e1000 rw-p 00000000 00:00 0 
7d27f47e1000-7d27f8000000 ---p 00000000 00:00 0 
7d27f8001000-7d27f8025000 r--p 00000000 08:03 20982075                   /usr/share/locale-langpack/pt_BR/LC_MESSAGES/libc.mo
7d27f8025000-7d27f802a000 r--p 00000000 08:03 21778977                   /usr/lib/jvm/java-21-openjdk-amd64/lib/libjsvml.so
7d27f802a000-7d27f806b000 r-xp 00005000 08:03 21778977                   /usr/lib/jvm/java-21-openjdk-amd64/lib/libjsvml.so
7d27f806b000-7d27f80f4000 r--p 00046000 08:03 21778977                   /usr/lib/jvm/java-21-openjdk-amd64/lib/libjsvml.so
7d27f80f4000-7d27f80f5000 r--p 000ce000 08:03 21778977                   /usr/lib/jvm/java-21-openjdk-amd64/lib/libjsvml.so
7d27f80f5000-7d27f80f6000 rw-p 000cf000 08:03 21778977                   /usr/lib/jvm/java-21-openjdk-amd64/lib/libjsvml.so
7d27f80f6000-7d27f80fa000 ---p 00000000 00:00 0 
7d27f80fa000-7d27f81f6000 rw-p 00000000 00:00 0 
7d27f81f6000-7d27f81fa000 ---p 00000000 00:00 0 
7d27f81fa000-7d27f82f6000 rw-p 00000000 00:00 0 
7d27f82f6000-7d27f82fa000 ---p 00000000 00:00 0 
7d27f82fa000-7d27f83f6000 rw-p 00000000 00:00 0 
7d27f83f6000-7d27f83fa000 ---p 00000000 00:00 0 
7d27f83fa000-7d27f84f6000 rw-p 00000000 00:00 0 
7d27f84f6000-7d27f84fa000 ---p 00000000 00:00 0 
7d27f84fa000-7d27f85f6000 rw-p 00000000 00:00 0 
7d27f85f6000-7d27f85f7000 ---p 00000000 00:00 0 
7d27f85f7000-7d27f86f7000 rw-p 00000000 00:00 0 
7d27f86f7000-7d27f86f8000 ---p 00000000 00:00 0 
7d27f86f8000-7d27f87f8000 rw-p 00000000 00:00 0 
7d27f87f8000-7d27f87f9000 ---p 00000000 00:00 0 
7d27f87f9000-7d27f88f9000 rw-p 00000000 00:00 0 
7d27f88f9000-7d27f88fa000 ---p 00000000 00:00 0 
7d27f88fa000-7d27f89fa000 rw-p 00000000 00:00 0 
7d27f89fa000-7d27f8dfe000 rw-p 00000000 00:00 0 
7d27f8dfe000-7d27f8dff000 ---p 00000000 00:00 0 
7d27f8dff000-7d27f8eff000 rw-p 00000000 00:00 0 
7d27f8eff000-7d27f8f00000 ---p 00000000 00:00 0 
7d27f8f00000-7d27f9000000 rw-p 00000000 00:00 0 
7d27f9000000-7d27f9504000 rw-p 00000000 00:00 0 
7d27f9504000-7d27f9ff0000 ---p 00000000 00:00 0 
7d27f9ff0000-7d27fa0a1000 rw-p 00000000 00:00 0 
7d27fa0a1000-7d27fa1fe000 ---p 00000000 00:00 0 
7d27fa1fe000-7d27fa2a1000 rw-p 00000000 00:00 0 
7d27fa2a1000-7d27fa3fe000 ---p 00000000 00:00 0 
7d27fa3fe000-7d27fa400000 rw-p 00000000 00:00 0 
7d27fa401000-7d27fa402000 r--p 00000000 08:03 19530192                   /usr/lib/x86_64-linux-gnu/libdl.so.2
7d27fa402000-7d27fa403000 r-xp 00001000 08:03 19530192                   /usr/lib/x86_64-linux-gnu/libdl.so.2
7d27fa403000-7d27fa404000 r--p 00002000 08:03 19530192                   /usr/lib/x86_64-linux-gnu/libdl.so.2
7d27fa404000-7d27fa405000 r--p 00002000 08:03 19530192                   /usr/lib/x86_64-linux-gnu/libdl.so.2
7d27fa405000-7d27fa406000 rw-p 00003000 08:03 19530192                   /usr/lib/x86_64-linux-gnu/libdl.so.2
7d27fa406000-7d27fa40a000 r--p 00000000 08:03 21778991                   /usr/lib/jvm/java-21-openjdk-amd64/lib/libverify.so
7d27fa40a000-7d27fa411000 r-xp 00004000 08:03 21778991                   /usr/lib/jvm/java-21-openjdk-amd64/lib/libverify.so
7d27fa411000-7d27fa413000 r--p 0000b000 08:03 21778991                   /usr/lib/jvm/java-21-openjdk-amd64/lib/libverify.so
7d27fa413000-7d27fa415000 r--p 0000c000 08:03 21778991                   /usr/lib/jvm/java-21-openjdk-amd64/lib/libverify.so
7d27fa415000-7d27fa416000 rw-p 0000e000 08:03 21778991                   /usr/lib/jvm/java-21-openjdk-amd64/lib/libverify.so
7d27fa416000-7d27fa419000 r--p 00000000 08:03 21778984                   /usr/lib/jvm/java-21-openjdk-amd64/lib/libnet.so
7d27fa419000-7d27fa421000 r-xp 00003000 08:03 21778984                   /usr/lib/jvm/java-21-openjdk-amd64/lib/libnet.so
7d27fa421000-7d27fa423000 r--p 0000b000 08:03 21778984                   /usr/lib/jvm/java-21-openjdk-amd64/lib/libnet.so
7d27fa423000-7d27fa424000 r--p 0000c000 08:03 21778984                   /usr/lib/jvm/java-21-openjdk-amd64/lib/libnet.so
7d27fa424000-7d27fa425000 rw-p 0000d000 08:03 21778984                   /usr/lib/jvm/java-21-openjdk-amd64/lib/libnet.so
7d27fa425000-7d27fa426000 ---p 00000000 00:00 0 
7d27fa426000-7d27fa526000 rw-p 00000000 00:00 0 
7d27fa526000-7d27fa934000 rw-p 00000000 00:00 0 
7d27fa934000-7d27faa15000 ---p 00000000 00:00 0 
7d27faa15000-7d27faa37000 rw-p 00000000 00:00 0 
7d27faa37000-7d27fab00000 ---p 00000000 00:00 0 
7d27fab00000-7d27fab04000 ---p 00000000 00:00 0 
7d27fab04000-7d27fac00000 rw-p 00000000 00:00 0 
7d27fac00000-7d27fac9d000 r--p 00000000 08:03 19532135                   /usr/lib/x86_64-linux-gnu/libstdc++.so.6.0.33
7d27fac9d000-7d27fade5000 r-xp 0009d000 08:03 19532135                   /usr/lib/x86_64-linux-gnu/libstdc++.so.6.0.33
7d27fade5000-7d27fae6c000 r--p 001e5000 08:03 19532135                   /usr/lib/x86_64-linux-gnu/libstdc++.so.6.0.33
7d27fae6c000-7d27fae77000 r--p 0026b000 08:03 19532135                   /usr/lib/x86_64-linux-gnu/libstdc++.so.6.0.33
7d27fae77000-7d27fae7a000 rw-p 00276000 08:03 19532135                   /usr/lib/x86_64-linux-gnu/libstdc++.so.6.0.33
7d27fae7a000-7d27fae7e000 rw-p 00000000 00:00 0 
7d27fae80000-7d27fae87000 r--p 00000000 08:03 21778985                   /usr/lib/jvm/java-21-openjdk-amd64/lib/libnio.so
7d27fae87000-7d27fae90000 r-xp 00007000 08:03 21778985                   /usr/lib/jvm/java-21-openjdk-amd64/lib/libnio.so
7d27fae90000-7d27fae94000 r--p 00010000 08:03 21778985                   /usr/lib/jvm/java-21-openjdk-amd64/lib/libnio.so
7d27fae94000-7d27fae95000 r--p 00014000 08:03 21778985                   /usr/lib/jvm/java-21-openjdk-amd64/lib/libnio.so
7d27fae95000-7d27fae96000 rw-p 00015000 08:03 21778985                   /usr/lib/jvm/java-21-openjdk-amd64/lib/libnio.so
7d27fae96000-7d27faf17000 rw-p 00000000 00:00 0 
7d27faf17000-7d27faf27000 r--p 00000000 08:03 19530215                   /usr/lib/x86_64-linux-gnu/libm.so.6
7d27faf27000-7d27fafa6000 r-xp 00010000 08:03 19530215                   /usr/lib/x86_64-linux-gnu/libm.so.6
7d27fafa6000-7d27faffe000 r--p 0008f000 08:03 19530215                   /usr/lib/x86_64-linux-gnu/libm.so.6
7d27faffe000-7d27fafff000 r--p 000e7000 08:03 19530215                   /usr/lib/x86_64-linux-gnu/libm.so.6
7d27fafff000-7d27fb000000 rw-p 000e8000 08:03 19530215                   /usr/lib/x86_64-linux-gnu/libm.so.6
7d27fb000000-7d27fb2a2000 r--p 00000000 08:03 21778997                   /usr/lib/jvm/java-21-openjdk-amd64/lib/server/libjvm.so
7d27fb2a2000-7d27fc119000 r-xp 002a2000 08:03 21778997                   /usr/lib/jvm/java-21-openjdk-amd64/lib/server/libjvm.so
7d27fc119000-7d27fc3f4000 r--p 01119000 08:03 21778997                   /usr/lib/jvm/java-21-openjdk-amd64/lib/server/libjvm.so
7d27fc3f4000-7d27fc4c8000 r--p 013f3000 08:03 21778997                   /usr/lib/jvm/java-21-openjdk-amd64/lib/server/libjvm.so
7d27fc4c8000-7d27fc4f8000 rw-p 014c7000 08:03 21778997                   /usr/lib/jvm/java-21-openjdk-amd64/lib/server/libjvm.so
7d27fc4f8000-7d27fc55e000 rw-p 00000000 00:00 0 
7d27fc55f000-7d27fc560000 r--p 00000000 08:03 19530555                   /usr/lib/x86_64-linux-gnu/libpthread.so.0
7d27fc560000-7d27fc561000 r-xp 00001000 08:03 19530555                   /usr/lib/x86_64-linux-gnu/libpthread.so.0
7d27fc561000-7d27fc562000 r--p 00002000 08:03 19530555                   /usr/lib/x86_64-linux-gnu/libpthread.so.0
7d27fc562000-7d27fc563000 r--p 00002000 08:03 19530555                   /usr/lib/x86_64-linux-gnu/libpthread.so.0
7d27fc563000-7d27fc564000 rw-p 00003000 08:03 19530555                   /usr/lib/x86_64-linux-gnu/libpthread.so.0
7d27fc564000-7d27fc600000 rw-p 00000000 00:00 0 
7d27fc600000-7d27fc628000 r--p 00000000 08:03 19530058                   /usr/lib/x86_64-linux-gnu/libc.so.6
7d27fc628000-7d27fc7b0000 r-xp 00028000 08:03 19530058                   /usr/lib/x86_64-linux-gnu/libc.so.6
7d27fc7b0000-7d27fc7ff000 r--p 001b0000 08:03 19530058                   /usr/lib/x86_64-linux-gnu/libc.so.6
7d27fc7ff000-7d27fc803000 r--p 001fe000 08:03 19530058                   /usr/lib/x86_64-linux-gnu/libc.so.6
7d27fc803000-7d27fc805000 rw-p 00202000 08:03 19530058                   /usr/lib/x86_64-linux-gnu/libc.so.6
7d27fc805000-7d27fc812000 rw-p 00000000 00:00 0 
7d27fc812000-7d27fc814000 r--p 00000000 08:03 21778992                   /usr/lib/jvm/java-21-openjdk-amd64/lib/libzip.so
7d27fc814000-7d27fc819000 r-xp 00002000 08:03 21778992                   /usr/lib/jvm/java-21-openjdk-amd64/lib/libzip.so
7d27fc819000-7d27fc81b000 r--p 00007000 08:03 21778992                   /usr/lib/jvm/java-21-openjdk-amd64/lib/libzip.so
7d27fc81b000-7d27fc81c000 r--p 00008000 08:03 21778992                   /usr/lib/jvm/java-21-openjdk-amd64/lib/libzip.so
7d27fc81c000-7d27fc81d000 rw-p 00009000 08:03 21778992                   /usr/lib/jvm/java-21-openjdk-amd64/lib/libzip.so
7d27fc81d000-7d27fc845000 rw-p 00000000 00:00 0 
7d27fc845000-7d27fc84c000 ---p 00000000 00:00 0 
7d27fc84c000-7d27fc859000 r--p 00000000 08:03 21778970                   /usr/lib/jvm/java-21-openjdk-amd64/lib/libjava.so
7d27fc859000-7d27fc868000 r-xp 0000d000 08:03 21778970                   /usr/lib/jvm/java-21-openjdk-amd64/lib/libjava.so
7d27fc868000-7d27fc86d000 r--p 0001c000 08:03 21778970                   /usr/lib/jvm/java-21-openjdk-amd64/lib/libjava.so
7d27fc86d000-7d27fc86e000 r--p 00021000 08:03 21778970                   /usr/lib/jvm/java-21-openjdk-amd64/lib/libjava.so
7d27fc86e000-7d27fc86f000 rw-p 00022000 08:03 21778970                   /usr/lib/jvm/java-21-openjdk-amd64/lib/libjava.so
7d27fc86f000-7d27fc870000 rw-p 00000000 00:00 0 
7d27fc870000-7d27fc872000 r--p 00000000 08:03 21778965                   /usr/lib/jvm/java-21-openjdk-amd64/lib/libinstrument.so
7d27fc872000-7d27fc878000 r-xp 00002000 08:03 21778965                   /usr/lib/jvm/java-21-openjdk-amd64/lib/libinstrument.so
7d27fc878000-7d27fc87b000 r--p 00008000 08:03 21778965                   /usr/lib/jvm/java-21-openjdk-amd64/lib/libinstrument.so
7d27fc87b000-7d27fc87c000 r--p 0000a000 08:03 21778965                   /usr/lib/jvm/java-21-openjdk-amd64/lib/libinstrument.so
7d27fc87c000-7d27fc87d000 rw-p 0000b000 08:03 21778965                   /usr/lib/jvm/java-21-openjdk-amd64/lib/libinstrument.so
7d27fc87d000-7d27fc881000 r--p 00000000 08:03 19532130                   /usr/lib/x86_64-linux-gnu/libgcc_s.so.1
7d27fc881000-7d27fc8a5000 r-xp 00004000 08:03 19532130                   /usr/lib/x86_64-linux-gnu/libgcc_s.so.1
7d27fc8a5000-7d27fc8a9000 r--p 00028000 08:03 19532130                   /usr/lib/x86_64-linux-gnu/libgcc_s.so.1
7d27fc8a9000-7d27fc8aa000 r--p 0002b000 08:03 19532130                   /usr/lib/x86_64-linux-gnu/libgcc_s.so.1
7d27fc8aa000-7d27fc8ab000 rw-p 0002c000 08:03 19532130                   /usr/lib/x86_64-linux-gnu/libgcc_s.so.1
7d27fc8ab000-7d27fc8ad000 rw-p 00000000 00:00 0 
7d27fc8ad000-7d27fc8af000 r--p 00000000 08:03 21778974                   /usr/lib/jvm/java-21-openjdk-amd64/lib/libjli.so
7d27fc8af000-7d27fc8b9000 r-xp 00002000 08:03 21778974                   /usr/lib/jvm/java-21-openjdk-amd64/lib/libjli.so
7d27fc8b9000-7d27fc8bc000 r--p 0000c000 08:03 21778974                   /usr/lib/jvm/java-21-openjdk-amd64/lib/libjli.so
7d27fc8bc000-7d27fc8bd000 r--p 0000f000 08:03 21778974                   /usr/lib/jvm/java-21-openjdk-amd64/lib/libjli.so
7d27fc8bd000-7d27fc8be000 rw-p 00010000 08:03 21778974                   /usr/lib/jvm/java-21-openjdk-amd64/lib/libjli.so
7d27fc8be000-7d27fc8c0000 r--p 00000000 08:03 19545410                   /usr/lib/x86_64-linux-gnu/libz.so.1.3
7d27fc8c0000-7d27fc8d2000 r-xp 00002000 08:03 19545410                   /usr/lib/x86_64-linux-gnu/libz.so.1.3
7d27fc8d2000-7d27fc8d8000 r--p 00014000 08:03 19545410                   /usr/lib/x86_64-linux-gnu/libz.so.1.3
7d27fc8d8000-7d27fc8d9000 r--p 0001a000 08:03 19545410                   /usr/lib/x86_64-linux-gnu/libz.so.1.3
7d27fc8d9000-7d27fc8da000 rw-p 0001b000 08:03 19545410                   /usr/lib/x86_64-linux-gnu/libz.so.1.3
7d27fc8da000-7d27fc8e2000 rw-s 00000000 08:03 28311587                   /tmp/hsperfdata_dan/35676
7d27fc8e2000-7d27fc8e3000 ---p 00000000 00:00 0 
7d27fc8e3000-7d27fc8e4000 r--p 00000000 00:00 0 
7d27fc8e4000-7d27fc8e5000 ---p 00000000 00:00 0 
7d27fc8e5000-7d27fc8e7000 r--p 00000000 08:03 21778973                   /usr/lib/jvm/java-21-openjdk-amd64/lib/libjimage.so
7d27fc8e7000-7d27fc8ea000 r-xp 00002000 08:03 21778973                   /usr/lib/jvm/java-21-openjdk-amd64/lib/libjimage.so
7d27fc8ea000-7d27fc8eb000 r--p 00005000 08:03 21778973                   /usr/lib/jvm/java-21-openjdk-amd64/lib/libjimage.so
7d27fc8eb000-7d27fc8ec000 r--p 00006000 08:03 21778973                   /usr/lib/jvm/java-21-openjdk-amd64/lib/libjimage.so
7d27fc8ec000-7d27fc8ed000 rw-p 00007000 08:03 21778973                   /usr/lib/jvm/java-21-openjdk-amd64/lib/libjimage.so
7d27fc8ed000-7d27fc8ef000 rw-p 00000000 00:00 0 
7d27fc8ef000-7d27fc8f3000 r--p 00000000 00:00 0                          [vvar]
7d27fc8f3000-7d27fc8f5000 r--p 00000000 00:00 0                          [vvar_vclock]
7d27fc8f5000-7d27fc8f7000 r-xp 00000000 00:00 0                          [vdso]
7d27fc8f7000-7d27fc8f8000 r--p 00000000 08:03 19529759                   /usr/lib/x86_64-linux-gnu/ld-linux-x86-64.so.2
7d27fc8f8000-7d27fc923000 r-xp 00001000 08:03 19529759                   /usr/lib/x86_64-linux-gnu/ld-linux-x86-64.so.2
7d27fc923000-7d27fc92d000 r--p 0002c000 08:03 19529759                   /usr/lib/x86_64-linux-gnu/ld-linux-x86-64.so.2
7d27fc92d000-7d27fc92f000 r--p 00036000 08:03 19529759                   /usr/lib/x86_64-linux-gnu/ld-linux-x86-64.so.2
7d27fc92f000-7d27fc931000 rw-p 00038000 08:03 19529759                   /usr/lib/x86_64-linux-gnu/ld-linux-x86-64.so.2
7ffc5cb74000-7ffc5cb96000 rw-p 00000000 00:00 0                          [stack]
ffffffffff600000-ffffffffff601000 --xp 00000000 00:00 0                  [vsyscall]
Total number of mappings: 378

JVMTI agents:
/home/dan/.vscode/extensions/redhat.java-1.55.0-linux-x64/lombok/lombok-1.18.39-4050.jar path:none, loaded, initialized, instrumentlib options:none


VM Arguments:
jvm_args: --add-modules=ALL-SYSTEM --add-opens=java.base/java.util=ALL-UNNAMED --add-opens=java.base/java.lang=ALL-UNNAMED --add-opens=java.base/sun.nio.fs=ALL-UNNAMED -Declipse.application=org.eclipse.jdt.ls.core.id1 -Dosgi.bundles.defaultStartLevel=4 -Declipse.product=org.eclipse.jdt.ls.core.product -Djava.import.generatesMetadataFilesAtProjectRoot=false -DDetectVMInstallationsJob.disabled=true -Dfile.encoding=utf8 -Xlog:disable -Xmx1G -javaagent:/home/dan/.vscode/extensions/redhat.java-1.55.0-linux-x64/lombok/lombok-1.18.39-4050.jar -XX:+HeapDumpOnOutOfMemoryError -XX:HeapDumpPath=/home/dan/.config/Code/User/workspaceStorage/3e564cfedea14a04fad4b011b1314378/redhat.java -Daether.dependencyCollector.impl=bf 
java_command: /home/dan/.vscode/extensions/redhat.java-1.55.0-linux-x64/server/plugins/org.eclipse.equinox.launcher_1.7.200.v20260619-2039.jar -configuration /home/dan/.config/Code/User/globalStorage/redhat.java/1.55.0/config_linux -data /home/dan/.config/Code/User/workspaceStorage/3e564cfedea14a04fad4b011b1314378/redhat.java/jdt_ws --pipe=/run/user/1000/lsp-8d7c2913b5546642f1f62fbfff6b6590.sock
java_class_path (initial): /home/dan/.vscode/extensions/redhat.java-1.55.0-linux-x64/server/plugins/org.eclipse.equinox.launcher_1.7.200.v20260619-2039.jar
Launcher Type: SUN_STANDARD

[Global flags]
     intx CICompilerCount                          = 3                                         {product} {ergonomic}
     uint ConcGCThreads                            = 1                                         {product} {ergonomic}
     uint G1ConcRefinementThreads                  = 4                                         {product} {ergonomic}
   size_t G1HeapRegionSize                         = 1048576                                   {product} {ergonomic}
    uintx GCDrainStackTargetSize                   = 64                                        {product} {ergonomic}
     bool HeapDumpOnOutOfMemoryError               = true                                   {manageable} {command line}
    ccstr HeapDumpPath                             = /home/dan/.config/Code/User/workspaceStorage/3e564cfedea14a04fad4b011b1314378/redhat.java         {manageable} {command line}
   size_t InitialHeapSize                          = 130023424                                 {product} {ergonomic}
   size_t MarkStackSize                            = 4194304                                   {product} {ergonomic}
   size_t MaxHeapSize                              = 1073741824                                {product} {command line}
   size_t MaxNewSize                               = 643825664                                 {product} {ergonomic}
   size_t MinHeapDeltaBytes                        = 1048576                                   {product} {ergonomic}
   size_t MinHeapSize                              = 8388608                                   {product} {ergonomic}
    uintx NonNMethodCodeHeapSize                   = 5832780                                {pd product} {ergonomic}
    uintx NonProfiledCodeHeapSize                  = 122912730                              {pd product} {ergonomic}
    uintx ProfiledCodeHeapSize                     = 122912730                              {pd product} {ergonomic}
    uintx ReservedCodeCacheSize                    = 251658240                              {pd product} {ergonomic}
     bool SegmentedCodeCache                       = true                                      {product} {ergonomic}
   size_t SoftMaxHeapSize                          = 1073741824                             {manageable} {ergonomic}
     bool UseCompressedOops                        = true                           {product lp64_product} {ergonomic}
     bool UseG1GC                                  = true                                      {product} {ergonomic}

Logging:
Log output configuration:
 #0: stdout all=off uptime,level,tags foldmultilines=false
 #1: stderr all=off uptime,level,tags foldmultilines=false

Release file:
IMPLEMENTOR="Ubuntu"
JAVA_RUNTIME_VERSION="21.0.11+10-1-24.04.2-Ubuntu"
JAVA_VERSION="21.0.11"
JAVA_VERSION_DATE="2026-04-21"
LIBC="gnu"
MODULES="java.base java.compiler java.datatransfer java.xml java.prefs java.desktop java.instrument java.logging java.management java.security.sasl java.naming java.rmi java.management.rmi java.net.http java.scripting java.security.jgss java.transaction.xa java.sql java.sql.rowset java.xml.crypto java.se java.smartcardio jdk.accessibility jdk.internal.jvmstat jdk.attach jdk.charsets jdk.internal.opt jdk.zipfs jdk.compiler jdk.crypto.ec jdk.crypto.cryptoki jdk.dynalink jdk.internal.ed jdk.editpad jdk.hotspot.agent jdk.httpserver jdk.incubator.vector jdk.internal.le jdk.internal.vm.ci jdk.internal.vm.compiler jdk.internal.vm.compiler.management jdk.jartool jdk.javadoc jdk.jcmd jdk.management jdk.management.agent jdk.jconsole jdk.jdeps jdk.jdwp.agent jdk.jdi jdk.jfr jdk.jlink jdk.jpackage jdk.jshell jdk.jsobject jdk.jstatd jdk.localedata jdk.management.jfr jdk.naming.dns jdk.naming.rmi jdk.net jdk.nio.mapmode jdk.random jdk.sctp jdk.security.auth jdk.security.jgss jdk.unsupported jdk.unsupported.desktop jdk.xml.dom"
OS_ARCH="x86_64"
OS_NAME="Linux"
SOURCE=""

Environment Variables:
PATH=/home/dan/.local/bin:/home/dan/.local/bin:/usr/local/sbin:/usr/local/bin:/usr/sbin:/usr/bin:/sbin:/bin:/usr/games:/usr/local/games:/snap/bin
SHELL=/bin/bash
DISPLAY=:0
LANG=pt_BR.UTF-8
LC_NUMERIC=es_AR.UTF-8

Active Locale:
LC_ALL=LC_CTYPE=pt_BR.UTF-8;LC_NUMERIC=es_AR.UTF-8;LC_TIME=pt_BR.UTF-8;LC_COLLATE=pt_BR.UTF-8;LC_MONETARY=es_AR.UTF-8;LC_MESSAGES=pt_BR.UTF-8;LC_PAPER=es_AR.UTF-8;LC_NAME=es_AR.UTF-8;LC_ADDRESS=es_AR.UTF-8;LC_TELEPHONE=es_AR.UTF-8;LC_MEASUREMENT=es_AR.UTF-8;LC_IDENTIFICATION=es_AR.UTF-8
LC_COLLATE=pt_BR.UTF-8
LC_CTYPE=pt_BR.UTF-8
LC_MESSAGES=pt_BR.UTF-8
LC_MONETARY=es_AR.UTF-8
LC_NUMERIC=es_AR.UTF-8
LC_TIME=pt_BR.UTF-8

Signal Handlers:
   SIGSEGV: crash_handler in libjvm.so, mask=11100100010111111101111111111110, flags=SA_RESTART|SA_SIGINFO, unblocked
    SIGBUS: crash_handler in libjvm.so, mask=11100100010111111101111111111110, flags=SA_RESTART|SA_SIGINFO, unblocked
    SIGFPE: crash_handler in libjvm.so, mask=11100100010111111101111111111110, flags=SA_RESTART|SA_SIGINFO, unblocked
   SIGPIPE: javaSignalHandler in libjvm.so, mask=11100100010111111101111111111110, flags=SA_RESTART|SA_SIGINFO, blocked
   SIGXFSZ: javaSignalHandler in libjvm.so, mask=11100100010111111101111111111110, flags=SA_RESTART|SA_SIGINFO, blocked
    SIGILL: crash_handler in libjvm.so, mask=11100100010111111101111111111110, flags=SA_RESTART|SA_SIGINFO, unblocked
   SIGUSR2: SR_handler in libjvm.so, mask=00000000000000000000000000000000, flags=SA_RESTART|SA_SIGINFO, blocked
    SIGHUP: UserHandler in libjvm.so, mask=11100100010111111101111111111110, flags=SA_RESTART|SA_SIGINFO, blocked
    SIGINT: UserHandler in libjvm.so, mask=11100100010111111101111111111110, flags=SA_RESTART|SA_SIGINFO, blocked
   SIGTERM: UserHandler in libjvm.so, mask=11100100010111111101111111111110, flags=SA_RESTART|SA_SIGINFO, blocked
   SIGQUIT: UserHandler in libjvm.so, mask=11100100010111111101111111111110, flags=SA_RESTART|SA_SIGINFO, blocked
   SIGTRAP: crash_handler in libjvm.so, mask=11100100010111111101111111111110, flags=SA_RESTART|SA_SIGINFO, unblocked


Periodic native trim disabled

---------------  S Y S T E M  ---------------

OS:
DISTRIB_ID=LinuxMint
DISTRIB_RELEASE=22.3
DISTRIB_CODENAME=zena
DISTRIB_DESCRIPTION="Linux Mint 22.3 Zena"
uname: Linux 7.0.0-30-generic #30~24.04.1-Ubuntu SMP PREEMPT_DYNAMIC Fri Aug  7 13:27:52 UTC 2 x86_64
OS uptime: 0 days 5:49 hours
libc: glibc 2.39 NPTL 2.39 
rlimit (soft/hard): STACK 8192k/infinity , CORE 0k/infinity , NPROC 25918/25918 , NOFILE 1048576/1048576 , AS infinity/infinity , CPU infinity/infinity , DATA infinity/infinity , FSIZE infinity/infinity , MEMLOCK 1000960k/1000960k
load average: 18,14 11,90 8,09

/proc/meminfo:
MemTotal:        8007708 kB
MemFree:          871820 kB
MemAvailable:    3433244 kB
Buffers:           33904 kB
Cached:          2990428 kB
SwapCached:         6020 kB
Active:          3129040 kB
Inactive:        3257072 kB
Active(anon):    2309416 kB
Inactive(anon):  1466436 kB
Active(file):     819624 kB
Inactive(file):  1790636 kB
Unevictable:      123800 kB
Mlocked:             296 kB
SwapTotal:       4194300 kB
SwapFree:        4165716 kB
Zswap:                 0 kB
Zswapped:              0 kB
Dirty:             14432 kB
Writeback:             0 kB
AnonPages:       3479928 kB
Mapped:           938736 kB
Shmem:            414068 kB
KReclaimable:     256732 kB
Slab:             401724 kB
SReclaimable:     256732 kB
SUnreclaim:       144992 kB
KernelStack:       18432 kB
PageTables:        53040 kB
SecPageTables:         0 kB
NFS_Unstable:          0 kB
Bounce:                0 kB
WritebackTmp:          0 kB
CommitLimit:     8198152 kB
Committed_AS:   15190212 kB
VmallocTotal:   34359738367 kB
VmallocUsed:       52732 kB
VmallocChunk:          0 kB
Percpu:             2896 kB
HardwareCorrupted:     0 kB
AnonHugePages:         0 kB
ShmemHugePages:        0 kB
ShmemPmdMapped:        0 kB
FileHugePages:     59392 kB
FilePmdMapped:      8192 kB
CmaTotal:              0 kB
CmaFree:          137176 kB
Unaccepted:            0 kB
Balloon:               0 kB
HugePages_Total:       0
HugePages_Free:        0
HugePages_Rsvd:        0
HugePages_Surp:        0
Hugepagesize:       2048 kB
Hugetlb:               0 kB
DirectMap4k:      162996 kB
DirectMap2M:     8105984 kB

/sys/kernel/mm/transparent_hugepage/enabled: always [madvise] never
/sys/kernel/mm/transparent_hugepage/hpage_pmd_size: 2097152
/sys/kernel/mm/transparent_hugepage/defrag (defrag/compaction efforts parameter): always defer defer+madvise [madvise] never

Process Memory:
Virtual Size: 4893108K (peak: 4893108K)
Resident Set Size: 674496K (peak: 674496K) (anon: 565280K, file: 109216K, shmem: 0K)
Swapped out: 0K
C-Heap outstanding allocations: 85339K, retained: 50144K
glibc malloc tunables: (default)

/proc/sys/kernel/threads-max (system-wide limit on the number of threads): 51836
/proc/sys/vm/max_map_count (maximum number of memory map areas a process may have): 1048576
/proc/sys/vm/swappiness (control to define how aggressively the kernel swaps out anonymous memory): 10
/proc/sys/kernel/pid_max (system-wide limit on number of process identifiers): 4194304

container information not found.
Steal ticks since vm start: 0
Steal ticks percentage since vm start:  0,000

CPU: total 4 (initial active 4) (2 cores per cpu, 2 threads per core) family 6 model 58 stepping 9 microcode 0x21, cx8, cmov, fxsr, ht, mmx, sse, sse2, sse3, ssse3, sse4.1, sse4.2, popcnt, tsc, tscinvbit, avx, aes, erms, clmul, vzeroupper, clflush, rdtscp, f16c
CPU Model and flags from /proc/cpuinfo:
model name	: Intel(R) Core(TM) i5-3230M CPU @ 2.60GHz
flags		: fpu vme de pse tsc msr pae mce cx8 apic sep mtrr pge mca cmov pat pse36 clflush dts acpi mmx fxsr sse sse2 ss ht tm pbe syscall nx rdtscp lm constant_tsc arch_perfmon pebs bts rep_good nopl xtopology nonstop_tsc cpuid aperfmperf pni pclmulqdq dtes64 monitor ds_cpl est tm2 ssse3 cx16 xtpr pdcm pcid sse4_1 sse4_2 x2apic popcnt tsc_deadline_timer aes xsave avx f16c rdrand lahf_lm cpuid_fault epb pti ssbd ibrs ibpb stibp fsgsbase smep erms xsaveopt dtherm ida arat pln pts md_clear flush_l1d

Online cpus: 0-3
Offline cpus: 
BIOS frequency limitation: <Not Available>
Frequency switch latency (ns): 20000
Available cpu frequencies: <Not Available>
Current governor: schedutil
Core performance/turbo boost: <Not Available>

Memory: 4k page, physical 8007708k(3433244k free), swap 4194300k(4165716k free)
Page Sizes: 4k

vm_info: OpenJDK 64-Bit Server VM (21.0.11+10-1-24.04.2-Ubuntu) for linux-amd64 JRE (21.0.11+10-1-24.04.2-Ubuntu), built on 2026-04-26T09:33:23Z by "buildd" with gcc 13.3.0

END.
