#
# A fatal error has been detected by the Java Runtime Environment:
#
#  SIGSEGV (0xb) at pc=0x00007190bbdd4eae, pid=29605, tid=29609
#
# JRE version: OpenJDK Runtime Environment (21.0.11+10) (build 21.0.11+10-1-24.04.2-Ubuntu)
# Java VM: OpenJDK 64-Bit Server VM (21.0.11+10-1-24.04.2-Ubuntu, mixed mode, sharing, tiered, compressed oops, compressed class ptrs, g1 gc, linux-amd64)
# Problematic frame:
# V  [libjvm.so+0x7d4eae]  G1ConcurrentMark::scan_root_region(MemRegion const*, unsigned int)+0x14e
#
# Core dump will be written. Default location: Core dumps may be processed with "/usr/lib/systemd/systemd-coredump %P %u %g %s %t 9223372036854775808 %h %d" (or dumping to /home/dan/Documentos/Estudos-Java/maratona-java/core.29605)
#
# If you would like to submit a bug report, please visit:
#   https://bugs.launchpad.net/ubuntu/+source/openjdk-21
#

---------------  S U M M A R Y ------------

Command Line: --add-modules=ALL-SYSTEM --add-opens=java.base/java.util=ALL-UNNAMED --add-opens=java.base/java.lang=ALL-UNNAMED --add-opens=java.base/sun.nio.fs=ALL-UNNAMED -Declipse.application=org.eclipse.jdt.ls.core.id1 -Dosgi.bundles.defaultStartLevel=4 -Declipse.product=org.eclipse.jdt.ls.core.product -Djava.import.generatesMetadataFilesAtProjectRoot=false -DDetectVMInstallationsJob.disabled=true -Dfile.encoding=utf8 -Xlog:disable -Xmx1G -javaagent:/home/dan/.vscode/extensions/redhat.java-1.55.0-linux-x64/lombok/lombok-1.18.39-4050.jar -XX:+HeapDumpOnOutOfMemoryError -XX:HeapDumpPath=/home/dan/.config/Code/User/workspaceStorage/3e564cfedea14a04fad4b011b1314378/redhat.java -Daether.dependencyCollector.impl=bf /home/dan/.vscode/extensions/redhat.java-1.55.0-linux-x64/server/plugins/org.eclipse.equinox.launcher_1.7.200.v20260619-2039.jar -configuration /home/dan/.config/Code/User/globalStorage/redhat.java/1.55.0/config_linux -data /home/dan/.config/Code/User/workspaceStorage/3e564cfedea14a04fad4b011b1314378/redhat.java/jdt_ws --pipe=/run/user/1000/lsp-7080b861c9999423b09220f9f67cd467.sock

Host: Intel(R) Core(TM) i5-3230M CPU @ 2.60GHz, 4 cores, 7G, Linux Mint 22.3 Zena
Time: Tue Aug 25 14:37:55 2026 -03 elapsed time: 106.720194 seconds (0d 0h 1m 46s)

---------------  T H R E A D  ---------------

Current thread (0x00007190b405eda0):  WorkerThread "G1 Conc#0"      [id=29609, stack(0x00007190b93ff000,0x00007190b94ff000) (1024K)]

Stack: [0x00007190b93ff000,0x00007190b94ff000],  sp=0x00007190b94fdd20,  free space=1019k
Native frames: (J=compiled Java code, j=interpreted, Vv=VM code, C=native code)
V  [libjvm.so+0x7d4eae]  G1ConcurrentMark::scan_root_region(MemRegion const*, unsigned int)+0x14e
V  [libjvm.so+0x7dbf4b]  G1CMRootRegionScanTask::work(unsigned int)+0x6b
V  [libjvm.so+0x104b060]  WorkerThread::run()+0x80
V  [libjvm.so+0xf90cb7]  Thread::call_run()+0xa7
V  [libjvm.so+0xd06fd5]  thread_native_entry(Thread*)+0xd5
C  [libc.so.6+0x9cb84]

siginfo: si_signo: 11 (SIGSEGV), si_code: 1 (SEGV_MAPERR), si_addr: 0x0000000000000100

Registers:
RAX=0x0000000000000000, RBX=0x00000000c3c00000, RCX=0x0000000000000000, RDX=0x000071903f005d30
RSP=0x00007190b94fdd20, RBP=0x00007190b94fdda0, RSI=0x00000000c3b36798, RDI=0x00007190b94fdd40
R8 =0x0000000000000008, R9 =0x000000000000000c, R10=0x0000000000000001, R11=0x000071904062a918
R12=0x0000000000000240, R13=0x00007190bcb0cc40, R14=0x00000000c3b36798, R15=0x00007190bcace708
RIP=0x00007190bbdd4eae, EFLAGS=0x0000000000010246, CSGSFS=0x002b000000000033, ERR=0x0000000000000004
  TRAPNO=0x000000000000000e

XMM[0]=0x00007190b4055320 0x00007190b402c300
XMM[1]=0x0000000000000000 0x00007190b4055320
XMM[2]=0x0000000000000000 0x0000002000000018
XMM[3]=0x0000000000000000 0x0000000200000050
XMM[4]=0x0000000000000000 0x0000719094000090
XMM[5]=0x40b32e54c0f01fb7 0x40800047ae147ae1
XMM[6]=0x00007190bce9cc17 0x00007190b94fde60
XMM[7]=0x0000000000000000 0x00007190b405ff20
XMM[8]=0x6f69676572206472 0x6143203036342064
XMM[9]=0x696c2f7265767265 0x732f62696c2f3436
XMM[10]=0x2e2e2e2e2e2e2e0b 0x2e2e5fbe9a2e2ebe
XMM[11]=0x0000000000000000 0x00007190bc7c2e40
XMM[12]=0x0000000000000000 0x0000000000000000
XMM[13]=0x0000000000000000 0x0000000000000000
XMM[14]=0x0000000000000000 0x0000000000000000
XMM[15]=0xcafebabecafebabe 0xcafebabecafebabe
  MXCSR=0x00001fa2


Register to memory mapping:

RAX=0x0 is null
RBX=0x00000000c3c00000 is an oop: [Ljava.lang.String; 
{0x00000000c3c00000} - klass: 'java/lang/String'[]
 - length: 11
RCX=0x0 is null
RDX=0x000071903f005d30 is pointing into metadata
RSP=0x00007190b94fdd20 points into unknown readable memory: 0x00000000fff00000 | 00 00 f0 ff 00 00 00 00
RBP=0x00007190b94fdda0 points into unknown readable memory: 0x00007190b94fdde0 | e0 dd 4f b9 90 71 00 00
RSI=
[error occurred during error reporting (printing register info), id 0xb, SIGSEGV (0xb) at pc=0x00007190bbdc8537]
RDI=0x00007190b94fdd40 points into unknown readable memory: 0x00007190bca01aa8 | a8 1a a0 bc 90 71 00 00
R8 =0x0000000000000008 is an unknown value
R9 =0x000000000000000c is an unknown value
R10=0x0000000000000001 is an unknown value
R11=0x000071904062a918 is pointing into metadata
R12=0x0000000000000240 is an unknown value
R13=0x00007190bcb0cc40: <offset 0x000000000150cc40> in /usr/lib/jvm/java-21-openjdk-amd64/lib/server/libjvm.so at 0x00007190bb600000
R14=
[error occurred during error reporting (printing register info, attempt 2), id 0xb, SIGSEGV (0xb) at pc=0x00007190bbdc8537]
R15=0x00007190bcace708: <offset 0x00000000014ce708> in /usr/lib/jvm/java-21-openjdk-amd64/lib/server/libjvm.so at 0x00007190bb600000

Top of Stack: (sp=0x00007190b94fdd20)
0x00007190b94fdd20:   00000000fff00000 00000000c3b2c4e8   ................
0x00007190b94fdd30:   000071903f006b50 00007190b94fdd40   Pk.?.q..@.O..q..
0x00007190b94fdd40:   00007190bca01aa8 0000000000000000   .....q..........
0x00007190b94fdd50:   0000000000000003 00007190b402c300   .............q..
0x00007190b94fdd60:   00007190b4055320 0000719000000000    S...q.......q..
0x00007190b94fdd70:   00007190bcca4fd0 0000000000000000   .O...q..........
0x00007190b94fdd80:   00007190b4055398 0000000000000001   .S...q..........
0x00007190b94fdd90:   00007190b4055320 00007190b95fec00    S...q...._..q..
0x00007190b94fdda0:   00007190b94fdde0 00007190bbddbf4b   ..O..q..K....q..
0x00007190b94fddb0:   00007190b94fddfc 00007190b405ed28   ..O..q..(....q..
0x00007190b94fddc0:   00007190b94fddfc 00007190b405eda0   ..O..q.......q..
0x00007190b94fddd0:   0000000000000001 0000000000000000   ................
0x00007190b94fdde0:   00007190b94fde30 00007190bc64b060   0.O..q..`.d..q..
0x00007190b94fddf0:   0000000000100000 ffffffff00000016   ................
0x00007190b94fde00:   00007190b94fde30 00007190b405eda0   0.O..q.......q..
0x00007190b94fde10:   00007190b93ff000 0000000000100000   ..?..q..........
0x00007190b94fde20:   0000000000000016 00007190bb1fe600   .............q..
0x00007190b94fde30:   00007190b94fde90 00007190bc590cb7   ..O..q....Y..q..
0x00007190b94fde40:   00007190b405faa8 00007190b405eda0   .....q.......q..
0x00007190b94fde50:   00007190b405fa50 0000000000000000   P....q..........
0x00007190b94fde60:   00007190b94fde90 00007190bc2b9c8d   ..O..q....+..q..
0x00007190b94fde70:   00007190b405fa50 00007190b4003130   P....q..01...q..
0x00007190b94fde80:   00007190b405fa50 00007190b405eda0   P....q.......q..
0x00007190b94fde90:   00007190b94fdec0 00007190bc306fd5   ..O..q...o0..q..
0x00007190b94fdea0:   0000000000000000 00007190b94fecdc   ..........O..q..
0x00007190b94fdeb0:   00007190b94fe6c0 ffffffffffffff88   ..O..q..........
0x00007190b94fdec0:   00007190b94fdf70 00007190bcc9cb84   p.O..q.......q..
0x00007190b94fded0:   0000000000000000 00007190b94fe6c0   ..........O..q..
0x00007190b94fdee0:   00007190b94fe6c0 a8d30701b6e5b11d   ..O..q..........
0x00007190b94fdef0:   00007190b94fe6c0 ffffffffffffff88   ..O..q..........
0x00007190b94fdf00:   0000000000000016 00007190bb1fe600   .............q..
0x00007190b94fdf10:   a8d30701b5a5b11d a8d30c0d99bfb11d   ................

Instructions: (pc=0x00007190bbdd4eae)
0x00007190bbdd4dae:   c7 45 b0 03 00 00 00 4c 8b 22 0f 11 45 b8 48 39
0x00007190bbdd4dbe:   de 0f 83 23 01 00 00 48 8d 45 a0 4c 8d 3d 38 99
0x00007190bbdd4dce:   cf 00 4c 8d 2d 69 7e d3 00 48 89 45 98 eb 63 0f
0x00007190bbdd4dde:   1f 00 48 8d 05 b9 80 cf 00 8b 56 08 8b 48 08 48
0x00007190bbdd4dee:   d3 e2 48 03 10 8b 4a 08 85 c9 0f 8e 9a 00 00 00
0x00007190bbdd4dfe:   f6 c1 01 74 1a 48 8b 02 48 8d 3d 13 1a b1 ff 48
0x00007190bbdd4e0e:   8b 80 00 01 00 00 48 39 f8 0f 85 e3 00 00 00 c1
0x00007190bbdd4e1e:   f9 03 48 63 c9 4c 8d 34 ce 48 63 4a 0c 48 8b 7d
0x00007190bbdd4e2e:   98 41 ff 54 cd 00 49 39 de 0f 83 ab 00 00 00 4c
0x00007190bbdd4e3e:   89 f6 42 0f 18 0c 26 41 80 3f 00 75 95 48 8b 56
0x00007190bbdd4e4e:   08 8b 4a 08 85 c9 7f a8 74 50 41 b9 10 00 00 00
0x00007190bbdd4e5e:   48 8d 05 47 8b cf 00 8b 38 89 c8 c1 f8 10 44 8d
0x00007190bbdd4e6e:   47 ff 0f b6 c0 f7 df 4d 63 c0 4c 01 c0 4e 63 04
0x00007190bbdd4e7e:   0e 49 d3 e0 48 63 cf 4c 01 c0 48 21 c8 48 83 e0
0x00007190bbdd4e8e:   f8 4c 8d 34 06 eb 92 0f 1f 00 74 0e 41 b9 0c 00
0x00007190bbdd4e9e:   00 00 eb bc 66 0f 1f 44 00 00 48 8b 02 49 89 f6
0x00007190bbdd4eae:   48 8b 88 00 01 00 00 48 8d 05 64 19 b1 ff 48 39
0x00007190bbdd4ebe:   c1 0f 84 62 ff ff ff 48 89 75 88 48 89 d7 48 89
0x00007190bbdd4ece:   55 90 ff d1 48 8b 75 88 48 8b 55 90 4c 8d 34 c6
0x00007190bbdd4ede:   e9 44 ff ff ff 0f 1f 44 00 00 48 83 c4 58 5b 41
0x00007190bbdd4eee:   5c 41 5d 41 5e 41 5f 5d c3 66 0f 1f 84 00 00 00
0x00007190bbdd4efe:   00 00 48 89 75 88 48 89 d7 48 89 55 90 ff d0 48
0x00007190bbdd4f0e:   8b 75 88 48 8b 55 90 4c 8d 34 c6 e9 09 ff ff ff
0x00007190bbdd4f1e:   66 90 f3 0f 1e fa 0f b6 87 80 00 00 00 84 c0 75
0x00007190bbdd4f2e:   09 31 c0 c3 66 0f 1f 44 00 00 48 83 c7 60 e9 bf
0x00007190bbdd4f3e:   ec ff ff 90 66 66 2e 0f 1f 84 00 00 00 00 00 0f
0x00007190bbdd4f4e:   1f 00 f3 0f 1e fa 48 8b 56 10 48 8d 4f 70 48 8b
0x00007190bbdd4f5e:   76 60 b8 01 00 00 00 f0 48 0f c1 01 48 8b 4f 60
0x00007190bbdd4f6e:   48 c1 e0 04 48 89 34 01 48 03 47 60 48 2b 10 48
0x00007190bbdd4f7e:   c1 ea 03 48 89 50 08 c3 66 2e 0f 1f 84 00 00 00
0x00007190bbdd4f8e:   00 00 f3 0f 1e fa c6 87 81 00 00 00 01 0f b6 87
0x00007190bbdd4f9e:   80 00 00 00 84 c0 75 0a c3 66 0f 1f 84 00 00 00


Stack slot to memory mapping:

stack at sp + 0 slots: 0x00000000fff00000 is an oop: [Ljava.lang.Object; 
{0x00000000fff00000} - klass: 'java/lang/Object'[]
 - length: 3
stack at sp + 1 slots: 0x00000000c3b2c4e8 is an oop: java.lang.Class 
{0x00000000c3b2c4e8} - klass: 'java/lang/Class'
 - ---- fields (total size 15 words):
 - private volatile transient 'classRedefinedCount' 'I' @12  0 (0x00000000)
 - injected 'klass' 'J' @16  124864372249456 (0x00007190408d9370)
 - injected 'array_klass' 'J' @24  0 (0x0000000000000000)
 - injected 'oop_size' 'I' @32  15 (0x0000000f)
 - injected 'static_oop_field_count' 'I' @36  1 (0x00000001)
 - private volatile transient 'cachedConstructor' 'Ljava/lang/reflect/Constructor;' @40  null (0x00000000)
 - private transient 'name' 'Ljava/lang/String;' @44  "org.eclipse.jdt.ls.core.internal.corext.template.java.JavaPostfixContextType"{0x00000000c3b2c560} (0xc3b2c560)
 - private transient 'module' 'Ljava/lang/Module;' @48  a 'java/lang/Module'{0x00000000c0acddf8} (0xc0acddf8)
 - private final 'classLoader' 'Ljava/lang/ClassLoader;' @52  a 'org/eclipse/osgi/internal/loader/EquinoxClassLoader'{0x00000000c06464d0} (0xc06464d0)
 - private transient 'classData' 'Ljava/lang/Object;' @56  null (0x00000000)
 - private transient 'packageName' 'Ljava/lang/String;' @60  "org.eclipse.jdt.ls.core.internal.corext.template.java"{0x00000000c1075780} (0xc1075780)
 - private final 'componentType' 'Ljava/lang/Class;' @64  null (0x00000000)
 - private volatile transient 'reflectionData' 'Ljava/lang/ref/SoftReference;' @68  null (0x00000000)
 - private volatile transient 'genericInfo' 'Lsun/reflect/generics/repository/ClassRepository;' @72  null (0x00000000)
 - private volatile transient 'enumConstants' '[Ljava/lang/Object;' @76  null (0x00000000)
 - private volatile transient 'enumConstantDirectory' 'Ljava/util/Map;' @80  null (0x00000000)
 - private volatile transient 'annotationData' 'Ljava/lang/Class$AnnotationData;' @84  null (0x00000000)
 - private volatile transient 'annotationType' 'Lsun/reflect/annotation/AnnotationType;' @88  null (0x00000000)
 - transient 'classValueMap' 'Ljava/lang/ClassValue$ClassValueMap;' @92  null (0x00000000)
 - injected 'protection_domain' 'Ljava/lang/Object;' @96  a 'org/eclipse/osgi/internal/loader/ModuleClassLoader$GenerationProtectionDomain'{0x00000000c06464a8} (0xc06464a8)
 - injected 'signers_name' 'Ljava/lang/Object;' @100  null (0x00000000)
 - injected 'source_file' 'Ljava/lang/Object;' @104  null (0x00000000)
 - injected '<init_lock>' 'Ljava/lang/Object;' @108  null (0x00000000)
 - signature: Lorg/eclipse/jdt/ls/core/internal/corext/template/java/JavaPostfixContextType;
 - ---- static fields (1):
 - public static final 'ID_ALL' 'Ljava/lang/String;' @112  "postfix"{0x00000000c3b27db8} (0xc3b27db8)
stack at sp + 2 slots: 0x000071903f006b50 is a pointer to class: 
java.lang.Class {0x000071903f006b50}
 - instance size:     14
 - klass size:        96
 - access:            public final synchronized 
 - flags:             rewritten has_nonstatic_fields has_nonstatic_concrete_methods is_shared_boot_class has_localvariable_table has_resolved_methods 
 - state:             fully_initialized
 - name:              'java/lang/Class'
 - super:             'java/lang/Object'
 - sub:               
 - arrays:            'java/lang/Class'[]
 - methods:           Array<T>(0x000071903f624a48)
 - method ordering:   Array<T>(0x000071903f625020)
 - local interfaces:  Array<T>(0x000071903f624fa8)
 - trans. interfaces: Array<T>(0x000071903f624fe0)
 - secondary supers: Array<T>(0x000071903f621478)
 - hash_slot:         25
 - bitmap:            0x8002040300880000
 - constants:         constant pool [1687]/operands[49] {0x000071903f6214b8} for 'java/lang/Class' cache=0x000071903f469b08
 - class loader data:  loader data: 0x00007190b40eccf0 of 'bootstrap'
 - source file:       'Class.java'
 - generic signature: '<T:Ljava/lang/Object;>Ljava/lang/Object;Ljava/io/Serializable;Ljava/lang/reflect/GenericDeclaration;Ljava/lang/reflect/Type;Ljava/lang/reflect/AnnotatedElement;Ljava/lang/invoke/TypeDescriptor$OfField<Ljava/lang/Class<*>;>;Ljava/lang/constant/Constable;'
 - inner classes:     Array<T>(0x000071903f6249b8)
 - nest members:     Array<T>(0x000071903f6253c8)
 - permitted subclasses:     Array<T>(0x000071903f619800)
 - java mirror:       a 'java/lang/Class'{0x00000000ffe80100} = 'java/lang/Class'
 - vtable length      5  (start addr: 0x000071903f006d20)
 - itable length      32 (start addr: 0x000071903f006d48)
 - ---- static fields (5 words):
 - private static final 'ANNOTATION' 'I' @136 
 - private static final 'ENUM' 'I' @140 
 - private static final 'SYNTHETIC' 'I' @144 
 - private static final 'EMPTY_CLASS_ARRAY' '[Ljava/lang/Class;' @112 
 - private static final 'serialVersionUID' 'J' @128 
 - private static final 'serialPersistentFields' '[Ljava/io/ObjectStreamField;' @116 
 - private static 'reflectionFactory' 'Ljdk/internal/reflect/ReflectionFactory;' @120 
 - ---- non-static fields (25 words):
 - private volatile transient 'classRedefinedCount' 'I' @12 
 - injected 'klass' 'J' @16 
 - injected 'array_klass' 'J' @24 
 - injected 'oop_size' 'I' @32 
 - injected 'static_oop_field_count' 'I' @36 
 - private volatile transient 'cachedConstructor' 'Ljava/lang/reflect/Constructor;' @40 
 - private transient 'name' 'Ljava/lang/String;' @44 
 - private transient 'module' 'Ljava/lang/Module;' @48 
 - private final 'classLoader' 'Ljava/lang/ClassLoader;' @52 
 - private transient 'classData' 'Ljava/lang/Object;' @56 
 - private transient 'packageName' 'Ljava/lang/String;' @60 
 - private final 'componentType' 'Ljava/lang/Class;' @64 
 - private volatile transient 'reflectionData' 'Ljava/lang/ref/SoftReference;' @68 
 - private volatile transient 'genericInfo' 'Lsun/reflect/generics/repository/ClassRepository;' @72 
 - private volatile transient 'enumConstants' '[Ljava/lang/Object;' @76 
 - private volatile transient 'enumConstantDirectory' 'Ljava/util/Map;' @80 
 - private volatile transient 'annotationData' 'Ljava/lang/Class$AnnotationData;' @84 
 - private volatile transient 'annotationType' 'Lsun/reflect/annotation/AnnotationType;' @88 
 - transient 'classValueMap' 'Ljava/lang/ClassValue$ClassValueMap;' @92 
 - injected 'protection_domain' 'Ljava/lang/Object;' @96 
 - injected 'signers_name' 'Ljava/lang/Object;' @100 
 - injected 'source_file' 'Ljava/lang/Object;' @104 
 - injected '<init_lock>' 'Ljava/lang/Object;' @108 
 - non-static oop maps: 40-108 
stack at sp + 3 slots: 0x00007190b94fdd40 points into unknown readable memory: 0x00007190bca01aa8 | a8 1a a0 bc 90 71 00 00
stack at sp + 4 slots: 0x00007190bca01aa8: <offset 0x0000000001401aa8> in /usr/lib/jvm/java-21-openjdk-amd64/lib/server/libjvm.so at 0x00007190bb600000
stack at sp + 5 slots: 0x0 is null
stack at sp + 6 slots: 0x0000000000000003 is an unknown value
stack at sp + 7 slots: 0x00007190b402c300 points into unknown readable memory: 0x00007190bcabb0d0 | d0 b0 ab bc 90 71 00 00


---------------  P R O C E S S  ---------------

Threads class SMR info:
_java_thread_list=0x0000718fd417b6d0, length=40, elements={
0x00007190b4018e90, 0x00007190b4110010, 0x00007190b4111590, 0x00007190b4112d40,
0x00007190b4114390, 0x00007190b4115940, 0x00007190b4117490, 0x00007190b4118b60,
0x00007190b41ffea0, 0x00007190b42a3bc0, 0x00007190b4461240, 0x00007190b44bd620,
0x0000718ff40262d0, 0x00007190b44c1160, 0x0000718fec295dc0, 0x0000718fec4874c0,
0x0000718fec19b990, 0x0000718fec280930, 0x0000718feca93d30, 0x0000718fd4149010,
0x00007190b413f660, 0x00007190b42a11a0, 0x00007190b429cd00, 0x0000718fdc089cc0,
0x0000718fec6ca0a0, 0x0000718ff8005140, 0x0000718ff0060d60, 0x0000718ff0061550,
0x0000718ff00852d0, 0x0000718ffc0f6290, 0x000071900c107010, 0x000071901800cc10,
0x000071900c12a830, 0x0000718fdc1b2220, 0x0000718fdc1b3380, 0x0000718fdc1bb4a0,
0x0000718fdc1bc5d0, 0x000071902400cf30, 0x0000718fe040ab90, 0x0000718fdc006900
}

Java Threads: ( => current thread )
  0x00007190b4018e90 JavaThread "main"                              [_thread_blocked, id=29606, stack(0x00007190bb100000,0x00007190bb200000) (1024K)]
  0x00007190b4110010 JavaThread "Reference Handler"          daemon [_thread_blocked, id=29614, stack(0x00007190b8a1a000,0x00007190b8b1a000) (1024K)]
  0x00007190b4111590 JavaThread "Finalizer"                  daemon [_thread_blocked, id=29615, stack(0x00007190b8100000,0x00007190b8200000) (1024K)]
  0x00007190b4112d40 JavaThread "Signal Dispatcher"          daemon [_thread_blocked, id=29616, stack(0x00007190b8000000,0x00007190b8100000) (1024K)]
  0x00007190b4114390 JavaThread "Service Thread"             daemon [_thread_blocked, id=29617, stack(0x00007190b3f00000,0x00007190b4000000) (1024K)]
  0x00007190b4115940 JavaThread "Monitor Deflation Thread"   daemon [_thread_blocked, id=29618, stack(0x000071909c700000,0x000071909c800000) (1024K)]
  0x00007190b4117490 JavaThread "C2 CompilerThread0"         daemon [_thread_in_native, id=29619, stack(0x000071909c600000,0x000071909c700000) (1024K)]
  0x00007190b4118b60 JavaThread "C1 CompilerThread0"         daemon [_thread_blocked, id=29620, stack(0x000071909c500000,0x000071909c600000) (1024K)]
  0x00007190b41ffea0 JavaThread "Common-Cleaner"             daemon [_thread_blocked, id=29621, stack(0x000071909c32f000,0x000071909c42f000) (1024K)]
  0x00007190b42a3bc0 JavaThread "Notification Thread"        daemon [_thread_blocked, id=29623, stack(0x000071909c12f000,0x000071909c22f000) (1024K)]
  0x00007190b4461240 JavaThread "Active Thread: Equinox Container: 21f41068-ba9c-4750-b56b-171ff7f0349a"        [_thread_blocked, id=29627, stack(0x000071908dcfe000,0x000071908ddfe000) (1024K)]
  0x00007190b44bd620 JavaThread "Refresh Thread: Equinox Container: 21f41068-ba9c-4750-b56b-171ff7f0349a" daemon [_thread_blocked, id=29628, stack(0x000071908dbfe000,0x000071908dcfe000) (1024K)]
  0x0000718ff40262d0 JavaThread "Framework Event Dispatcher: Equinox Container: 21f41068-ba9c-4750-b56b-171ff7f0349a" daemon [_thread_blocked, id=29629, stack(0x000071908dafe000,0x000071908dbfe000) (1024K)]
  0x00007190b44c1160 JavaThread "Start Level: Equinox Container: 21f41068-ba9c-4750-b56b-171ff7f0349a" daemon [_thread_blocked, id=29630, stack(0x000071908d9fe000,0x000071908dafe000) (1024K)]
  0x0000718fec295dc0 JavaThread "Bundle File Closer"         daemon [_thread_blocked, id=29632, stack(0x000071909c22f000,0x000071909c32f000) (1024K)]
  0x0000718fec4874c0 JavaThread "SCR Component Actor"        daemon [_thread_blocked, id=29635, stack(0x000071908d8fe000,0x000071908d9fe000) (1024K)]
  0x0000718fec19b990 JavaThread "Worker-JM"                         [_thread_blocked, id=29637, stack(0x000071908d7fe000,0x000071908d8fe000) (1024K)]
  0x0000718fec280930 JavaThread "Worker-0"                          [_thread_blocked, id=29639, stack(0x000071908d5fe000,0x000071908d6fe000) (1024K)]
  0x0000718feca93d30 JavaThread "Java indexing"              daemon [_thread_blocked, id=29643, stack(0x000071908d2fe000,0x000071908d3fe000) (1024K)]
  0x0000718fd4149010 JavaThread "Worker-4"                          [_thread_blocked, id=29645, stack(0x000071908d0fe000,0x000071908d1fe000) (1024K)]
  0x00007190b413f660 JavaThread "pool-2-thread-1"                   [_thread_blocked, id=29647, stack(0x000071908cefe000,0x000071908cffe000) (1024K)]
  0x00007190b42a11a0 JavaThread "WorkspaceEventsHandler"            [_thread_blocked, id=29648, stack(0x000071908cdfe000,0x000071908cefe000) (1024K)]
  0x00007190b429cd00 JavaThread "pool-1-thread-1"                   [_thread_in_native, id=29649, stack(0x000071908ccfe000,0x000071908cdfe000) (1024K)]
  0x0000718fdc089cc0 JavaThread "PatternSearchJob-worker-1"  daemon [_thread_blocked, id=29650, stack(0x000071908cbfe000,0x000071908ccfe000) (1024K)]
  0x0000718fec6ca0a0 JavaThread "PatternSearchJob-worker-2"  daemon [_thread_blocked, id=29651, stack(0x000071908cafe000,0x000071908cbfe000) (1024K)]
  0x0000718ff8005140 JavaThread "PatternSearchJob-worker-3"  daemon [_thread_blocked, id=29652, stack(0x000071908c9fe000,0x000071908cafe000) (1024K)]
  0x0000718ff0060d60 JavaThread "ForkJoinPool.commonPool-worker-1" daemon [_thread_blocked, id=29660, stack(0x000071908c8fe000,0x000071908c9fe000) (1024K)]
  0x0000718ff0061550 JavaThread "ForkJoinPool.commonPool-worker-2" daemon [_thread_blocked, id=29661, stack(0x000071908c7fe000,0x000071908c8fe000) (1024K)]
  0x0000718ff00852d0 JavaThread "ForkJoinPool.commonPool-worker-3" daemon [_thread_blocked, id=29662, stack(0x000071908c6fe000,0x000071908c7fe000) (1024K)]
  0x0000718ffc0f6290 JavaThread "Cleaner-0"                  daemon [_thread_blocked, id=29688, stack(0x000071908c5fe000,0x000071908c6fe000) (1024K)]
  0x000071900c107010 JavaThread "LocalFile Deleter"          daemon [_thread_blocked, id=29690, stack(0x000071908c3fe000,0x000071908c4fe000) (1024K)]
  0x000071901800cc10 JavaThread "LocalFile Deleter"          daemon [_thread_blocked, id=29691, stack(0x000071908c2fe000,0x000071908c3fe000) (1024K)]
  0x000071900c12a830 JavaThread "LocalFile Deleter"          daemon [_thread_blocked, id=29692, stack(0x000071908c1fe000,0x000071908c2fe000) (1024K)]
  0x0000718fdc1b2220 JavaThread "Compiler Source File Reader" daemon [_thread_blocked, id=29693, stack(0x000071908c0fe000,0x000071908c1fe000) (1024K)]
  0x0000718fdc1b3380 JavaThread "Compiler Source File Reader" daemon [_thread_blocked, id=29694, stack(0x000071903af00000,0x000071903b000000) (1024K)]
  0x0000718fdc1bb4a0 JavaThread "Compiler Class File Writer" daemon [_thread_blocked, id=29696, stack(0x000071903ad00000,0x000071903ae00000) (1024K)]
  0x0000718fdc1bc5d0 JavaThread "Compiler Class File Writer" daemon [_thread_blocked, id=29697, stack(0x000071903ac00000,0x000071903ad00000) (1024K)]
  0x000071902400cf30 JavaThread "Attach Listener"            daemon [_thread_blocked, id=29724, stack(0x000071903ab00000,0x000071903ac00000) (1024K)]
  0x0000718fe040ab90 JavaThread "Worker-6"                          [_thread_blocked, id=30064, stack(0x000071908d1fe000,0x000071908d2fe000) (1024K)]
  0x0000718fdc006900 JavaThread "Compiler Processing Task"   daemon [_thread_blocked, id=30066, stack(0x000071908cffe000,0x000071908d0fe000) (1024K)]
Total: 40

Other Threads:
  0x00007190b4105c30 VMThread "VM Thread"                           [id=29613, stack(0x00007190b8b1b000,0x00007190b8c1b000) (1024K)]
  0x00007190b40f36f0 WatcherThread "VM Periodic Task Thread"        [id=29612, stack(0x00007190b8c1c000,0x00007190b8d1c000) (1024K)]
  0x00007190b4054880 WorkerThread "GC Thread#0"                     [id=29607, stack(0x00007190baa26000,0x00007190bab26000) (1024K)]
  0x00007190340069b0 WorkerThread "GC Thread#1"                     [id=29624, stack(0x000071909c02f000,0x000071909c12f000) (1024K)]
  0x00007190340074e0 WorkerThread "GC Thread#2"                     [id=29625, stack(0x000071908df00000,0x000071908e000000) (1024K)]
  0x000071903400ba50 WorkerThread "GC Thread#3"                     [id=29626, stack(0x000071908ddff000,0x000071908deff000) (1024K)]
  0x00007190b405de60 ConcurrentGCThread "G1 Main Marker"            [id=29608, stack(0x00007190b9500000,0x00007190b9600000) (1024K)]
=>0x00007190b405eda0 WorkerThread "G1 Conc#0"                       [id=29609, stack(0x00007190b93ff000,0x00007190b94ff000) (1024K)]
  0x00007190b40e0dd0 ConcurrentGCThread "G1 Refine#0"               [id=29610, stack(0x00007190b8efa000,0x00007190b8ffa000) (1024K)]
  0x00007190b40e1d30 ConcurrentGCThread "G1 Service"                [id=29611, stack(0x00007190b8df9000,0x00007190b8ef9000) (1024K)]
Total: 10

Threads with active compile tasks:
C2 CompilerThread0  106776 11636   !   4       com.google.gson.internal.bind.ReflectiveTypeAdapterFactory$2::write (140 bytes)
Total: 1

VM state: not at safepoint (normal execution)

VM Mutex/Monitor currently owned by a thread: None

Heap address: 0x00000000c0000000, size: 1024 MB, Compressed Oops mode: 32-bit

CDS archive(s) mapped at: [0x000071903f000000-0x000071903fc9c000-0x000071903fc9c000), size 13221888, SharedBaseAddress: 0x000071903f000000, ArchiveRelocationMode: 1.
Compressed class space mapped at: 0x0000719040000000-0x0000719080000000, reserved size: 1073741824
Narrow klass base: 0x000071903f000000, Narrow klass shift: 0, Narrow klass range: 0x100000000

GC Precious Log:
 CardTable entry size: 512
 Card Set container configuration: InlinePtr #cards 5 size 8 Array Of Cards #cards 12 size 40 Howl #buckets 4 coarsen threshold 1843 Howl Bitmap #cards 512 size 80 coarsen threshold 460 Card regions per heap region 1 cards per card region 2048
 CPUs: 4 total, 4 available
 Memory: 7820M
 Large Page Support: Disabled
 NUMA Support: Disabled
 Compressed Oops: Enabled (32-bit)
 Heap Region Size: 1M
 Heap Min Capacity: 8M
 Heap Initial Capacity: 124M
 Heap Max Capacity: 1G
 Pre-touch: Disabled
 Parallel Workers: 4
 Concurrent Workers: 1
 Concurrent Refinement Workers: 4
 Periodic GC: Disabled

Heap:
 garbage-first heap   total 121856K, used 58196K [0x00000000c0000000, 0x0000000100000000)
  region size 1024K, 3 young (3072K), 2 survivors (2048K)
 Metaspace       used 79324K, committed 80960K, reserved 1179648K
  class space    used 8504K, committed 9216K, reserved 1048576K

Heap Regions: E=young(eden), S=young(survivor), O=old, HS=humongous(starts), HC=humongous(continues), CS=collection set, F=free, TAMS=top-at-mark-start, PB=parsable bottom
|   0|0x00000000c0000000, 0x00000000c0100000, 0x00000000c0100000|100%| O|  |TAMS 0x00000000c0100000| PB 0x00000000c0000000| Untracked 
|   1|0x00000000c0100000, 0x00000000c0200000, 0x00000000c0200000|100%| O|  |TAMS 0x00000000c0200000| PB 0x00000000c0100000| Untracked 
|   2|0x00000000c0200000, 0x00000000c0300000, 0x00000000c0300000|100%| O|  |TAMS 0x00000000c0300000| PB 0x00000000c0200000| Untracked 
|   3|0x00000000c0300000, 0x00000000c0400000, 0x00000000c0400000|100%| O|  |TAMS 0x00000000c0400000| PB 0x00000000c0300000| Untracked 
|   4|0x00000000c0400000, 0x00000000c0500000, 0x00000000c0500000|100%| O|  |TAMS 0x00000000c0500000| PB 0x00000000c0400000| Untracked 
|   5|0x00000000c0500000, 0x00000000c0600000, 0x00000000c0600000|100%| O|  |TAMS 0x00000000c0600000| PB 0x00000000c0500000| Untracked 
|   6|0x00000000c0600000, 0x00000000c0700000, 0x00000000c0700000|100%| O|  |TAMS 0x00000000c0700000| PB 0x00000000c0600000| Untracked 
|   7|0x00000000c0700000, 0x00000000c0800000, 0x00000000c0800000|100%| O|  |TAMS 0x00000000c0800000| PB 0x00000000c0700000| Untracked 
|   8|0x00000000c0800000, 0x00000000c0900000, 0x00000000c0900000|100%| O|  |TAMS 0x00000000c0900000| PB 0x00000000c0800000| Untracked 
|   9|0x00000000c0900000, 0x00000000c0a00000, 0x00000000c0a00000|100%| O|  |TAMS 0x00000000c0a00000| PB 0x00000000c0900000| Untracked 
|  10|0x00000000c0a00000, 0x00000000c0b00000, 0x00000000c0b00000|100%| O|  |TAMS 0x00000000c0b00000| PB 0x00000000c0a00000| Untracked 
|  11|0x00000000c0b00000, 0x00000000c0c00000, 0x00000000c0c00000|100%| O|  |TAMS 0x00000000c0c00000| PB 0x00000000c0b00000| Untracked 
|  12|0x00000000c0c00000, 0x00000000c0d00000, 0x00000000c0d00000|100%| O|  |TAMS 0x00000000c0d00000| PB 0x00000000c0c00000| Untracked 
|  13|0x00000000c0d00000, 0x00000000c0e00000, 0x00000000c0e00000|100%| O|  |TAMS 0x00000000c0e00000| PB 0x00000000c0d00000| Untracked 
|  14|0x00000000c0e00000, 0x00000000c0f00000, 0x00000000c0f00000|100%|HS|  |TAMS 0x00000000c0f00000| PB 0x00000000c0e00000| Complete 
|  15|0x00000000c0f00000, 0x00000000c1000000, 0x00000000c1000000|100%|HS|  |TAMS 0x00000000c1000000| PB 0x00000000c0f00000| Complete 
|  16|0x00000000c1000000, 0x00000000c1100000, 0x00000000c1100000|100%| O|  |TAMS 0x00000000c1100000| PB 0x00000000c1000000| Untracked 
|  17|0x00000000c1100000, 0x00000000c1200000, 0x00000000c1200000|100%| O|  |TAMS 0x00000000c1200000| PB 0x00000000c1100000| Untracked 
|  18|0x00000000c1200000, 0x00000000c1200000, 0x00000000c1300000|  0%| F|  |TAMS 0x00000000c1200000| PB 0x00000000c1200000| Untracked 
|  19|0x00000000c1300000, 0x00000000c1400000, 0x00000000c1400000|100%| O|  |TAMS 0x00000000c1400000| PB 0x00000000c1300000| Untracked 
|  20|0x00000000c1400000, 0x00000000c1500000, 0x00000000c1500000|100%| O|  |TAMS 0x00000000c1500000| PB 0x00000000c1400000| Untracked 
|  21|0x00000000c1500000, 0x00000000c1600000, 0x00000000c1600000|100%| O|  |TAMS 0x00000000c1600000| PB 0x00000000c1500000| Untracked 
|  22|0x00000000c1600000, 0x00000000c1700000, 0x00000000c1700000|100%| O|  |TAMS 0x00000000c1700000| PB 0x00000000c1600000| Untracked 
|  23|0x00000000c1700000, 0x00000000c1800000, 0x00000000c1800000|100%| O|  |TAMS 0x00000000c1800000| PB 0x00000000c1700000| Untracked 
|  24|0x00000000c1800000, 0x00000000c1900000, 0x00000000c1900000|100%| O|  |TAMS 0x00000000c1900000| PB 0x00000000c1800000| Untracked 
|  25|0x00000000c1900000, 0x00000000c1a00000, 0x00000000c1a00000|100%| O|  |TAMS 0x00000000c1a00000| PB 0x00000000c1900000| Untracked 
|  26|0x00000000c1a00000, 0x00000000c1b00000, 0x00000000c1b00000|100%| O|  |TAMS 0x00000000c1b00000| PB 0x00000000c1a00000| Untracked 
|  27|0x00000000c1b00000, 0x00000000c1c00000, 0x00000000c1c00000|100%| O|  |TAMS 0x00000000c1c00000| PB 0x00000000c1b00000| Untracked 
|  28|0x00000000c1c00000, 0x00000000c1d00000, 0x00000000c1d00000|100%| O|  |TAMS 0x00000000c1d00000| PB 0x00000000c1c00000| Untracked 
|  29|0x00000000c1d00000, 0x00000000c1e00000, 0x00000000c1e00000|100%| O|  |TAMS 0x00000000c1e00000| PB 0x00000000c1d00000| Untracked 
|  30|0x00000000c1e00000, 0x00000000c1f00000, 0x00000000c1f00000|100%| O|  |TAMS 0x00000000c1f00000| PB 0x00000000c1e00000| Untracked 
|  31|0x00000000c1f00000, 0x00000000c1f00000, 0x00000000c2000000|  0%| F|  |TAMS 0x00000000c1f00000| PB 0x00000000c1f00000| Untracked 
|  32|0x00000000c2000000, 0x00000000c2100000, 0x00000000c2100000|100%| O|  |TAMS 0x00000000c2100000| PB 0x00000000c2000000| Untracked 
|  33|0x00000000c2100000, 0x00000000c2200000, 0x00000000c2200000|100%| O|  |TAMS 0x00000000c2200000| PB 0x00000000c2100000| Untracked 
|  34|0x00000000c2200000, 0x00000000c2300000, 0x00000000c2300000|100%| O|  |TAMS 0x00000000c2300000| PB 0x00000000c2200000| Untracked 
|  35|0x00000000c2300000, 0x00000000c2400000, 0x00000000c2400000|100%| O|  |TAMS 0x00000000c2400000| PB 0x00000000c2300000| Untracked 
|  36|0x00000000c2400000, 0x00000000c2500000, 0x00000000c2500000|100%| O|  |TAMS 0x00000000c2500000| PB 0x00000000c2400000| Untracked 
|  37|0x00000000c2500000, 0x00000000c2600000, 0x00000000c2600000|100%| O|  |TAMS 0x00000000c2600000| PB 0x00000000c2500000| Untracked 
|  38|0x00000000c2600000, 0x00000000c2700000, 0x00000000c2700000|100%| O|  |TAMS 0x00000000c2700000| PB 0x00000000c2600000| Untracked 
|  39|0x00000000c2700000, 0x00000000c2800000, 0x00000000c2800000|100%| O|  |TAMS 0x00000000c2800000| PB 0x00000000c2700000| Untracked 
|  40|0x00000000c2800000, 0x00000000c2900000, 0x00000000c2900000|100%| O|  |TAMS 0x00000000c2900000| PB 0x00000000c2800000| Untracked 
|  41|0x00000000c2900000, 0x00000000c2a00000, 0x00000000c2a00000|100%| O|  |TAMS 0x00000000c2a00000| PB 0x00000000c2900000| Untracked 
|  42|0x00000000c2a00000, 0x00000000c2b00000, 0x00000000c2b00000|100%| O|  |TAMS 0x00000000c2b00000| PB 0x00000000c2a00000| Untracked 
|  43|0x00000000c2b00000, 0x00000000c2c00000, 0x00000000c2c00000|100%| O|  |TAMS 0x00000000c2c00000| PB 0x00000000c2b00000| Untracked 
|  44|0x00000000c2c00000, 0x00000000c2d00000, 0x00000000c2d00000|100%| O|  |TAMS 0x00000000c2d00000| PB 0x00000000c2c00000| Untracked 
|  45|0x00000000c2d00000, 0x00000000c2e00000, 0x00000000c2e00000|100%| O|  |TAMS 0x00000000c2e00000| PB 0x00000000c2d00000| Untracked 
|  46|0x00000000c2e00000, 0x00000000c2f00000, 0x00000000c2f00000|100%| O|  |TAMS 0x00000000c2f00000| PB 0x00000000c2e00000| Untracked 
|  47|0x00000000c2f00000, 0x00000000c3000000, 0x00000000c3000000|100%| O|  |TAMS 0x00000000c3000000| PB 0x00000000c2f00000| Untracked 
|  48|0x00000000c3000000, 0x00000000c3100000, 0x00000000c3100000|100%| O|  |TAMS 0x00000000c3100000| PB 0x00000000c3000000| Untracked 
|  49|0x00000000c3100000, 0x00000000c3200000, 0x00000000c3200000|100%| O|  |TAMS 0x00000000c3200000| PB 0x00000000c3100000| Untracked 
|  50|0x00000000c3200000, 0x00000000c3300000, 0x00000000c3300000|100%| O|  |TAMS 0x00000000c3300000| PB 0x00000000c3200000| Untracked 
|  51|0x00000000c3300000, 0x00000000c3400000, 0x00000000c3400000|100%| O|  |TAMS 0x00000000c3400000| PB 0x00000000c3300000| Untracked 
|  52|0x00000000c3400000, 0x00000000c3500000, 0x00000000c3500000|100%| O|  |TAMS 0x00000000c3500000| PB 0x00000000c3400000| Untracked 
|  53|0x00000000c3500000, 0x00000000c3500000, 0x00000000c3600000|  0%| F|  |TAMS 0x00000000c3500000| PB 0x00000000c3500000| Untracked 
|  54|0x00000000c3600000, 0x00000000c3600000, 0x00000000c3700000|  0%| F|  |TAMS 0x00000000c3600000| PB 0x00000000c3600000| Untracked 
|  55|0x00000000c3700000, 0x00000000c3700000, 0x00000000c3800000|  0%| F|  |TAMS 0x00000000c3700000| PB 0x00000000c3700000| Untracked 
|  56|0x00000000c3800000, 0x00000000c3860c00, 0x00000000c3900000| 37%| O|  |TAMS 0x00000000c3860c00| PB 0x00000000c3800000| Untracked 
|  57|0x00000000c3900000, 0x00000000c3900000, 0x00000000c3a00000|  0%| F|  |TAMS 0x00000000c3900000| PB 0x00000000c3900000| Untracked 
|  58|0x00000000c3a00000, 0x00000000c3a74608, 0x00000000c3b00000| 45%| S|CS|TAMS 0x00000000c3a00000| PB 0x00000000c3a00000| Complete 
|  59|0x00000000c3b00000, 0x00000000c3c00000, 0x00000000c3c00000|100%| S|CS|TAMS 0x00000000c3b00000| PB 0x00000000c3b00000| Complete 
|  60|0x00000000c3c00000, 0x00000000c3c00000, 0x00000000c3d00000|  0%| F|  |TAMS 0x00000000c3c00000| PB 0x00000000c3c00000| Untracked 
|  61|0x00000000c3d00000, 0x00000000c3d00000, 0x00000000c3e00000|  0%| F|  |TAMS 0x00000000c3d00000| PB 0x00000000c3d00000| Untracked 
|  62|0x00000000c3e00000, 0x00000000c3e00000, 0x00000000c3f00000|  0%| F|  |TAMS 0x00000000c3e00000| PB 0x00000000c3e00000| Untracked 
|  63|0x00000000c3f00000, 0x00000000c3f00000, 0x00000000c4000000|  0%| F|  |TAMS 0x00000000c3f00000| PB 0x00000000c3f00000| Untracked 
|  64|0x00000000c4000000, 0x00000000c4000000, 0x00000000c4100000|  0%| F|  |TAMS 0x00000000c4000000| PB 0x00000000c4000000| Untracked 
|  65|0x00000000c4100000, 0x00000000c4100000, 0x00000000c4200000|  0%| F|  |TAMS 0x00000000c4100000| PB 0x00000000c4100000| Untracked 
|  66|0x00000000c4200000, 0x00000000c4200000, 0x00000000c4300000|  0%| F|  |TAMS 0x00000000c4200000| PB 0x00000000c4200000| Untracked 
|  67|0x00000000c4300000, 0x00000000c4300000, 0x00000000c4400000|  0%| F|  |TAMS 0x00000000c4300000| PB 0x00000000c4300000| Untracked 
|  68|0x00000000c4400000, 0x00000000c4400000, 0x00000000c4500000|  0%| F|  |TAMS 0x00000000c4400000| PB 0x00000000c4400000| Untracked 
|  69|0x00000000c4500000, 0x00000000c4500000, 0x00000000c4600000|  0%| F|  |TAMS 0x00000000c4500000| PB 0x00000000c4500000| Untracked 
|  70|0x00000000c4600000, 0x00000000c4600000, 0x00000000c4700000|  0%| F|  |TAMS 0x00000000c4600000| PB 0x00000000c4600000| Untracked 
|  71|0x00000000c4700000, 0x00000000c4700000, 0x00000000c4800000|  0%| F|  |TAMS 0x00000000c4700000| PB 0x00000000c4700000| Untracked 
|  72|0x00000000c4800000, 0x00000000c4800000, 0x00000000c4900000|  0%| F|  |TAMS 0x00000000c4800000| PB 0x00000000c4800000| Untracked 
|  73|0x00000000c4900000, 0x00000000c4900000, 0x00000000c4a00000|  0%| F|  |TAMS 0x00000000c4900000| PB 0x00000000c4900000| Untracked 
|  74|0x00000000c4a00000, 0x00000000c4a00000, 0x00000000c4b00000|  0%| F|  |TAMS 0x00000000c4a00000| PB 0x00000000c4a00000| Untracked 
|  75|0x00000000c4b00000, 0x00000000c4b00000, 0x00000000c4c00000|  0%| F|  |TAMS 0x00000000c4b00000| PB 0x00000000c4b00000| Untracked 
|  76|0x00000000c4c00000, 0x00000000c4c00000, 0x00000000c4d00000|  0%| F|  |TAMS 0x00000000c4c00000| PB 0x00000000c4c00000| Untracked 
|  77|0x00000000c4d00000, 0x00000000c4d00000, 0x00000000c4e00000|  0%| F|  |TAMS 0x00000000c4d00000| PB 0x00000000c4d00000| Untracked 
|  78|0x00000000c4e00000, 0x00000000c4e00000, 0x00000000c4f00000|  0%| F|  |TAMS 0x00000000c4e00000| PB 0x00000000c4e00000| Untracked 
|  79|0x00000000c4f00000, 0x00000000c4f00000, 0x00000000c5000000|  0%| F|  |TAMS 0x00000000c4f00000| PB 0x00000000c4f00000| Untracked 
|  80|0x00000000c5000000, 0x00000000c5000000, 0x00000000c5100000|  0%| F|  |TAMS 0x00000000c5000000| PB 0x00000000c5000000| Untracked 
|  81|0x00000000c5100000, 0x00000000c5100000, 0x00000000c5200000|  0%| F|  |TAMS 0x00000000c5100000| PB 0x00000000c5100000| Untracked 
|  82|0x00000000c5200000, 0x00000000c5200000, 0x00000000c5300000|  0%| F|  |TAMS 0x00000000c5200000| PB 0x00000000c5200000| Untracked 
|  83|0x00000000c5300000, 0x00000000c5300000, 0x00000000c5400000|  0%| F|  |TAMS 0x00000000c5300000| PB 0x00000000c5300000| Untracked 
|  84|0x00000000c5400000, 0x00000000c5400000, 0x00000000c5500000|  0%| F|  |TAMS 0x00000000c5400000| PB 0x00000000c5400000| Untracked 
|  85|0x00000000c5500000, 0x00000000c5500000, 0x00000000c5600000|  0%| F|  |TAMS 0x00000000c5500000| PB 0x00000000c5500000| Untracked 
|  86|0x00000000c5600000, 0x00000000c5600000, 0x00000000c5700000|  0%| F|  |TAMS 0x00000000c5600000| PB 0x00000000c5600000| Untracked 
|  87|0x00000000c5700000, 0x00000000c5700000, 0x00000000c5800000|  0%| F|  |TAMS 0x00000000c5700000| PB 0x00000000c5700000| Untracked 
|  88|0x00000000c5800000, 0x00000000c5800000, 0x00000000c5900000|  0%| F|  |TAMS 0x00000000c5800000| PB 0x00000000c5800000| Untracked 
|  89|0x00000000c5900000, 0x00000000c5900000, 0x00000000c5a00000|  0%| F|  |TAMS 0x00000000c5900000| PB 0x00000000c5900000| Untracked 
|  90|0x00000000c5a00000, 0x00000000c5a00000, 0x00000000c5b00000|  0%| F|  |TAMS 0x00000000c5a00000| PB 0x00000000c5a00000| Untracked 
|  91|0x00000000c5b00000, 0x00000000c5b00000, 0x00000000c5c00000|  0%| F|  |TAMS 0x00000000c5b00000| PB 0x00000000c5b00000| Untracked 
|  92|0x00000000c5c00000, 0x00000000c5c00000, 0x00000000c5d00000|  0%| F|  |TAMS 0x00000000c5c00000| PB 0x00000000c5c00000| Untracked 
|  93|0x00000000c5d00000, 0x00000000c5d00000, 0x00000000c5e00000|  0%| F|  |TAMS 0x00000000c5d00000| PB 0x00000000c5d00000| Untracked 
|  94|0x00000000c5e00000, 0x00000000c5e00000, 0x00000000c5f00000|  0%| F|  |TAMS 0x00000000c5e00000| PB 0x00000000c5e00000| Untracked 
|  95|0x00000000c5f00000, 0x00000000c5f00000, 0x00000000c6000000|  0%| F|  |TAMS 0x00000000c5f00000| PB 0x00000000c5f00000| Untracked 
|  96|0x00000000c6000000, 0x00000000c6000000, 0x00000000c6100000|  0%| F|  |TAMS 0x00000000c6000000| PB 0x00000000c6000000| Untracked 
|  97|0x00000000c6100000, 0x00000000c6100000, 0x00000000c6200000|  0%| F|  |TAMS 0x00000000c6100000| PB 0x00000000c6100000| Untracked 
|  98|0x00000000c6200000, 0x00000000c6200000, 0x00000000c6300000|  0%| F|  |TAMS 0x00000000c6200000| PB 0x00000000c6200000| Untracked 
|  99|0x00000000c6300000, 0x00000000c6300000, 0x00000000c6400000|  0%| F|  |TAMS 0x00000000c6300000| PB 0x00000000c6300000| Untracked 
| 100|0x00000000c6400000, 0x00000000c6400000, 0x00000000c6500000|  0%| F|  |TAMS 0x00000000c6400000| PB 0x00000000c6400000| Untracked 
| 101|0x00000000c6500000, 0x00000000c6500000, 0x00000000c6600000|  0%| F|  |TAMS 0x00000000c6500000| PB 0x00000000c6500000| Untracked 
| 102|0x00000000c6600000, 0x00000000c6600000, 0x00000000c6700000|  0%| F|  |TAMS 0x00000000c6600000| PB 0x00000000c6600000| Untracked 
| 103|0x00000000c6700000, 0x00000000c6700000, 0x00000000c6800000|  0%| F|  |TAMS 0x00000000c6700000| PB 0x00000000c6700000| Untracked 
| 104|0x00000000c6800000, 0x00000000c6800000, 0x00000000c6900000|  0%| F|  |TAMS 0x00000000c6800000| PB 0x00000000c6800000| Untracked 
| 105|0x00000000c6900000, 0x00000000c6900000, 0x00000000c6a00000|  0%| F|  |TAMS 0x00000000c6900000| PB 0x00000000c6900000| Untracked 
| 106|0x00000000c6a00000, 0x00000000c6a00000, 0x00000000c6b00000|  0%| F|  |TAMS 0x00000000c6a00000| PB 0x00000000c6a00000| Untracked 
| 107|0x00000000c6b00000, 0x00000000c6b00000, 0x00000000c6c00000|  0%| F|  |TAMS 0x00000000c6b00000| PB 0x00000000c6b00000| Untracked 
| 108|0x00000000c6c00000, 0x00000000c6c00000, 0x00000000c6d00000|  0%| F|  |TAMS 0x00000000c6c00000| PB 0x00000000c6c00000| Untracked 
| 109|0x00000000c6d00000, 0x00000000c6d00000, 0x00000000c6e00000|  0%| F|  |TAMS 0x00000000c6d00000| PB 0x00000000c6d00000| Untracked 
| 110|0x00000000c6e00000, 0x00000000c6e00000, 0x00000000c6f00000|  0%| F|  |TAMS 0x00000000c6e00000| PB 0x00000000c6e00000| Untracked 
| 111|0x00000000c6f00000, 0x00000000c6f00000, 0x00000000c7000000|  0%| F|  |TAMS 0x00000000c6f00000| PB 0x00000000c6f00000| Untracked 
| 112|0x00000000c7000000, 0x00000000c7000000, 0x00000000c7100000|  0%| F|  |TAMS 0x00000000c7000000| PB 0x00000000c7000000| Untracked 
| 123|0x00000000c7b00000, 0x00000000c7b00000, 0x00000000c7c00000|  0%| F|  |TAMS 0x00000000c7b00000| PB 0x00000000c7b00000| Untracked 
|1019|0x00000000ffb00000, 0x00000000ffc00000, 0x00000000ffc00000|100%| O|  |TAMS 0x00000000ffc00000| PB 0x00000000ffb00000| Untracked 
|1020|0x00000000ffc00000, 0x00000000ffd00000, 0x00000000ffd00000|100%| O|  |TAMS 0x00000000ffd00000| PB 0x00000000ffc00000| Untracked 
|1021|0x00000000ffd00000, 0x00000000ffe00000, 0x00000000ffe00000|100%| O|  |TAMS 0x00000000ffe00000| PB 0x00000000ffd00000| Untracked 
|1022|0x00000000ffe00000, 0x00000000fff00000, 0x00000000fff00000|100%| O|  |TAMS 0x00000000fff00000| PB 0x00000000ffe00000| Untracked 
|1023|0x00000000fff00000, 0x00000000fff5b098, 0x0000000100000000| 35%| E|  |TAMS 0x00000000fff00000| PB 0x00000000fff00000| Complete 

Card table byte_map: [0x00007190ba600000,0x00007190ba800000] _byte_map_base: 0x00007190ba000000

Marking Bits: (CMBitMap*) 0x00007190b4055330
 Bits: [0x00007190b9600000, 0x00007190ba600000)

Polling page: 0x00007190bce74000

Metaspace:

Usage:
  Non-class:     69,16 MB used.
      Class:      8,31 MB used.
       Both:     77,47 MB used.

Virtual space:
  Non-class space:      128,00 MB reserved,      70,06 MB ( 55%) committed,  2 nodes.
      Class space:        1,00 GB reserved,       9,00 MB ( <1%) committed,  1 nodes.
             Both:        1,12 GB reserved,      79,06 MB (  7%) committed. 

Chunk freelists:
   Non-Class:  9,81 MB
       Class:  6,99 MB
        Both:  16,80 MB

MaxMetaspaceSize: unlimited
CompressedClassSpaceSize: 1,00 GB
Initial GC threshold: 21,00 MB
Current GC threshold: 126,69 MB
CDS: on
 - commit_granule_bytes: 65536.
 - commit_granule_words: 8192.
 - virtual_space_node_default_size: 8388608.
 - enlarge_chunks_in_place: 1.
 - use_allocation_guard: 0.


Internal statistics:

num_allocs_failed_limit: 8.
num_arena_births: 1230.
num_arena_deaths: 18.
num_vsnodes_births: 3.
num_vsnodes_deaths: 0.
num_space_committed: 1265.
num_space_uncommitted: 0.
num_chunks_returned_to_freelist: 26.
num_chunks_taken_from_freelist: 4660.
num_chunk_merges: 13.
num_chunk_splits: 2933.
num_chunks_enlarged: 1799.
num_inconsistent_stats: 0.

CodeHeap 'non-profiled nmethods': size=120032Kb used=7086Kb max_used=7086Kb free=112945Kb
 bounds [0x00007190a42c8000, 0x00007190a49b8000, 0x00007190ab800000]
CodeHeap 'profiled nmethods': size=120028Kb used=22455Kb max_used=22455Kb free=97572Kb
 bounds [0x000071909c800000, 0x000071909ddf0000, 0x00007190a3d37000]
CodeHeap 'non-nmethods': size=5700Kb used=1763Kb max_used=1820Kb free=3936Kb
 bounds [0x00007190a3d37000, 0x00007190a3fa7000, 0x00007190a42c8000]
CodeCache: size=245760Kb, used=31304Kb, max_used=31361Kb, free=214453Kb
 total_blobs=10824, nmethods=10024, adapters=703, full_count=0
Compilation: enabled, stopped_count=0, restarted_count=0

Compilation events (20 events):
Event: 106,451 Thread 0x00007190b4118b60 nmethod 11634 0x000071909dddb390 code [0x000071909dddb640, 0x000071909dddca48]
Event: 106,621 Thread 0x00007190b4118b60 11635       3       org.eclipse.lsp4j.jsonrpc.json.adapters.MessageTypeAdapter::writeId (54 bytes)
Event: 106,622 Thread 0x00007190b4117490 11636   !   4       com.google.gson.internal.bind.ReflectiveTypeAdapterFactory$2::write (140 bytes)
Event: 106,622 Thread 0x00007190b4118b60 nmethod 11635 0x000071909dddce10 code [0x000071909dddd080, 0x000071909dddddc8]
Event: 106,622 Thread 0x00007190b4118b60 11637       3       lombok.eclipse.agent.PatchDelegate$EclipseOnlyMethods::getGeneratedMethods (72 bytes)
Event: 106,624 Thread 0x00007190b4118b60 nmethod 11637 0x000071909ddde110 code [0x000071909ddde3e0, 0x000071909dddf930]
Event: 106,625 Thread 0x00007190b4118b60 11638       3       java.lang.Runtime$Version::isSimpleNumber (49 bytes)
Event: 106,626 Thread 0x00007190b4118b60 nmethod 11638 0x000071909dddfe90 code [0x000071909dde00a0, 0x000071909dde0868]
Event: 106,626 Thread 0x00007190b4118b60 11639       3       org.eclipse.jdt.internal.compiler.parser.Parser::consumeOpenBlock (65 bytes)
Event: 106,627 Thread 0x00007190b4118b60 nmethod 11639 0x000071909dde0b90 code [0x000071909dde0d60, 0x000071909dde1148]
Event: 106,628 Thread 0x00007190b4118b60 11640       3       org.eclipse.jdt.internal.compiler.lookup.ReferenceBinding::isSealed (15 bytes)
Event: 106,628 Thread 0x00007190b4118b60 nmethod 11640 0x000071909dde1310 code [0x000071909dde14a0, 0x000071909dde1610]
Event: 106,629 Thread 0x00007190b4118b60 11641       3       org.eclipse.jdt.internal.compiler.parser.Parser::problemReporter (43 bytes)
Event: 106,629 Thread 0x00007190b4118b60 nmethod 11641 0x000071909dde1690 code [0x000071909dde1840, 0x000071909dde1ab0]
Event: 106,629 Thread 0x00007190b4118b60 11642       3       org.eclipse.jdt.internal.compiler.ast.LocalDeclaration::isRecoveredFromLoneIdentifier (61 bytes)
Event: 106,629 Thread 0x00007190b4118b60 nmethod 11642 0x000071909dde1c10 code [0x000071909dde1de0, 0x000071909dde23e0]
Event: 106,633 Thread 0x00007190b4118b60 11644       3       org.eclipse.jdt.internal.compiler.lookup.MethodVerifier15::checkMethods (1164 bytes)
Event: 106,678 Thread 0x00007190b4118b60 nmethod 11644 0x000071909dde2510 code [0x000071909dde2be0, 0x000071909dde80e8]
Event: 106,685 Thread 0x00007190b4118b60 11646       3       org.eclipse.jdt.internal.compiler.problem.ProblemReporter::getIrritant (2856 bytes)
Event: 106,689 Thread 0x00007190b4118b60 nmethod 11646 0x000071909ddea190 code [0x000071909ddea700, 0x000071909ddedce8]

GC Heap History (20 events):
Event: 18,552 GC heap before
{Heap before GC invocations=26 (full 0):
 garbage-first heap   total 96256K, used 86080K [0x00000000c0000000, 0x0000000100000000)
  region size 1024K, 43 young (44032K), 3 survivors (3072K)
 Metaspace       used 61945K, committed 63296K, reserved 1114112K
  class space    used 6536K, committed 7104K, reserved 1048576K
}
Event: 18,576 GC heap after
{Heap after GC invocations=27 (full 0):
 garbage-first heap   total 96256K, used 48408K [0x00000000c0000000, 0x0000000100000000)
  region size 1024K, 6 young (6144K), 6 survivors (6144K)
 Metaspace       used 61945K, committed 63296K, reserved 1114112K
  class space    used 6536K, committed 7104K, reserved 1048576K
}
Event: 50,919 GC heap before
{Heap before GC invocations=27 (full 0):
 garbage-first heap   total 96256K, used 85272K [0x00000000c0000000, 0x0000000100000000)
  region size 1024K, 43 young (44032K), 6 survivors (6144K)
 Metaspace       used 63600K, committed 65024K, reserved 1114112K
  class space    used 6684K, committed 7296K, reserved 1048576K
}
Event: 50,935 GC heap after
{Heap after GC invocations=28 (full 0):
 garbage-first heap   total 96256K, used 50034K [0x00000000c0000000, 0x0000000100000000)
  region size 1024K, 5 young (5120K), 5 survivors (5120K)
 Metaspace       used 63600K, committed 65024K, reserved 1114112K
  class space    used 6684K, committed 7296K, reserved 1048576K
}
Event: 56,684 GC heap before
{Heap before GC invocations=29 (full 0):
 garbage-first heap   total 96256K, used 85874K [0x00000000c0000000, 0x0000000100000000)
  region size 1024K, 41 young (41984K), 5 survivors (5120K)
 Metaspace       used 66193K, committed 67712K, reserved 1114112K
  class space    used 6969K, committed 7616K, reserved 1048576K
}
Event: 56,693 GC heap after
{Heap after GC invocations=30 (full 0):
 garbage-first heap   total 96256K, used 51592K [0x00000000c0000000, 0x0000000100000000)
  region size 1024K, 4 young (4096K), 4 survivors (4096K)
 Metaspace       used 66193K, committed 67712K, reserved 1114112K
  class space    used 6969K, committed 7616K, reserved 1048576K
}
Event: 59,601 GC heap before
{Heap before GC invocations=30 (full 0):
 garbage-first heap   total 96256K, used 87432K [0x00000000c0000000, 0x0000000100000000)
  region size 1024K, 40 young (40960K), 4 survivors (4096K)
 Metaspace       used 72322K, committed 73856K, reserved 1114112K
  class space    used 7691K, committed 8384K, reserved 1048576K
}
Event: 59,623 GC heap after
{Heap after GC invocations=31 (full 0):
 garbage-first heap   total 98304K, used 53622K [0x00000000c0000000, 0x0000000100000000)
  region size 1024K, 5 young (5120K), 5 survivors (5120K)
 Metaspace       used 72322K, committed 73856K, reserved 1114112K
  class space    used 7691K, committed 8384K, reserved 1048576K
}
Event: 81,835 GC heap before
{Heap before GC invocations=31 (full 0):
 garbage-first heap   total 98304K, used 88438K [0x00000000c0000000, 0x0000000100000000)
  region size 1024K, 40 young (40960K), 5 survivors (5120K)
 Metaspace       used 75959K, committed 77568K, reserved 1179648K
  class space    used 8166K, committed 8896K, reserved 1048576K
}
Event: 81,864 GC heap after
{Heap after GC invocations=32 (full 0):
 garbage-first heap   total 98304K, used 54877K [0x00000000c0000000, 0x0000000100000000)
  region size 1024K, 4 young (4096K), 4 survivors (4096K)
 Metaspace       used 75959K, committed 77568K, reserved 1179648K
  class space    used 8166K, committed 8896K, reserved 1048576K
}
Event: 85,879 GC heap before
{Heap before GC invocations=33 (full 0):
 garbage-first heap   total 98304K, used 89693K [0x00000000c0000000, 0x0000000100000000)
  region size 1024K, 39 young (39936K), 4 survivors (4096K)
 Metaspace       used 76412K, committed 77952K, reserved 1179648K
  class space    used 8212K, committed 8896K, reserved 1048576K
}
Event: 85,975 GC heap after
{Heap after GC invocations=34 (full 0):
 garbage-first heap   total 101376K, used 60867K [0x00000000c0000000, 0x0000000100000000)
  region size 1024K, 5 young (5120K), 5 survivors (5120K)
 Metaspace       used 76412K, committed 77952K, reserved 1179648K
  class space    used 8212K, committed 8896K, reserved 1048576K
}
Event: 87,599 GC heap before
{Heap before GC invocations=34 (full 0):
 garbage-first heap   total 101376K, used 88515K [0x00000000c0000000, 0x0000000100000000)
  region size 1024K, 33 young (33792K), 5 survivors (5120K)
 Metaspace       used 77745K, committed 79360K, reserved 1179648K
  class space    used 8393K, committed 9088K, reserved 1048576K
}
Event: 87,608 GC heap after
{Heap after GC invocations=35 (full 0):
 garbage-first heap   total 121856K, used 58122K [0x00000000c0000000, 0x0000000100000000)
  region size 1024K, 2 young (2048K), 2 survivors (2048K)
 Metaspace       used 77745K, committed 79360K, reserved 1179648K
  class space    used 8393K, committed 9088K, reserved 1048576K
}
Event: 96,492 GC heap before
{Heap before GC invocations=35 (full 0):
 garbage-first heap   total 121856K, used 107274K [0x00000000c0000000, 0x0000000100000000)
  region size 1024K, 51 young (52224K), 2 survivors (2048K)
 Metaspace       used 78292K, committed 79872K, reserved 1179648K
  class space    used 8436K, committed 9088K, reserved 1048576K
}
Event: 96,497 GC heap after
{Heap after GC invocations=36 (full 0):
 garbage-first heap   total 121856K, used 57564K [0x00000000c0000000, 0x0000000100000000)
  region size 1024K, 1 young (1024K), 1 survivors (1024K)
 Metaspace       used 78292K, committed 79872K, reserved 1179648K
  class space    used 8436K, committed 9088K, reserved 1048576K
}
Event: 101,620 GC heap before
{Heap before GC invocations=36 (full 0):
 garbage-first heap   total 121856K, used 109788K [0x00000000c0000000, 0x0000000100000000)
  region size 1024K, 53 young (54272K), 1 survivors (1024K)
 Metaspace       used 78880K, committed 80448K, reserved 1179648K
  class space    used 8496K, committed 9152K, reserved 1048576K
}
Event: 101,627 GC heap after
{Heap after GC invocations=37 (full 0):
 garbage-first heap   total 121856K, used 57326K [0x00000000c0000000, 0x0000000100000000)
  region size 1024K, 1 young (1024K), 1 survivors (1024K)
 Metaspace       used 78880K, committed 80448K, reserved 1179648K
  class space    used 8496K, committed 9152K, reserved 1048576K
}
Event: 106,643 GC heap before
{Heap before GC invocations=37 (full 0):
 garbage-first heap   total 121856K, used 111598K [0x00000000c0000000, 0x0000000100000000)
  region size 1024K, 55 young (56320K), 1 survivors (1024K)
 Metaspace       used 79318K, committed 80960K, reserved 1179648K
  class space    used 8504K, committed 9216K, reserved 1048576K
}
Event: 106,658 GC heap after
{Heap after GC invocations=38 (full 0):
 garbage-first heap   total 121856K, used 58196K [0x00000000c0000000, 0x0000000100000000)
  region size 1024K, 2 young (2048K), 2 survivors (2048K)
 Metaspace       used 79318K, committed 80960K, reserved 1179648K
  class space    used 8504K, committed 9216K, reserved 1048576K
}

Dll operation events (11 events):
Event: 0,003 Loaded shared library /usr/lib/jvm/java-21-openjdk-amd64/lib/libjava.so
Event: 0,028 Loaded shared library /usr/lib/jvm/java-21-openjdk-amd64/lib/libjsvml.so
Event: 0,086 Loaded shared library /usr/lib/jvm/java-21-openjdk-amd64/lib/libzip.so
Event: 0,089 Loaded shared library /usr/lib/jvm/java-21-openjdk-amd64/lib/libinstrument.so
Event: 0,092 Loaded shared library /usr/lib/jvm/java-21-openjdk-amd64/lib/libnio.so
Event: 0,095 Loaded shared library /usr/lib/jvm/java-21-openjdk-amd64/lib/libzip.so
Event: 0,114 Loaded shared library /usr/lib/jvm/java-21-openjdk-amd64/lib/libjimage.so
Event: 0,188 Loaded shared library /usr/lib/jvm/java-21-openjdk-amd64/lib/libverify.so
Event: 1,035 Loaded shared library /usr/lib/jvm/java-21-openjdk-amd64/lib/libnet.so
Event: 1,677 Loaded shared library /home/dan/.config/Code/User/globalStorage/redhat.java/1.55.0/config_linux/org.eclipse.equinox.launcher/org.eclipse.equinox.launcher.gtk.linux.x86_64_1.2.1600.v20260613-0559/eclipse_11924.so
Event: 58,777 Loaded shared library /usr/lib/jvm/java-21-openjdk-amd64/lib/libextnet.so

Deoptimization events (20 events):
Event: 104,865 Thread 0x0000718fec280930 Uncommon trap: trap_request=0xffffffbe fr.pc=0x00007190a49949f4 relative=0x0000000000000234
Event: 104,865 Thread 0x0000718fec280930 Uncommon trap: reason=profile_predicate action=maybe_recompile pc=0x00007190a49949f4 method=java.util.TimSort.binarySort([Ljava/lang/Object;IIILjava/util/Comparator;)V @ 34 c2
Event: 104,865 Thread 0x0000718fec280930 DEOPT PACKING pc=0x00007190a49949f4 sp=0x000071908d6fb9d0
Event: 104,865 Thread 0x0000718fec280930 DEOPT UNPACKING pc=0x00007190a3d8af99 sp=0x000071908d6fb8d8 mode 2
Event: 105,159 Thread 0x0000718ff0061550 Uncommon trap: trap_request=0xffffffbe fr.pc=0x00007190a49949f4 relative=0x0000000000000234
Event: 105,159 Thread 0x0000718ff0061550 Uncommon trap: reason=profile_predicate action=maybe_recompile pc=0x00007190a49949f4 method=java.util.TimSort.binarySort([Ljava/lang/Object;IIILjava/util/Comparator;)V @ 34 c2
Event: 105,159 Thread 0x0000718ff0061550 DEOPT PACKING pc=0x00007190a49949f4 sp=0x000071908c8fb220
Event: 105,160 Thread 0x0000718ff0061550 DEOPT UNPACKING pc=0x00007190a3d8af99 sp=0x000071908c8fb128 mode 2
Event: 105,204 Thread 0x00007190b429cd00 Uncommon trap: trap_request=0xffffffd6 fr.pc=0x00007190a4999618 relative=0x0000000000000d98
Event: 105,204 Thread 0x00007190b429cd00 Uncommon trap: reason=array_check action=maybe_recompile pc=0x00007190a4999618 method=com.google.gson.internal.GsonTypes$ParameterizedTypeImpl.<init>(Ljava/lang/reflect/Type;Ljava/lang/Class;[Ljava/lang/reflect/Type;)V @ 136 c2
Event: 105,204 Thread 0x00007190b429cd00 DEOPT PACKING pc=0x00007190a4999618 sp=0x000071908cdfbf50
Event: 105,204 Thread 0x00007190b429cd00 DEOPT UNPACKING pc=0x00007190a3d8af99 sp=0x000071908cdfbe90 mode 2
Event: 105,510 Thread 0x00007190b429cd00 Uncommon trap: trap_request=0xffffffd6 fr.pc=0x00007190a4999618 relative=0x0000000000000d98
Event: 105,510 Thread 0x00007190b429cd00 Uncommon trap: reason=array_check action=maybe_recompile pc=0x00007190a4999618 method=com.google.gson.internal.GsonTypes$ParameterizedTypeImpl.<init>(Ljava/lang/reflect/Type;Ljava/lang/Class;[Ljava/lang/reflect/Type;)V @ 136 c2
Event: 105,510 Thread 0x00007190b429cd00 DEOPT PACKING pc=0x00007190a4999618 sp=0x000071908cdfbf50
Event: 105,510 Thread 0x00007190b429cd00 DEOPT UNPACKING pc=0x00007190a3d8af99 sp=0x000071908cdfbe90 mode 2
Event: 106,017 Thread 0x00007190b429cd00 Uncommon trap: trap_request=0xffffffd6 fr.pc=0x00007190a4999618 relative=0x0000000000000d98
Event: 106,017 Thread 0x00007190b429cd00 Uncommon trap: reason=array_check action=maybe_recompile pc=0x00007190a4999618 method=com.google.gson.internal.GsonTypes$ParameterizedTypeImpl.<init>(Ljava/lang/reflect/Type;Ljava/lang/Class;[Ljava/lang/reflect/Type;)V @ 136 c2
Event: 106,017 Thread 0x00007190b429cd00 DEOPT PACKING pc=0x00007190a4999618 sp=0x000071908cdfbf50
Event: 106,017 Thread 0x00007190b429cd00 DEOPT UNPACKING pc=0x00007190a3d8af99 sp=0x000071908cdfbe90 mode 2

Classes loaded (20 events):
Event: 60,286 Loading class sun/net/www/http/KeepAliveStreamCleaner$2
Event: 60,286 Loading class sun/net/www/http/KeepAliveStreamCleaner$2 done
Event: 60,286 Loading class sun/net/www/protocol/http/HttpURLConnection$HttpInputStream
Event: 60,287 Loading class sun/net/www/protocol/http/HttpURLConnection$HttpInputStream done
Event: 60,389 Loading class sun/net/www/http/KeepAliveCache$1
Event: 60,389 Loading class sun/net/www/http/KeepAliveCache$1 done
Event: 60,390 Loading class sun/net/www/http/KeepAliveCache$ClientVector
Event: 60,390 Loading class sun/net/www/http/KeepAliveCache$ClientVector done
Event: 60,391 Loading class sun/net/www/http/KeepAliveEntry
Event: 60,391 Loading class sun/net/www/http/KeepAliveEntry done
Event: 70,391 Loading class sun/security/ssl/Alert
Event: 70,391 Loading class sun/security/ssl/Alert done
Event: 70,392 Loading class sun/security/ssl/Alert$AlertConsumer
Event: 70,392 Loading class sun/security/ssl/Alert$AlertConsumer done
Event: 70,392 Loading class sun/security/ssl/Alert$Level
Event: 70,392 Loading class sun/security/ssl/Alert$Level done
Event: 81,283 Loading class sun/nio/fs/UnixFileSystem$Flags
Event: 81,283 Loading class sun/nio/fs/UnixFileSystem$Flags done
Event: 81,906 Loading class java/util/LinkedList$LLSpliterator
Event: 81,906 Loading class java/util/LinkedList$LLSpliterator done

Classes unloaded (9 events):
Event: 10,952 Thread 0x00007190b4105c30 Unloading class 0x00007190401abc00 'java/lang/invoke/LambdaForm$MH+0x00007190401abc00'
Event: 10,952 Thread 0x00007190b4105c30 Unloading class 0x00007190401ab800 'java/lang/invoke/LambdaForm$MH+0x00007190401ab800'
Event: 10,952 Thread 0x00007190b4105c30 Unloading class 0x00007190401ab400 'java/lang/invoke/LambdaForm$MH+0x00007190401ab400'
Event: 10,952 Thread 0x00007190b4105c30 Unloading class 0x00007190401ab000 'java/lang/invoke/LambdaForm$MH+0x00007190401ab000'
Event: 10,952 Thread 0x00007190b4105c30 Unloading class 0x00007190401aac00 'java/lang/invoke/LambdaForm$BMH+0x00007190401aac00'
Event: 10,952 Thread 0x00007190b4105c30 Unloading class 0x00007190401aa800 'java/lang/invoke/LambdaForm$DMH+0x00007190401aa800'
Event: 10,952 Thread 0x00007190b4105c30 Unloading class 0x00007190401a9800 'java/lang/invoke/LambdaForm$DMH+0x00007190401a9800'
Event: 82,209 Thread 0x00007190b4105c30 Unloading class 0x00007190406acc00 'java/lang/invoke/LambdaForm$MH+0x00007190406acc00'
Event: 82,209 Thread 0x00007190b4105c30 Unloading class 0x000071904067c400 'java/lang/invoke/LambdaForm$MH+0x000071904067c400'

Classes redefined (0 events):
No events

Internal exceptions (20 events):
Event: 102,202 Thread 0x00007190b429cd00 Exception <a 'java/lang/ArrayIndexOutOfBoundsException'{0x00000000c6b77d60}: Index 173 out of bounds for length 173> (0x00000000c6b77d60) 
thrown [./src/hotspot/share/interpreter/interpreterRuntime.cpp, line 439]
Event: 102,211 Thread 0x00007190b429cd00 Exception <a 'java/lang/ArrayIndexOutOfBoundsException'{0x00000000c6bd9780}: Index 173 out of bounds for length 173> (0x00000000c6bd9780) 
thrown [./src/hotspot/share/interpreter/interpreterRuntime.cpp, line 439]
Event: 102,211 Thread 0x00007190b429cd00 Exception <a 'java/lang/ArrayIndexOutOfBoundsException'{0x00000000c6bd9d58}: Index 174 out of bounds for length 173> (0x00000000c6bd9d58) 
thrown [./src/hotspot/share/interpreter/interpreterRuntime.cpp, line 439]
Event: 103,342 Thread 0x0000718feca93d30 Exception <a 'sun/nio/fs/UnixException'{0x00000000c655c918}> (0x00000000c655c918) 
thrown [./src/hotspot/share/prims/jni.cpp, line 520]
Event: 103,445 Thread 0x0000718feca93d30 Exception <a 'sun/nio/fs/UnixException'{0x00000000c5b30ea0}> (0x00000000c5b30ea0) 
thrown [./src/hotspot/share/prims/jni.cpp, line 520]
Event: 103,721 Thread 0x00007190b429cd00 Exception <a 'java/lang/ArrayIndexOutOfBoundsException'{0x00000000c5899a48}: Index 174 out of bounds for length 174> (0x00000000c5899a48) 
thrown [./src/hotspot/share/interpreter/interpreterRuntime.cpp, line 439]
Event: 103,728 Thread 0x00007190b429cd00 Exception <a 'java/lang/ArrayIndexOutOfBoundsException'{0x00000000c571a668}: Index 174 out of bounds for length 174> (0x00000000c571a668) 
thrown [./src/hotspot/share/interpreter/interpreterRuntime.cpp, line 439]
Event: 103,728 Thread 0x00007190b429cd00 Exception <a 'java/lang/ArrayIndexOutOfBoundsException'{0x00000000c571ac40}: Index 175 out of bounds for length 174> (0x00000000c571ac40) 
thrown [./src/hotspot/share/interpreter/interpreterRuntime.cpp, line 439]
Event: 103,949 Thread 0x00007190b429cd00 Exception <a 'java/lang/ArrayIndexOutOfBoundsException'{0x00000000c55e60b0}> (0x00000000c55e60b0) 
thrown [./src/hotspot/share/runtime/sharedRuntime.cpp, line 625]
Event: 103,955 Thread 0x00007190b429cd00 Exception <a 'java/lang/ArrayIndexOutOfBoundsException'{0x00000000c5447cd8}> (0x00000000c5447cd8) 
thrown [./src/hotspot/share/runtime/sharedRuntime.cpp, line 625]
Event: 103,955 Thread 0x00007190b429cd00 Exception <a 'java/lang/ArrayIndexOutOfBoundsException'{0x00000000c54482b0}> (0x00000000c54482b0) 
thrown [./src/hotspot/share/runtime/sharedRuntime.cpp, line 625]
Event: 104,331 Thread 0x00007190b429cd00 Exception <a 'java/lang/ArrayIndexOutOfBoundsException'{0x00000000c51b8a68}> (0x00000000c51b8a68) 
thrown [./src/hotspot/share/runtime/sharedRuntime.cpp, line 625]
Event: 104,339 Thread 0x00007190b429cd00 Exception <a 'java/lang/ArrayIndexOutOfBoundsException'{0x00000000c501a398}> (0x00000000c501a398) 
thrown [./src/hotspot/share/runtime/sharedRuntime.cpp, line 625]
Event: 104,339 Thread 0x00007190b429cd00 Exception <a 'java/lang/ArrayIndexOutOfBoundsException'{0x00000000c501a970}> (0x00000000c501a970) 
thrown [./src/hotspot/share/runtime/sharedRuntime.cpp, line 625]
Event: 105,984 Thread 0x00007190b429cd00 Exception <a 'java/lang/ArrayIndexOutOfBoundsException'{0x00000000c44aaef8}> (0x00000000c44aaef8) 
thrown [./src/hotspot/share/runtime/sharedRuntime.cpp, line 625]
Event: 105,995 Thread 0x00007190b429cd00 Exception <a 'java/lang/ArrayIndexOutOfBoundsException'{0x00000000c430c8b0}> (0x00000000c430c8b0) 
thrown [./src/hotspot/share/runtime/sharedRuntime.cpp, line 625]
Event: 105,995 Thread 0x00007190b429cd00 Exception <a 'java/lang/ArrayIndexOutOfBoundsException'{0x00000000c430ce88}> (0x00000000c430ce88) 
thrown [./src/hotspot/share/runtime/sharedRuntime.cpp, line 625]
Event: 106,112 Thread 0x00007190b429cd00 Exception <a 'java/lang/ArrayIndexOutOfBoundsException'{0x00000000c4009c58}> (0x00000000c4009c58) 
thrown [./src/hotspot/share/runtime/sharedRuntime.cpp, line 625]
Event: 106,117 Thread 0x00007190b429cd00 Exception <a 'java/lang/ArrayIndexOutOfBoundsException'{0x00000000c406b658}> (0x00000000c406b658) 
thrown [./src/hotspot/share/runtime/sharedRuntime.cpp, line 625]
Event: 106,117 Thread 0x00007190b429cd00 Exception <a 'java/lang/ArrayIndexOutOfBoundsException'{0x00000000c406bc30}> (0x00000000c406bc30) 
thrown [./src/hotspot/share/runtime/sharedRuntime.cpp, line 625]

ZGC Phase Switch (0 events):
No events

VM Operations (20 events):
Event: 99,499 Executing safepoint VM operation: Cleanup
Event: 99,499 Executing safepoint VM operation: Cleanup done
Event: 100,499 Executing safepoint VM operation: Cleanup
Event: 100,499 Executing safepoint VM operation: Cleanup done
Event: 101,499 Executing safepoint VM operation: Cleanup
Event: 101,499 Executing safepoint VM operation: Cleanup done
Event: 101,620 Executing safepoint VM operation: G1CollectForAllocation (G1 Evacuation Pause)
Event: 101,627 Executing safepoint VM operation: G1CollectForAllocation (G1 Evacuation Pause) done
Event: 102,627 Executing safepoint VM operation: Cleanup
Event: 102,627 Executing safepoint VM operation: Cleanup done
Event: 103,628 Executing safepoint VM operation: Cleanup
Event: 103,628 Executing safepoint VM operation: Cleanup done
Event: 104,628 Executing safepoint VM operation: Cleanup
Event: 104,628 Executing safepoint VM operation: Cleanup done
Event: 105,628 Executing safepoint VM operation: Cleanup
Event: 105,628 Executing safepoint VM operation: Cleanup done
Event: 106,629 Executing safepoint VM operation: Cleanup
Event: 106,629 Executing safepoint VM operation: Cleanup done
Event: 106,643 Executing safepoint VM operation: G1CollectForAllocation (G1 Evacuation Pause)
Event: 106,659 Executing safepoint VM operation: G1CollectForAllocation (G1 Evacuation Pause) done

Memory protections (20 events):
Event: 58,948 Protecting memory [0x000071903a900000,0x000071903a904000] with protection modes 0
Event: 59,013 Protecting memory [0x000071903a800000,0x000071903a804000] with protection modes 0
Event: 60,176 Protecting memory [0x000071903a700000,0x000071903a704000] with protection modes 0
Event: 60,390 Protecting memory [0x000071903a700000,0x000071903a704000] with protection modes 0
Event: 60,767 Protecting memory [0x000071903a800000,0x000071903a804000] with protection modes 0
Event: 81,296 Protecting memory [0x000071908d6fe000,0x000071908d702000] with protection modes 0
Event: 81,299 Protecting memory [0x000071908d1fe000,0x000071908d202000] with protection modes 0
Event: 81,429 Protecting memory [0x000071908cffe000,0x000071908d002000] with protection modes 0
Event: 84,765 Protecting memory [0x000071908d6fe000,0x000071908d702000] with protection modes 0
Event: 85,221 Protecting memory [0x000071908d6fe000,0x000071908d702000] with protection modes 0
Event: 85,747 Protecting memory [0x000071908d6fe000,0x000071908d702000] with protection modes 0
Event: 88,471 Protecting memory [0x000071908d6fe000,0x000071908d702000] with protection modes 0
Event: 94,272 Protecting memory [0x000071908d6fe000,0x000071908d702000] with protection modes 0
Event: 96,521 Protecting memory [0x000071908d6fe000,0x000071908d702000] with protection modes 0
Event: 97,050 Protecting memory [0x000071908d6fe000,0x000071908d702000] with protection modes 0
Event: 97,634 Protecting memory [0x000071908d6fe000,0x000071908d702000] with protection modes 0
Event: 99,710 Protecting memory [0x000071908d6fe000,0x000071908d702000] with protection modes 0
Event: 101,457 Protecting memory [0x000071908d6fe000,0x000071908d702000] with protection modes 0
Event: 101,971 Protecting memory [0x000071908d6fe000,0x000071908d702000] with protection modes 0
Event: 103,504 Protecting memory [0x000071908d6fe000,0x000071908d702000] with protection modes 0

Nmethod flushes (20 events):
Event: 82,269 Thread 0x00007190b4105c30 flushing  nmethod 0x000071909d3a4410
Event: 82,269 Thread 0x00007190b4105c30 flushing  nmethod 0x000071909d3a5590
Event: 82,269 Thread 0x00007190b4105c30 flushing  nmethod 0x000071909d3ae790
Event: 82,269 Thread 0x00007190b4105c30 flushing  nmethod 0x000071909d3afd90
Event: 82,269 Thread 0x00007190b4105c30 flushing  nmethod 0x000071909d3b3590
Event: 82,269 Thread 0x00007190b4105c30 flushing  nmethod 0x000071909d3b3990
Event: 82,269 Thread 0x00007190b4105c30 flushing  nmethod 0x000071909d3b6e10
Event: 82,269 Thread 0x00007190b4105c30 flushing  nmethod 0x000071909d3b7490
Event: 82,269 Thread 0x00007190b4105c30 flushing  nmethod 0x000071909d402790
Event: 82,269 Thread 0x00007190b4105c30 flushing  nmethod 0x000071909d404410
Event: 82,269 Thread 0x00007190b4105c30 flushing  nmethod 0x000071909d404a10
Event: 82,269 Thread 0x00007190b4105c30 flushing  nmethod 0x000071909d45b290
Event: 82,269 Thread 0x00007190b4105c30 flushing  nmethod 0x000071909d46a390
Event: 82,269 Thread 0x00007190b4105c30 flushing  nmethod 0x000071909d475e90
Event: 82,269 Thread 0x00007190b4105c30 flushing  nmethod 0x000071909d476410
Event: 82,269 Thread 0x00007190b4105c30 flushing  nmethod 0x000071909d477310
Event: 82,269 Thread 0x00007190b4105c30 flushing  nmethod 0x000071909d53fe90
Event: 82,269 Thread 0x00007190b4105c30 flushing  nmethod 0x000071909d543a90
Event: 82,269 Thread 0x00007190b4105c30 flushing  nmethod 0x000071909d552c90
Event: 82,269 Thread 0x00007190b4105c30 flushing  nmethod 0x000071909d553710

Events (20 events):
Event: 85,747 Thread 0x00007190b4118b60 Thread added: 0x000071901442fec0
Event: 87,609 Thread 0x000071901442fec0 Thread exited: 0x000071901442fec0
Event: 88,471 Thread 0x00007190b4118b60 Thread added: 0x00007190145d91c0
Event: 89,170 Thread 0x00007190145d91c0 Thread exited: 0x00007190145d91c0
Event: 94,272 Thread 0x00007190b4118b60 Thread added: 0x0000719014531cc0
Event: 95,060 Thread 0x0000719014531cc0 Thread exited: 0x0000719014531cc0
Event: 96,519 Thread 0x00007190b4118b60 Thread added: 0x000071901453aae0
Event: 96,779 Thread 0x000071901453aae0 Thread exited: 0x000071901453aae0
Event: 97,050 Thread 0x00007190b4118b60 Thread added: 0x00007190143bddf0
Event: 97,203 Thread 0x00007190143bddf0 Thread exited: 0x00007190143bddf0
Event: 97,632 Thread 0x00007190b4118b60 Thread added: 0x00007190143bf120
Event: 97,916 Thread 0x00007190143bf120 Thread exited: 0x00007190143bf120
Event: 99,710 Thread 0x00007190b4118b60 Thread added: 0x0000719014132f00
Event: 100,300 Thread 0x0000719014132f00 Thread exited: 0x0000719014132f00
Event: 101,457 Thread 0x00007190b4118b60 Thread added: 0x0000719014631090
Event: 101,617 Thread 0x0000719014631090 Thread exited: 0x0000719014631090
Event: 101,971 Thread 0x00007190b4118b60 Thread added: 0x00007190143af130
Event: 102,419 Thread 0x00007190143af130 Thread exited: 0x00007190143af130
Event: 103,504 Thread 0x00007190b4118b60 Thread added: 0x000071901407e580
Event: 103,682 Thread 0x000071901407e580 Thread exited: 0x000071901407e580


Dynamic libraries:
c0000000-c7100000 rw-p 00000000 00:00 0 
c7100000-c7b00000 ---p 00000000 00:00 0 
c7b00000-c7c00000 rw-p 00000000 00:00 0 
c7c00000-ffb00000 ---p 00000000 00:00 0 
ffb00000-ffe00000 rw-p 00000000 00:00 0 
ffe00000-fff0d000 rw-p 00cdb000 08:03 21778994                           /usr/lib/jvm/java-21-openjdk-amd64/lib/server/classes.jsa
fff0d000-100000000 rw-p 00000000 00:00 0 
567081b7a000-567081b7b000 r--p 00000000 08:03 21778769                   /usr/lib/jvm/java-21-openjdk-amd64/bin/java
567081b7b000-567081b7c000 r-xp 00001000 08:03 21778769                   /usr/lib/jvm/java-21-openjdk-amd64/bin/java
567081b7c000-567081b7d000 r--p 00002000 08:03 21778769                   /usr/lib/jvm/java-21-openjdk-amd64/bin/java
567081b7d000-567081b7e000 r--p 00002000 08:03 21778769                   /usr/lib/jvm/java-21-openjdk-amd64/bin/java
567081b7e000-567081b7f000 rw-p 00003000 08:03 21778769                   /usr/lib/jvm/java-21-openjdk-amd64/bin/java
5670ad45d000-5670ad50b000 rw-p 00000000 00:00 0                          [heap]
718fc7000000-718fc7100000 rw-p 00000000 00:00 0 
718fc7100000-718fc71e0000 rw-p 00000000 00:00 0 
718fc71e0000-718fc7200000 ---p 00000000 00:00 0 
718fc7200000-718fc7630000 rw-p 00000000 00:00 0 
718fc7630000-718fcb000000 ---p 00000000 00:00 0 
718fcb800000-718fd3e51000 r--s 00000000 08:03 21778993                   /usr/lib/jvm/java-21-openjdk-amd64/lib/modules
718fd4000000-718fd572b000 rw-p 00000000 00:00 0 
718fd572b000-718fd8000000 ---p 00000000 00:00 0 
718fdc000000-718fdc1c0000 rw-p 00000000 00:00 0 
718fdc1c0000-718fe0000000 ---p 00000000 00:00 0 
718fe0000000-718fe0950000 rw-p 00000000 00:00 0 
718fe0950000-718fe4000000 ---p 00000000 00:00 0 
718fe4000000-718fe4b7b000 rw-p 00000000 00:00 0 
718fe4b7b000-718fe8000000 ---p 00000000 00:00 0 
718fe8000000-718fe90bf000 rw-p 00000000 00:00 0 
718fe90bf000-718fec000000 ---p 00000000 00:00 0 
718fec000000-718fecb91000 rw-p 00000000 00:00 0 
718fecb91000-718ff0000000 ---p 00000000 00:00 0 
718ff0000000-718ff0de9000 rw-p 00000000 00:00 0 
718ff0de9000-718ff4000000 ---p 00000000 00:00 0 
718ff4000000-718ff4030000 rw-p 00000000 00:00 0 
718ff4030000-718ff8000000 ---p 00000000 00:00 0 
718ff8000000-718ff8021000 rw-p 00000000 00:00 0 
718ff8021000-718ffc000000 ---p 00000000 00:00 0 
718ffc000000-718ffc1f5000 rw-p 00000000 00:00 0 
718ffc1f5000-719000000000 ---p 00000000 00:00 0 
719000000000-719000038000 rw-p 00000000 00:00 0 
719000038000-719004000000 ---p 00000000 00:00 0 
719004000000-719004277000 rw-p 00000000 00:00 0 
719004277000-719008000000 ---p 00000000 00:00 0 
719008000000-719008280000 rw-p 00000000 00:00 0 
719008280000-71900c000000 ---p 00000000 00:00 0 
71900c000000-71900c469000 rw-p 00000000 00:00 0 
71900c469000-719010000000 ---p 00000000 00:00 0 
719010000000-719010021000 rw-p 00000000 00:00 0 
719010021000-719014000000 ---p 00000000 00:00 0 
719014000000-719014f14000 rw-p 00000000 00:00 0 
719014f14000-719018000000 ---p 00000000 00:00 0 
719018000000-719018021000 rw-p 00000000 00:00 0 
719018021000-71901c000000 ---p 00000000 00:00 0 
71901c000000-71901c021000 rw-p 00000000 00:00 0 
71901c021000-719020000000 ---p 00000000 00:00 0 
719020000000-719021a21000 rw-p 00000000 00:00 0 
719021a21000-719024000000 ---p 00000000 00:00 0 
719024000000-719024021000 rw-p 00000000 00:00 0 
719024021000-719028000000 ---p 00000000 00:00 0 
719028000000-719028021000 rw-p 00000000 00:00 0 
719028021000-71902c000000 ---p 00000000 00:00 0 
71902c000000-71902c021000 rw-p 00000000 00:00 0 
71902c021000-719030000000 ---p 00000000 00:00 0 
719030000000-719030021000 rw-p 00000000 00:00 0 
719030021000-719034000000 ---p 00000000 00:00 0 
719034000000-719034810000 rw-p 00000000 00:00 0 
719034810000-719038000000 ---p 00000000 00:00 0 
71903a41c000-71903a700000 rw-p 00000000 00:00 0 
71903a700000-71903a704000 ---p 00000000 00:00 0 
71903a704000-71903a800000 rw-p 00000000 00:00 0 
71903a800000-71903a804000 ---p 00000000 00:00 0 
71903a804000-71903a900000 rw-p 00000000 00:00 0 
71903a900000-71903a904000 ---p 00000000 00:00 0 
71903a904000-71903aa00000 rw-p 00000000 00:00 0 
71903aa00000-71903aa04000 ---p 00000000 00:00 0 
71903aa04000-71903ab00000 rw-p 00000000 00:00 0 
71903ab00000-71903ab04000 ---p 00000000 00:00 0 
71903ab04000-71903ac00000 rw-p 00000000 00:00 0 
71903ac00000-71903ac04000 ---p 00000000 00:00 0 
71903ac04000-71903ad00000 rw-p 00000000 00:00 0 
71903ad00000-71903ad04000 ---p 00000000 00:00 0 
71903ad04000-71903ae00000 rw-p 00000000 00:00 0 
71903ae00000-71903ae04000 ---p 00000000 00:00 0 
71903ae04000-71903af00000 rw-p 00000000 00:00 0 
71903af00000-71903af04000 ---p 00000000 00:00 0 
71903af04000-71903b000000 rw-p 00000000 00:00 0 
71903b000000-71903b400000 rw-p 00000000 00:00 0 
71903b400000-71903b700000 rw-p 00000000 00:00 0 
71903b700000-71903b800000 rw-p 00000000 00:00 0 
71903b800000-71903b9c0000 rw-p 00000000 00:00 0 
71903b9c0000-71903bb00000 rw-p 00000000 00:00 0 
71903bb00000-71903c100000 rw-p 00000000 00:00 0 
71903c100000-71903c200000 rw-p 00000000 00:00 0 
71903c200000-71903c980000 rw-p 00000000 00:00 0 
71903c980000-71903ca00000 rw-p 00000000 00:00 0 
71903ca00000-71903cb00000 rw-p 00000000 00:00 0 
71903cb00000-71903cc00000 rw-p 00000000 00:00 0 
71903cc00000-71903d100000 rw-p 00000000 00:00 0 
71903d100000-71903d200000 rw-p 00000000 00:00 0 
71903d200000-71903df80000 rw-p 00000000 00:00 0 
71903df80000-71903e000000 rw-p 00000000 00:00 0 
71903e000000-71903ea00000 rw-p 00000000 00:00 0 
71903ea00000-71903ec00000 rw-p 00000000 00:00 0 
71903ec00000-71903ec80000 rw-p 00000000 00:00 0 
71903ec80000-71903ed00000 rw-p 00000000 00:00 0 
71903ed00000-71903eea0000 rw-p 00000000 00:00 0 
71903eea0000-71903eec0000 rw-p 00000000 00:00 0 
71903eec0000-71903ef00000 rw-p 00000000 00:00 0 
71903ef00000-71903f000000 rw-p 00000000 00:00 0 
71903f000000-71903fc9c000 rw-p 00001000 08:03 21778994                   /usr/lib/jvm/java-21-openjdk-amd64/lib/server/classes.jsa
71903fc9c000-719040000000 ---p 00000000 00:00 0 
719040000000-719040040000 rw-p 00000000 00:00 0 
719040040000-7190400c0000 rw-p 00000000 00:00 0 
7190400c0000-719040100000 rw-p 00000000 00:00 0 
719040100000-7190401e0000 rw-p 00000000 00:00 0 
7190401e0000-719040200000 rw-p 00000000 00:00 0 
719040200000-719040340000 rw-p 00000000 00:00 0 
719040340000-719040380000 rw-p 00000000 00:00 0 
719040380000-7190407c0000 rw-p 00000000 00:00 0 
7190407c0000-719040840000 rw-p 00000000 00:00 0 
719040840000-719040870000 rw-p 00000000 00:00 0 
719040870000-719040880000 ---p 00000000 00:00 0 
719040880000-719040910000 rw-p 00000000 00:00 0 
719040910000-719080000000 ---p 00000000 00:00 0 
719080000000-719081384000 rw-p 00000000 00:00 0 
719081384000-719084000000 ---p 00000000 00:00 0 
719084000000-719084104000 rw-p 00000000 00:00 0 
719084104000-719088000000 ---p 00000000 00:00 0 
719088000000-719089aeb000 rw-p 00000000 00:00 0 
719089aeb000-71908c000000 ---p 00000000 00:00 0 
71908c0fe000-71908c102000 ---p 00000000 00:00 0 
71908c102000-71908c1fe000 rw-p 00000000 00:00 0 
71908c1fe000-71908c202000 ---p 00000000 00:00 0 
71908c202000-71908c2fe000 rw-p 00000000 00:00 0 
71908c2fe000-71908c302000 ---p 00000000 00:00 0 
71908c302000-71908c3fe000 rw-p 00000000 00:00 0 
71908c3fe000-71908c402000 ---p 00000000 00:00 0 
71908c402000-71908c4fe000 rw-p 00000000 00:00 0 
71908c4fe000-71908c502000 ---p 00000000 00:00 0 
71908c502000-71908c5fe000 rw-p 00000000 00:00 0 
71908c5fe000-71908c602000 ---p 00000000 00:00 0 
71908c602000-71908c6fe000 rw-p 00000000 00:00 0 
71908c6fe000-71908c702000 ---p 00000000 00:00 0 
71908c702000-71908c7fe000 rw-p 00000000 00:00 0 
71908c7fe000-71908c802000 ---p 00000000 00:00 0 
71908c802000-71908c8fe000 rw-p 00000000 00:00 0 
71908c8fe000-71908c902000 ---p 00000000 00:00 0 
71908c902000-71908c9fe000 rw-p 00000000 00:00 0 
71908c9fe000-71908ca02000 ---p 00000000 00:00 0 
71908ca02000-71908cafe000 rw-p 00000000 00:00 0 
71908cafe000-71908cb02000 ---p 00000000 00:00 0 
71908cb02000-71908cbfe000 rw-p 00000000 00:00 0 
71908cbfe000-71908cc02000 ---p 00000000 00:00 0 
71908cc02000-71908ccfe000 rw-p 00000000 00:00 0 
71908ccfe000-71908cd02000 ---p 00000000 00:00 0 
71908cd02000-71908cdfe000 rw-p 00000000 00:00 0 
71908cdfe000-71908ce02000 ---p 00000000 00:00 0 
71908ce02000-71908cefe000 rw-p 00000000 00:00 0 
71908cefe000-71908cf02000 ---p 00000000 00:00 0 
71908cf02000-71908cffe000 rw-p 00000000 00:00 0 
71908cffe000-71908d002000 ---p 00000000 00:00 0 
71908d002000-71908d0fe000 rw-p 00000000 00:00 0 
71908d0fe000-71908d102000 ---p 00000000 00:00 0 
71908d102000-71908d1fe000 rw-p 00000000 00:00 0 
71908d1fe000-71908d202000 ---p 00000000 00:00 0 
71908d202000-71908d2fe000 rw-p 00000000 00:00 0 
71908d2fe000-71908d302000 ---p 00000000 00:00 0 
71908d302000-71908d3fe000 rw-p 00000000 00:00 0 
71908d3fe000-71908d402000 ---p 00000000 00:00 0 
71908d402000-71908d4fe000 rw-p 00000000 00:00 0 
71908d4fe000-71908d502000 ---p 00000000 00:00 0 
71908d502000-71908d5fe000 rw-p 00000000 00:00 0 
71908d5fe000-71908d602000 ---p 00000000 00:00 0 
71908d602000-71908d6fe000 rw-p 00000000 00:00 0 
71908d6fe000-71908d702000 ---p 00000000 00:00 0 
71908d702000-71908d7fe000 rw-p 00000000 00:00 0 
71908d7fe000-71908d802000 ---p 00000000 00:00 0 
71908d802000-71908d8fe000 rw-p 00000000 00:00 0 
71908d8fe000-71908d902000 ---p 00000000 00:00 0 
71908d902000-71908d9fe000 rw-p 00000000 00:00 0 
71908d9fe000-71908da02000 ---p 00000000 00:00 0 
71908da02000-71908dafe000 rw-p 00000000 00:00 0 
71908dafe000-71908db02000 ---p 00000000 00:00 0 
71908db02000-71908dbfe000 rw-p 00000000 00:00 0 
71908dbfe000-71908dc02000 ---p 00000000 00:00 0 
71908dc02000-71908dcfe000 rw-p 00000000 00:00 0 
71908dcfe000-71908dd02000 ---p 00000000 00:00 0 
71908dd02000-71908ddfe000 rw-p 00000000 00:00 0 
71908ddfe000-71908ddff000 ---p 00000000 00:00 0 
71908ddff000-71908deff000 rw-p 00000000 00:00 0 
71908deff000-71908df00000 ---p 00000000 00:00 0 
71908df00000-71908e000000 rw-p 00000000 00:00 0 
71908e000000-719090098000 rw-p 00000000 00:00 0 
719090098000-719094000000 ---p 00000000 00:00 0 
719094000000-719094491000 rw-p 00000000 00:00 0 
719094491000-719098000000 ---p 00000000 00:00 0 
719098000000-719099a01000 rw-p 00000000 00:00 0 
719099a01000-71909c000000 ---p 00000000 00:00 0 
71909c02e000-71909c02f000 ---p 00000000 00:00 0 
71909c02f000-71909c12f000 rw-p 00000000 00:00 0 
71909c12f000-71909c133000 ---p 00000000 00:00 0 
71909c133000-71909c22f000 rw-p 00000000 00:00 0 
71909c22f000-71909c233000 ---p 00000000 00:00 0 
71909c233000-71909c32f000 rw-p 00000000 00:00 0 
71909c32f000-71909c333000 ---p 00000000 00:00 0 
71909c333000-71909c42f000 rw-p 00000000 00:00 0 
71909c42f000-71909c434000 r--p 00000000 08:03 21778977                   /usr/lib/jvm/java-21-openjdk-amd64/lib/libjsvml.so
71909c434000-71909c475000 r-xp 00005000 08:03 21778977                   /usr/lib/jvm/java-21-openjdk-amd64/lib/libjsvml.so
71909c475000-71909c4fe000 r--p 00046000 08:03 21778977                   /usr/lib/jvm/java-21-openjdk-amd64/lib/libjsvml.so
71909c4fe000-71909c4ff000 r--p 000ce000 08:03 21778977                   /usr/lib/jvm/java-21-openjdk-amd64/lib/libjsvml.so
71909c4ff000-71909c500000 rw-p 000cf000 08:03 21778977                   /usr/lib/jvm/java-21-openjdk-amd64/lib/libjsvml.so
71909c500000-71909c504000 ---p 00000000 00:00 0 
71909c504000-71909c600000 rw-p 00000000 00:00 0 
71909c600000-71909c604000 ---p 00000000 00:00 0 
71909c604000-71909c700000 rw-p 00000000 00:00 0 
71909c700000-71909c704000 ---p 00000000 00:00 0 
71909c704000-71909c800000 rw-p 00000000 00:00 0 
71909c800000-71909ddf0000 rwxp 00000000 00:00 0 
71909ddf0000-7190a3d37000 ---p 00000000 00:00 0 
7190a3d37000-7190a3fa7000 rwxp 00000000 00:00 0 
7190a3fa7000-7190a42c8000 ---p 00000000 00:00 0 
7190a42c8000-7190a49b8000 rwxp 00000000 00:00 0 
7190a49b8000-7190ab800000 ---p 00000000 00:00 0 
7190ab800000-7190b3e51000 r--s 00000000 08:03 21778993                   /usr/lib/jvm/java-21-openjdk-amd64/lib/modules
7190b3f00000-7190b3f04000 ---p 00000000 00:00 0 
7190b3f04000-7190b4000000 rw-p 00000000 00:00 0 
7190b4000000-7190b44ed000 rw-p 00000000 00:00 0 
7190b44ed000-7190b8004000 ---p 00000000 00:00 0 
7190b8004000-7190b8100000 rw-p 00000000 00:00 0 
7190b8100000-7190b8104000 ---p 00000000 00:00 0 
7190b8104000-7190b8200000 rw-p 00000000 00:00 0 
7190b8200000-7190b89f0000 r--p 00000000 08:03 19530507                   /usr/lib/locale/locale-archive
7190b8a1a000-7190b8a1e000 ---p 00000000 00:00 0 
7190b8a1e000-7190b8b1a000 rw-p 00000000 00:00 0 
7190b8b1a000-7190b8b1b000 ---p 00000000 00:00 0 
7190b8b1b000-7190b8c1b000 rw-p 00000000 00:00 0 
7190b8c1b000-7190b8c1c000 ---p 00000000 00:00 0 
7190b8c1c000-7190b8d1c000 rw-p 00000000 00:00 0 
7190b8d1c000-7190b8df8000 rw-p 00000000 00:00 0 
7190b8df8000-7190b8df9000 ---p 00000000 00:00 0 
7190b8df9000-7190b8ef9000 rw-p 00000000 00:00 0 
7190b8ef9000-7190b8efa000 ---p 00000000 00:00 0 
7190b8efa000-7190b8ffa000 rw-p 00000000 00:00 0 
7190b8ffa000-7190b93fe000 rw-p 00000000 00:00 0 
7190b93fe000-7190b93ff000 ---p 00000000 00:00 0 
7190b93ff000-7190b94ff000 rw-p 00000000 00:00 0 
7190b94ff000-7190b9500000 ---p 00000000 00:00 0 
7190b9500000-7190b9600000 rw-p 00000000 00:00 0 
7190b9600000-7190b97c4000 rw-p 00000000 00:00 0 
7190b97c4000-7190b97ec000 ---p 00000000 00:00 0 
7190b97ec000-7190b97f0000 rw-p 00000000 00:00 0 
7190b97f0000-7190ba5ec000 ---p 00000000 00:00 0 
7190ba5ec000-7190ba639000 rw-p 00000000 00:00 0 
7190ba639000-7190ba63d000 ---p 00000000 00:00 0 
7190ba63d000-7190ba63e000 rw-p 00000000 00:00 0 
7190ba63e000-7190ba7fd000 ---p 00000000 00:00 0 
7190ba7fd000-7190ba839000 rw-p 00000000 00:00 0 
7190ba839000-7190ba83d000 ---p 00000000 00:00 0 
7190ba83d000-7190ba83e000 rw-p 00000000 00:00 0 
7190ba83e000-7190ba9fd000 ---p 00000000 00:00 0 
7190ba9fd000-7190baa00000 rw-p 00000000 00:00 0 
7190baa25000-7190baa26000 ---p 00000000 00:00 0 
7190baa26000-7190bab26000 rw-p 00000000 00:00 0 
7190bab26000-7190baf38000 rw-p 00000000 00:00 0 
7190baf38000-7190bb015000 ---p 00000000 00:00 0 
7190bb015000-7190bb041000 rw-p 00000000 00:00 0 
7190bb041000-7190bb100000 ---p 00000000 00:00 0 
7190bb100000-7190bb104000 ---p 00000000 00:00 0 
7190bb104000-7190bb200000 rw-p 00000000 00:00 0 
7190bb200000-7190bb29d000 r--p 00000000 08:03 19532135                   /usr/lib/x86_64-linux-gnu/libstdc++.so.6.0.33
7190bb29d000-7190bb3e5000 r-xp 0009d000 08:03 19532135                   /usr/lib/x86_64-linux-gnu/libstdc++.so.6.0.33
7190bb3e5000-7190bb46c000 r--p 001e5000 08:03 19532135                   /usr/lib/x86_64-linux-gnu/libstdc++.so.6.0.33
7190bb46c000-7190bb477000 r--p 0026b000 08:03 19532135                   /usr/lib/x86_64-linux-gnu/libstdc++.so.6.0.33
7190bb477000-7190bb47a000 rw-p 00276000 08:03 19532135                   /usr/lib/x86_64-linux-gnu/libstdc++.so.6.0.33
7190bb47a000-7190bb47e000 rw-p 00000000 00:00 0 
7190bb47e000-7190bb47f000 r--p 00000000 08:03 21778963                   /usr/lib/jvm/java-21-openjdk-amd64/lib/libextnet.so
7190bb47f000-7190bb480000 r-xp 00001000 08:03 21778963                   /usr/lib/jvm/java-21-openjdk-amd64/lib/libextnet.so
7190bb480000-7190bb481000 r--p 00002000 08:03 21778963                   /usr/lib/jvm/java-21-openjdk-amd64/lib/libextnet.so
7190bb481000-7190bb482000 r--p 00002000 08:03 21778963                   /usr/lib/jvm/java-21-openjdk-amd64/lib/libextnet.so
7190bb482000-7190bb483000 rw-p 00003000 08:03 21778963                   /usr/lib/jvm/java-21-openjdk-amd64/lib/libextnet.so
7190bb483000-7190bb484000 r--p 00000000 08:03 19544728                   /usr/lib/x86_64-linux-gnu/libnss_mdns4_minimal.so.2
7190bb484000-7190bb486000 r-xp 00001000 08:03 19544728                   /usr/lib/x86_64-linux-gnu/libnss_mdns4_minimal.so.2
7190bb486000-7190bb487000 r--p 00003000 08:03 19544728                   /usr/lib/x86_64-linux-gnu/libnss_mdns4_minimal.so.2
7190bb487000-7190bb488000 r--p 00003000 08:03 19544728                   /usr/lib/x86_64-linux-gnu/libnss_mdns4_minimal.so.2
7190bb488000-7190bb489000 rw-p 00004000 08:03 19544728                   /usr/lib/x86_64-linux-gnu/libnss_mdns4_minimal.so.2
7190bb489000-7190bb48a000 r--p 00000000 08:03 19530192                   /usr/lib/x86_64-linux-gnu/libdl.so.2
7190bb48a000-7190bb48b000 r-xp 00001000 08:03 19530192                   /usr/lib/x86_64-linux-gnu/libdl.so.2
7190bb48b000-7190bb48c000 r--p 00002000 08:03 19530192                   /usr/lib/x86_64-linux-gnu/libdl.so.2
7190bb48c000-7190bb48d000 r--p 00002000 08:03 19530192                   /usr/lib/x86_64-linux-gnu/libdl.so.2
7190bb48d000-7190bb48e000 rw-p 00003000 08:03 19530192                   /usr/lib/x86_64-linux-gnu/libdl.so.2
7190bb48e000-7190bb492000 r--p 00000000 08:03 17046326                   /home/dan/.config/Code/User/globalStorage/redhat.java/1.55.0/config_linux/org.eclipse.equinox.launcher/org.eclipse.equinox.launcher.gtk.linux.x86_64_1.2.1600.v20260613-0559/eclipse_11924.so
7190bb492000-7190bb49c000 r-xp 00004000 08:03 17046326                   /home/dan/.config/Code/User/globalStorage/redhat.java/1.55.0/config_linux/org.eclipse.equinox.launcher/org.eclipse.equinox.launcher.gtk.linux.x86_64_1.2.1600.v20260613-0559/eclipse_11924.so
7190bb49c000-7190bb49f000 r--p 0000e000 08:03 17046326                   /home/dan/.config/Code/User/globalStorage/redhat.java/1.55.0/config_linux/org.eclipse.equinox.launcher/org.eclipse.equinox.launcher.gtk.linux.x86_64_1.2.1600.v20260613-0559/eclipse_11924.so
7190bb49f000-7190bb4a0000 r--p 00010000 08:03 17046326                   /home/dan/.config/Code/User/globalStorage/redhat.java/1.55.0/config_linux/org.eclipse.equinox.launcher/org.eclipse.equinox.launcher.gtk.linux.x86_64_1.2.1600.v20260613-0559/eclipse_11924.so
7190bb4a0000-7190bb4a1000 rw-p 00011000 08:03 17046326                   /home/dan/.config/Code/User/globalStorage/redhat.java/1.55.0/config_linux/org.eclipse.equinox.launcher/org.eclipse.equinox.launcher.gtk.linux.x86_64_1.2.1600.v20260613-0559/eclipse_11924.so
7190bb4a1000-7190bb4a2000 rw-p 00000000 00:00 0 
7190bb4a2000-7190bb4c6000 r--p 00000000 08:03 20982075                   /usr/share/locale-langpack/pt_BR/LC_MESSAGES/libc.mo
7190bb4c6000-7190bb4ca000 r--p 00000000 08:03 21778991                   /usr/lib/jvm/java-21-openjdk-amd64/lib/libverify.so
7190bb4ca000-7190bb4d1000 r-xp 00004000 08:03 21778991                   /usr/lib/jvm/java-21-openjdk-amd64/lib/libverify.so
7190bb4d1000-7190bb4d3000 r--p 0000b000 08:03 21778991                   /usr/lib/jvm/java-21-openjdk-amd64/lib/libverify.so
7190bb4d3000-7190bb4d5000 r--p 0000c000 08:03 21778991                   /usr/lib/jvm/java-21-openjdk-amd64/lib/libverify.so
7190bb4d5000-7190bb4d6000 rw-p 0000e000 08:03 21778991                   /usr/lib/jvm/java-21-openjdk-amd64/lib/libverify.so
7190bb4d6000-7190bb517000 rw-p 00000000 00:00 0 
7190bb517000-7190bb527000 r--p 00000000 08:03 19530215                   /usr/lib/x86_64-linux-gnu/libm.so.6
7190bb527000-7190bb5a6000 r-xp 00010000 08:03 19530215                   /usr/lib/x86_64-linux-gnu/libm.so.6
7190bb5a6000-7190bb5fe000 r--p 0008f000 08:03 19530215                   /usr/lib/x86_64-linux-gnu/libm.so.6
7190bb5fe000-7190bb5ff000 r--p 000e7000 08:03 19530215                   /usr/lib/x86_64-linux-gnu/libm.so.6
7190bb5ff000-7190bb600000 rw-p 000e8000 08:03 19530215                   /usr/lib/x86_64-linux-gnu/libm.so.6
7190bb600000-7190bb8a2000 r--p 00000000 08:03 21778997                   /usr/lib/jvm/java-21-openjdk-amd64/lib/server/libjvm.so
7190bb8a2000-7190bc719000 r-xp 002a2000 08:03 21778997                   /usr/lib/jvm/java-21-openjdk-amd64/lib/server/libjvm.so
7190bc719000-7190bc9f4000 r--p 01119000 08:03 21778997                   /usr/lib/jvm/java-21-openjdk-amd64/lib/server/libjvm.so
7190bc9f4000-7190bcac8000 r--p 013f3000 08:03 21778997                   /usr/lib/jvm/java-21-openjdk-amd64/lib/server/libjvm.so
7190bcac8000-7190bcaf8000 rw-p 014c7000 08:03 21778997                   /usr/lib/jvm/java-21-openjdk-amd64/lib/server/libjvm.so
7190bcaf8000-7190bcb5e000 rw-p 00000000 00:00 0 
7190bcb61000-7190bcb62000 r--p 00000000 08:03 19530555                   /usr/lib/x86_64-linux-gnu/libpthread.so.0
7190bcb62000-7190bcb63000 r-xp 00001000 08:03 19530555                   /usr/lib/x86_64-linux-gnu/libpthread.so.0
7190bcb63000-7190bcb64000 r--p 00002000 08:03 19530555                   /usr/lib/x86_64-linux-gnu/libpthread.so.0
7190bcb64000-7190bcb65000 r--p 00002000 08:03 19530555                   /usr/lib/x86_64-linux-gnu/libpthread.so.0
7190bcb65000-7190bcb66000 rw-p 00003000 08:03 19530555                   /usr/lib/x86_64-linux-gnu/libpthread.so.0
7190bcb66000-7190bcb69000 r--p 00000000 08:03 21778984                   /usr/lib/jvm/java-21-openjdk-amd64/lib/libnet.so
7190bcb69000-7190bcb71000 r-xp 00003000 08:03 21778984                   /usr/lib/jvm/java-21-openjdk-amd64/lib/libnet.so
7190bcb71000-7190bcb73000 r--p 0000b000 08:03 21778984                   /usr/lib/jvm/java-21-openjdk-amd64/lib/libnet.so
7190bcb73000-7190bcb74000 r--p 0000c000 08:03 21778984                   /usr/lib/jvm/java-21-openjdk-amd64/lib/libnet.so
7190bcb74000-7190bcb75000 rw-p 0000d000 08:03 21778984                   /usr/lib/jvm/java-21-openjdk-amd64/lib/libnet.so
7190bcb75000-7190bcb7c000 r--p 00000000 08:03 21778985                   /usr/lib/jvm/java-21-openjdk-amd64/lib/libnio.so
7190bcb7c000-7190bcb85000 r-xp 00007000 08:03 21778985                   /usr/lib/jvm/java-21-openjdk-amd64/lib/libnio.so
7190bcb85000-7190bcb89000 r--p 00010000 08:03 21778985                   /usr/lib/jvm/java-21-openjdk-amd64/lib/libnio.so
7190bcb89000-7190bcb8a000 r--p 00014000 08:03 21778985                   /usr/lib/jvm/java-21-openjdk-amd64/lib/libnio.so
7190bcb8a000-7190bcb8b000 rw-p 00015000 08:03 21778985                   /usr/lib/jvm/java-21-openjdk-amd64/lib/libnio.so
7190bcb8b000-7190bcbae000 rw-p 00000000 00:00 0 
7190bcbae000-7190bcbbb000 r--p 00000000 08:03 21778970                   /usr/lib/jvm/java-21-openjdk-amd64/lib/libjava.so
7190bcbbb000-7190bcbca000 r-xp 0000d000 08:03 21778970                   /usr/lib/jvm/java-21-openjdk-amd64/lib/libjava.so
7190bcbca000-7190bcbcf000 r--p 0001c000 08:03 21778970                   /usr/lib/jvm/java-21-openjdk-amd64/lib/libjava.so
7190bcbcf000-7190bcbd0000 r--p 00021000 08:03 21778970                   /usr/lib/jvm/java-21-openjdk-amd64/lib/libjava.so
7190bcbd0000-7190bcbd1000 rw-p 00022000 08:03 21778970                   /usr/lib/jvm/java-21-openjdk-amd64/lib/libjava.so
7190bcbd1000-7190bcbd2000 rw-p 00000000 00:00 0 
7190bcbd2000-7190bcbd6000 r--p 00000000 08:03 19532130                   /usr/lib/x86_64-linux-gnu/libgcc_s.so.1
7190bcbd6000-7190bcbfa000 r-xp 00004000 08:03 19532130                   /usr/lib/x86_64-linux-gnu/libgcc_s.so.1
7190bcbfa000-7190bcbfe000 r--p 00028000 08:03 19532130                   /usr/lib/x86_64-linux-gnu/libgcc_s.so.1
7190bcbfe000-7190bcbff000 r--p 0002b000 08:03 19532130                   /usr/lib/x86_64-linux-gnu/libgcc_s.so.1
7190bcbff000-7190bcc00000 rw-p 0002c000 08:03 19532130                   /usr/lib/x86_64-linux-gnu/libgcc_s.so.1
7190bcc00000-7190bcc28000 r--p 00000000 08:03 19530058                   /usr/lib/x86_64-linux-gnu/libc.so.6
7190bcc28000-7190bcdb0000 r-xp 00028000 08:03 19530058                   /usr/lib/x86_64-linux-gnu/libc.so.6
7190bcdb0000-7190bcdff000 r--p 001b0000 08:03 19530058                   /usr/lib/x86_64-linux-gnu/libc.so.6
7190bcdff000-7190bce03000 r--p 001fe000 08:03 19530058                   /usr/lib/x86_64-linux-gnu/libc.so.6
7190bce03000-7190bce05000 rw-p 00202000 08:03 19530058                   /usr/lib/x86_64-linux-gnu/libc.so.6
7190bce05000-7190bce12000 rw-p 00000000 00:00 0 
7190bce12000-7190bce19000 r--s 00000000 08:03 19679675                   /usr/lib/x86_64-linux-gnu/gconv/gconv-modules.cache
7190bce19000-7190bce1b000 r--p 00000000 08:03 21778992                   /usr/lib/jvm/java-21-openjdk-amd64/lib/libzip.so
7190bce1b000-7190bce20000 r-xp 00002000 08:03 21778992                   /usr/lib/jvm/java-21-openjdk-amd64/lib/libzip.so
7190bce20000-7190bce22000 r--p 00007000 08:03 21778992                   /usr/lib/jvm/java-21-openjdk-amd64/lib/libzip.so
7190bce22000-7190bce23000 r--p 00008000 08:03 21778992                   /usr/lib/jvm/java-21-openjdk-amd64/lib/libzip.so
7190bce23000-7190bce24000 rw-p 00009000 08:03 21778992                   /usr/lib/jvm/java-21-openjdk-amd64/lib/libzip.so
7190bce24000-7190bce29000 rw-p 00000000 00:00 0 
7190bce29000-7190bce30000 ---p 00000000 00:00 0 
7190bce30000-7190bce32000 r--p 00000000 08:03 21778965                   /usr/lib/jvm/java-21-openjdk-amd64/lib/libinstrument.so
7190bce32000-7190bce38000 r-xp 00002000 08:03 21778965                   /usr/lib/jvm/java-21-openjdk-amd64/lib/libinstrument.so
7190bce38000-7190bce3b000 r--p 00008000 08:03 21778965                   /usr/lib/jvm/java-21-openjdk-amd64/lib/libinstrument.so
7190bce3b000-7190bce3c000 r--p 0000a000 08:03 21778965                   /usr/lib/jvm/java-21-openjdk-amd64/lib/libinstrument.so
7190bce3c000-7190bce3d000 rw-p 0000b000 08:03 21778965                   /usr/lib/jvm/java-21-openjdk-amd64/lib/libinstrument.so
7190bce3d000-7190bce3f000 rw-p 00000000 00:00 0 
7190bce3f000-7190bce41000 r--p 00000000 08:03 21778974                   /usr/lib/jvm/java-21-openjdk-amd64/lib/libjli.so
7190bce41000-7190bce4b000 r-xp 00002000 08:03 21778974                   /usr/lib/jvm/java-21-openjdk-amd64/lib/libjli.so
7190bce4b000-7190bce4e000 r--p 0000c000 08:03 21778974                   /usr/lib/jvm/java-21-openjdk-amd64/lib/libjli.so
7190bce4e000-7190bce4f000 r--p 0000f000 08:03 21778974                   /usr/lib/jvm/java-21-openjdk-amd64/lib/libjli.so
7190bce4f000-7190bce50000 rw-p 00010000 08:03 21778974                   /usr/lib/jvm/java-21-openjdk-amd64/lib/libjli.so
7190bce50000-7190bce52000 r--p 00000000 08:03 19545410                   /usr/lib/x86_64-linux-gnu/libz.so.1.3
7190bce52000-7190bce64000 r-xp 00002000 08:03 19545410                   /usr/lib/x86_64-linux-gnu/libz.so.1.3
7190bce64000-7190bce6a000 r--p 00014000 08:03 19545410                   /usr/lib/x86_64-linux-gnu/libz.so.1.3
7190bce6a000-7190bce6b000 r--p 0001a000 08:03 19545410                   /usr/lib/x86_64-linux-gnu/libz.so.1.3
7190bce6b000-7190bce6c000 rw-p 0001b000 08:03 19545410                   /usr/lib/x86_64-linux-gnu/libz.so.1.3
7190bce6c000-7190bce74000 rw-s 00000000 08:03 28311578                   /tmp/hsperfdata_dan/29605
7190bce74000-7190bce75000 ---p 00000000 00:00 0 
7190bce75000-7190bce76000 r--p 00000000 00:00 0 
7190bce76000-7190bce77000 ---p 00000000 00:00 0 
7190bce77000-7190bce79000 r--p 00000000 08:03 21778973                   /usr/lib/jvm/java-21-openjdk-amd64/lib/libjimage.so
7190bce79000-7190bce7c000 r-xp 00002000 08:03 21778973                   /usr/lib/jvm/java-21-openjdk-amd64/lib/libjimage.so
7190bce7c000-7190bce7d000 r--p 00005000 08:03 21778973                   /usr/lib/jvm/java-21-openjdk-amd64/lib/libjimage.so
7190bce7d000-7190bce7e000 r--p 00006000 08:03 21778973                   /usr/lib/jvm/java-21-openjdk-amd64/lib/libjimage.so
7190bce7e000-7190bce7f000 rw-p 00007000 08:03 21778973                   /usr/lib/jvm/java-21-openjdk-amd64/lib/libjimage.so
7190bce7f000-7190bce81000 rw-p 00000000 00:00 0 
7190bce81000-7190bce85000 r--p 00000000 00:00 0                          [vvar]
7190bce85000-7190bce87000 r--p 00000000 00:00 0                          [vvar_vclock]
7190bce87000-7190bce89000 r-xp 00000000 00:00 0                          [vdso]
7190bce89000-7190bce8a000 r--p 00000000 08:03 19529759                   /usr/lib/x86_64-linux-gnu/ld-linux-x86-64.so.2
7190bce8a000-7190bceb5000 r-xp 00001000 08:03 19529759                   /usr/lib/x86_64-linux-gnu/ld-linux-x86-64.so.2
7190bceb5000-7190bcebf000 r--p 0002c000 08:03 19529759                   /usr/lib/x86_64-linux-gnu/ld-linux-x86-64.so.2
7190bcebf000-7190bcec1000 r--p 00036000 08:03 19529759                   /usr/lib/x86_64-linux-gnu/ld-linux-x86-64.so.2
7190bcec1000-7190bcec3000 rw-p 00038000 08:03 19529759                   /usr/lib/x86_64-linux-gnu/ld-linux-x86-64.so.2
7ffde0367000-7ffde0389000 rw-p 00000000 00:00 0                          [stack]
ffffffffff600000-ffffffffff601000 --xp 00000000 00:00 0                  [vsyscall]
Total number of mappings: 391

JVMTI agents:
/home/dan/.vscode/extensions/redhat.java-1.55.0-linux-x64/lombok/lombok-1.18.39-4050.jar path:none, loaded, initialized, instrumentlib options:none


VM Arguments:
jvm_args: --add-modules=ALL-SYSTEM --add-opens=java.base/java.util=ALL-UNNAMED --add-opens=java.base/java.lang=ALL-UNNAMED --add-opens=java.base/sun.nio.fs=ALL-UNNAMED -Declipse.application=org.eclipse.jdt.ls.core.id1 -Dosgi.bundles.defaultStartLevel=4 -Declipse.product=org.eclipse.jdt.ls.core.product -Djava.import.generatesMetadataFilesAtProjectRoot=false -DDetectVMInstallationsJob.disabled=true -Dfile.encoding=utf8 -Xlog:disable -Xmx1G -javaagent:/home/dan/.vscode/extensions/redhat.java-1.55.0-linux-x64/lombok/lombok-1.18.39-4050.jar -XX:+HeapDumpOnOutOfMemoryError -XX:HeapDumpPath=/home/dan/.config/Code/User/workspaceStorage/3e564cfedea14a04fad4b011b1314378/redhat.java -Daether.dependencyCollector.impl=bf 
java_command: /home/dan/.vscode/extensions/redhat.java-1.55.0-linux-x64/server/plugins/org.eclipse.equinox.launcher_1.7.200.v20260619-2039.jar -configuration /home/dan/.config/Code/User/globalStorage/redhat.java/1.55.0/config_linux -data /home/dan/.config/Code/User/workspaceStorage/3e564cfedea14a04fad4b011b1314378/redhat.java/jdt_ws --pipe=/run/user/1000/lsp-7080b861c9999423b09220f9f67cd467.sock
java_class_path (initial): /home/dan/.vscode/extensions/redhat.java-1.55.0-linux-x64/server/plugins/org.eclipse.equinox.launcher_1.7.200.v20260619-2039.jar
Launcher Type: SUN_STANDARD

[Global flags]
     intx CICompilerCount                          = 3                                         {product} {ergonomic}
     uint ConcGCThreads                            = 1                                         {product} {ergonomic}
     uint G1ConcRefinementThreads                  = 4                                         {product} {ergonomic}
   size_t G1HeapRegionSize                         = 1048576                                   {product} {ergonomic}
    uintx GCDrainStackTargetSize                   = 64                                        {product} {ergonomic}
     bool HeapDumpOnOutOfMemoryError               = true                                   {manageable} {command line}
    ccstr HeapDumpPath                             = /home/dan/.config/Code/User/workspaceStorage/3e564cfedea14a04fad4b011b1314378/redhat.java         {manageable} {command line}
   size_t InitialHeapSize                          = 130023424                                 {product} {ergonomic}
   size_t MarkStackSize                            = 4194304                                   {product} {ergonomic}
   size_t MaxHeapSize                              = 1073741824                                {product} {command line}
   size_t MaxNewSize                               = 643825664                                 {product} {ergonomic}
   size_t MinHeapDeltaBytes                        = 1048576                                   {product} {ergonomic}
   size_t MinHeapSize                              = 8388608                                   {product} {ergonomic}
    uintx NonNMethodCodeHeapSize                   = 5832780                                {pd product} {ergonomic}
    uintx NonProfiledCodeHeapSize                  = 122912730                              {pd product} {ergonomic}
    uintx ProfiledCodeHeapSize                     = 122912730                              {pd product} {ergonomic}
    uintx ReservedCodeCacheSize                    = 251658240                              {pd product} {ergonomic}
     bool SegmentedCodeCache                       = true                                      {product} {ergonomic}
   size_t SoftMaxHeapSize                          = 1073741824                             {manageable} {ergonomic}
     bool UseCompressedOops                        = true                           {product lp64_product} {ergonomic}
     bool UseG1GC                                  = true                                      {product} {ergonomic}

Logging:
Log output configuration:
 #0: stdout all=off uptime,level,tags foldmultilines=false
 #1: stderr all=off uptime,level,tags foldmultilines=false

Release file:
IMPLEMENTOR="Ubuntu"
JAVA_RUNTIME_VERSION="21.0.11+10-1-24.04.2-Ubuntu"
JAVA_VERSION="21.0.11"
JAVA_VERSION_DATE="2026-04-21"
LIBC="gnu"
MODULES="java.base java.compiler java.datatransfer java.xml java.prefs java.desktop java.instrument java.logging java.management java.security.sasl java.naming java.rmi java.management.rmi java.net.http java.scripting java.security.jgss java.transaction.xa java.sql java.sql.rowset java.xml.crypto java.se java.smartcardio jdk.accessibility jdk.internal.jvmstat jdk.attach jdk.charsets jdk.internal.opt jdk.zipfs jdk.compiler jdk.crypto.ec jdk.crypto.cryptoki jdk.dynalink jdk.internal.ed jdk.editpad jdk.hotspot.agent jdk.httpserver jdk.incubator.vector jdk.internal.le jdk.internal.vm.ci jdk.internal.vm.compiler jdk.internal.vm.compiler.management jdk.jartool jdk.javadoc jdk.jcmd jdk.management jdk.management.agent jdk.jconsole jdk.jdeps jdk.jdwp.agent jdk.jdi jdk.jfr jdk.jlink jdk.jpackage jdk.jshell jdk.jsobject jdk.jstatd jdk.localedata jdk.management.jfr jdk.naming.dns jdk.naming.rmi jdk.net jdk.nio.mapmode jdk.random jdk.sctp jdk.security.auth jdk.security.jgss jdk.unsupported jdk.unsupported.desktop jdk.xml.dom"
OS_ARCH="x86_64"
OS_NAME="Linux"
SOURCE=""

Environment Variables:
PATH=/home/dan/.local/bin:/home/dan/.local/bin:/usr/local/sbin:/usr/local/bin:/usr/sbin:/usr/bin:/sbin:/bin:/usr/games:/usr/local/games:/snap/bin
SHELL=/bin/bash
DISPLAY=:0
LANG=pt_BR.UTF-8
LC_NUMERIC=es_AR.UTF-8

Active Locale:
LC_ALL=LC_CTYPE=pt_BR.UTF-8;LC_NUMERIC=es_AR.UTF-8;LC_TIME=pt_BR.UTF-8;LC_COLLATE=pt_BR.UTF-8;LC_MONETARY=es_AR.UTF-8;LC_MESSAGES=pt_BR.UTF-8;LC_PAPER=es_AR.UTF-8;LC_NAME=es_AR.UTF-8;LC_ADDRESS=es_AR.UTF-8;LC_TELEPHONE=es_AR.UTF-8;LC_MEASUREMENT=es_AR.UTF-8;LC_IDENTIFICATION=es_AR.UTF-8
LC_COLLATE=pt_BR.UTF-8
LC_CTYPE=pt_BR.UTF-8
LC_MESSAGES=pt_BR.UTF-8
LC_MONETARY=es_AR.UTF-8
LC_NUMERIC=es_AR.UTF-8
LC_TIME=pt_BR.UTF-8

Signal Handlers:
   SIGSEGV: crash_handler in libjvm.so, mask=11100100010111111101111111111110, flags=SA_RESTART|SA_SIGINFO, unblocked
    SIGBUS: crash_handler in libjvm.so, mask=11100100010111111101111111111110, flags=SA_RESTART|SA_SIGINFO, unblocked
    SIGFPE: crash_handler in libjvm.so, mask=11100100010111111101111111111110, flags=SA_RESTART|SA_SIGINFO, unblocked
   SIGPIPE: javaSignalHandler in libjvm.so, mask=11100100010111111101111111111110, flags=SA_RESTART|SA_SIGINFO, blocked
   SIGXFSZ: javaSignalHandler in libjvm.so, mask=11100100010111111101111111111110, flags=SA_RESTART|SA_SIGINFO, blocked
    SIGILL: crash_handler in libjvm.so, mask=11100100010111111101111111111110, flags=SA_RESTART|SA_SIGINFO, unblocked
   SIGUSR2: SR_handler in libjvm.so, mask=00000000000000000000000000000000, flags=SA_RESTART|SA_SIGINFO, blocked
    SIGHUP: UserHandler in libjvm.so, mask=11100100010111111101111111111110, flags=SA_RESTART|SA_SIGINFO, blocked
    SIGINT: UserHandler in libjvm.so, mask=11100100010111111101111111111110, flags=SA_RESTART|SA_SIGINFO, blocked
   SIGTERM: UserHandler in libjvm.so, mask=11100100010111111101111111111110, flags=SA_RESTART|SA_SIGINFO, blocked
   SIGQUIT: UserHandler in libjvm.so, mask=11100100010111111101111111111110, flags=SA_RESTART|SA_SIGINFO, blocked
   SIGTRAP: crash_handler in libjvm.so, mask=11100100010111111101111111111110, flags=SA_RESTART|SA_SIGINFO, unblocked


Periodic native trim disabled

---------------  S Y S T E M  ---------------

OS:
DISTRIB_ID=LinuxMint
DISTRIB_RELEASE=22.3
DISTRIB_CODENAME=zena
DISTRIB_DESCRIPTION="Linux Mint 22.3 Zena"
uname: Linux 7.0.0-30-generic #30~24.04.1-Ubuntu SMP PREEMPT_DYNAMIC Fri Aug  7 13:27:52 UTC 2 x86_64
OS uptime: 0 days 5:46 hours
libc: glibc 2.39 NPTL 2.39 
rlimit (soft/hard): STACK 8192k/infinity , CORE 0k/infinity , NPROC 25918/25918 , NOFILE 1048576/1048576 , AS infinity/infinity , CPU infinity/infinity , DATA infinity/infinity , FSIZE infinity/infinity , MEMLOCK 1000960k/1000960k
load average: 7,84 6,84 6,05

/proc/meminfo:
MemTotal:        8007708 kB
MemFree:          911836 kB
MemAvailable:    3427180 kB
Buffers:           34308 kB
Cached:          2984920 kB
SwapCached:          312 kB
Active:          3060684 kB
Inactive:        3300912 kB
Active(anon):    2297332 kB
Inactive(anon):  1498532 kB
Active(file):     763352 kB
Inactive(file):  1802380 kB
Unevictable:      130052 kB
Mlocked:             296 kB
SwapTotal:       4194300 kB
SwapFree:        4190100 kB
Zswap:                 0 kB
Zswapped:              0 kB
Dirty:              2088 kB
Writeback:             0 kB
AnonPages:       3472364 kB
Mapped:           903288 kB
Shmem:            453496 kB
KReclaimable:     255180 kB
Slab:             397808 kB
SReclaimable:     255180 kB
SUnreclaim:       142628 kB
KernelStack:       18640 kB
PageTables:        52816 kB
SecPageTables:         0 kB
NFS_Unstable:          0 kB
Bounce:                0 kB
WritebackTmp:          0 kB
CommitLimit:     8198152 kB
Committed_AS:   15200128 kB
VmallocTotal:   34359738367 kB
VmallocUsed:       52956 kB
VmallocChunk:          0 kB
Percpu:             2896 kB
HardwareCorrupted:     0 kB
AnonHugePages:         0 kB
ShmemHugePages:        0 kB
ShmemPmdMapped:        0 kB
FileHugePages:    100352 kB
FilePmdMapped:         0 kB
CmaTotal:              0 kB
CmaFree:           16692 kB
Unaccepted:            0 kB
Balloon:               0 kB
HugePages_Total:       0
HugePages_Free:        0
HugePages_Rsvd:        0
HugePages_Surp:        0
Hugepagesize:       2048 kB
Hugetlb:               0 kB
DirectMap4k:      162996 kB
DirectMap2M:     8105984 kB

/sys/kernel/mm/transparent_hugepage/enabled: always [madvise] never
/sys/kernel/mm/transparent_hugepage/hpage_pmd_size: 2097152
/sys/kernel/mm/transparent_hugepage/defrag (defrag/compaction efforts parameter): always defer defer+madvise [madvise] never

Process Memory:
Virtual Size: 4963968K (peak: 4976224K)
Resident Set Size: 496916K (peak: 497908K) (anon: 461556K, file: 35360K, shmem: 0K)
Swapped out: 0K
C-Heap outstanding allocations: 61529K, retained: 162158K
glibc malloc tunables: (default)

/proc/sys/kernel/threads-max (system-wide limit on the number of threads): 51836
/proc/sys/vm/max_map_count (maximum number of memory map areas a process may have): 1048576
/proc/sys/vm/swappiness (control to define how aggressively the kernel swaps out anonymous memory): 10
/proc/sys/kernel/pid_max (system-wide limit on number of process identifiers): 4194304

container information not found.
Steal ticks since vm start: 0
Steal ticks percentage since vm start:  0,000

CPU: total 4 (initial active 4) (2 cores per cpu, 2 threads per core) family 6 model 58 stepping 9 microcode 0x21, cx8, cmov, fxsr, ht, mmx, sse, sse2, sse3, ssse3, sse4.1, sse4.2, popcnt, tsc, tscinvbit, avx, aes, erms, clmul, vzeroupper, clflush, rdtscp, f16c
CPU Model and flags from /proc/cpuinfo:
model name	: Intel(R) Core(TM) i5-3230M CPU @ 2.60GHz
flags		: fpu vme de pse tsc msr pae mce cx8 apic sep mtrr pge mca cmov pat pse36 clflush dts acpi mmx fxsr sse sse2 ss ht tm pbe syscall nx rdtscp lm constant_tsc arch_perfmon pebs bts rep_good nopl xtopology nonstop_tsc cpuid aperfmperf pni pclmulqdq dtes64 monitor ds_cpl est tm2 ssse3 cx16 xtpr pdcm pcid sse4_1 sse4_2 x2apic popcnt tsc_deadline_timer aes xsave avx f16c rdrand lahf_lm cpuid_fault epb pti ssbd ibrs ibpb stibp fsgsbase smep erms xsaveopt dtherm ida arat pln pts md_clear flush_l1d

Online cpus: 0-3
Offline cpus: 
BIOS frequency limitation: <Not Available>
Frequency switch latency (ns): 20000
Available cpu frequencies: <Not Available>
Current governor: schedutil
Core performance/turbo boost: <Not Available>

Memory: 4k page, physical 8007708k(3427180k free), swap 4194300k(4190100k free)
Page Sizes: 4k

vm_info: OpenJDK 64-Bit Server VM (21.0.11+10-1-24.04.2-Ubuntu) for linux-amd64 JRE (21.0.11+10-1-24.04.2-Ubuntu), built on 2026-04-26T09:33:23Z by "buildd" with gcc 13.3.0

END.
